time,open,high,low,close,volume
1777356000,6.23e-06,6.25e-06,6.17e-06,6.19e-06,14751982362.0
1777359600,6.18e-06,6.18e-06,6.13e-06,6.17e-06,17673167229.0
1777363200,6.17e-06,6.22e-06,6.15e-06,6.2e-06,7235515309.0
1777366800,6.2e-06,6.2e-06,6.15e-06,6.17e-06,3424820454.0
1777370400,6.18e-06,6.19e-06,6.16e-06,6.18e-06,3136878154.0
1777374000,6.19e-06,6.19e-06,6.13e-06,6.14e-06,2512294261.0
1777377600,6.13e-06,6.16e-06,6.12e-06,6.15e-06,9044331308.0
1777381200,6.16e-06,6.19e-06,6.11e-06,6.16e-06,20499184007.0
1777384800,6.15e-06,6.18e-06,6.11e-06,6.18e-06,22996876497.0
1777388400,6.19e-06,6.23e-06,6.19e-06,6.23e-06,20385267764.0
1777392000,6.23e-06,6.24e-06,6.18e-06,6.2e-06,9495292122.0
1777395600,6.19e-06,6.24e-06,6.18e-06,6.22e-06,24482095730.0
1777399200,6.22e-06,6.26e-06,6.21e-06,6.26e-06,29096364740.0
1777402800,6.26e-06,6.29e-06,6.25e-06,6.27e-06,15023294698.0
1777406400,6.27e-06,6.27e-06,6.24e-06,6.25e-06,3858444461.0
1777410000,6.25e-06,6.28e-06,6.23e-06,6.24e-06,8309392978.0
1777413600,6.24e-06,6.26e-06,6.23e-06,6.23e-06,5759918766.0
1777417200,6.23e-06,6.24e-06,6.2e-06,6.23e-06,10806750109.0
1777420800,6.23e-06,6.27e-06,6.21e-06,6.25e-06,18288256551.0
1777424400,6.26e-06,6.27e-06,6.24e-06,6.27e-06,32226276895.0
1777428000,6.27e-06,6.29e-06,6.24e-06,6.28e-06,8474447638.0
1777431600,6.28e-06,6.31e-06,6.26e-06,6.29e-06,29369229694.0
1777435200,6.3e-06,6.36e-06,6.29e-06,6.34e-06,29444477223.0
1777438800,6.34e-06,6.35e-06,6.32e-06,6.34e-06,10451051321.0
1777442400,6.34e-06,6.34e-06,6.29e-06,6.29e-06,25655684549.0
1777446000,6.28e-06,6.34e-06,6.28e-06,6.32e-06,8000993558.0
1777449600,6.32e-06,6.34e-06,6.3e-06,6.31e-06,8713339971.0
1777453200,6.31e-06,6.49e-06,6.3e-06,6.49e-06,41904508950.0
1777456800,6.5e-06,6.53e-06,6.46e-06,6.48e-06,50495301876.0
1777460400,6.49e-06,6.49e-06,6.44e-06,6.47e-06,28497121047.0
1777464000,6.46e-06,6.47e-06,6.32e-06,6.35e-06,27715049416.0
1777467600,6.36e-06,6.37e-06,6.24e-06,6.3e-06,44286131076.0
1777471200,6.3e-06,6.3e-06,6.23e-06,6.24e-06,28894795792.0
1777474800,6.24e-06,6.25e-06,6.12e-06,6.12e-06,31818285125.0
1777478400,6.13e-06,6.18e-06,6.12e-06,6.15e-06,37968211157.0
1777482000,6.15e-06,6.19e-06,6.14e-06,6.19e-06,9067020329.0
1777485600,6.2e-06,6.2e-06,5.97e-06,6.08e-06,76152694259.0
1777489200,6.08e-06,6.09e-06,6.02e-06,6.07e-06,18634208224.0
1777492800,6.07e-06,6.13e-06,6.07e-06,6.12e-06,10375191520.0
1777496400,6.12e-06,6.18e-06,6.11e-06,6.15e-06,18147767757.0
1777500000,6.15e-06,6.17e-06,6.14e-06,6.15e-06,4507129635.0
1777503600,6.16e-06,6.19e-06,6.14e-06,6.18e-06,4650614529.0
1777507200,6.18e-06,6.29e-06,6.17e-06,6.27e-06,17627477798.0
1777510800,6.28e-06,6.3e-06,6.24e-06,6.28e-06,46435171086.0
1777514400,6.28e-06,6.29e-06,6.15e-06,6.18e-06,23792922036.0
1777518000,6.18e-06,6.23e-06,6.17e-06,6.18e-06,5321334027.0
1777521600,6.18e-06,6.19e-06,6.11e-06,6.11e-06,8144756408.0
1777525200,6.12e-06,6.15e-06,6.08e-06,6.12e-06,5531475588.0
1777528800,6.12e-06,6.16e-06,6.12e-06,6.16e-06,11395502071.0
1777532400,6.16e-06,6.2e-06,6.15e-06,6.19e-06,9109501998.0
1777536000,6.19e-06,6.23e-06,6.18e-06,6.22e-06,9886747136.0
1777539600,6.23e-06,6.29e-06,6.22e-06,6.28e-06,16326734073.0
1777543200,6.27e-06,6.29e-06,6.23e-06,6.24e-06,6403203416.0
1777546800,6.23e-06,6.28e-06,6.2e-06,6.25e-06,7283381032.0
1777550400,6.26e-06,6.28e-06,6.22e-06,6.23e-06,14668059744.0
1777554000,6.22e-06,6.25e-06,6.21e-06,6.23e-06,7179820965.0
1777557600,6.23e-06,6.24e-06,6.19e-06,6.22e-06,7512961547.0
1777561200,6.2e-06,6.27e-06,6.19e-06,6.25e-06,7837680156.0
1777564800,6.25e-06,6.27e-06,6.21e-06,6.22e-06,4330200003.0
1777568400,6.21e-06,6.23e-06,6.19e-06,6.22e-06,2780023560.0
1777572000,6.23e-06,6.24e-06,6.21e-06,6.21e-06,7428893694.0
1777575600,6.21e-06,6.23e-06,6.19e-06,6.19e-06,8933768398.0
1777579200,6.19e-06,6.19e-06,6.17e-06,6.17e-06,22122548042.0
1777582800,6.17e-06,6.18e-06,6.13e-06,6.14e-06,14433913201.0
1777586400,6.14e-06,6.15e-06,6.12e-06,6.13e-06,7211854946.0
1777590000,6.13e-06,6.17e-06,6.12e-06,6.15e-06,4394425771.0
1777593600,6.16e-06,6.21e-06,6.16e-06,6.16e-06,15922281705.0
1777597200,6.18e-06,6.24e-06,6.18e-06,6.22e-06,4306547548.0
1777600800,6.22e-06,6.24e-06,6.21e-06,6.22e-06,5621799463.0
1777604400,6.22e-06,6.29e-06,6.21e-06,6.26e-06,16946451969.0
1777608000,6.26e-06,6.27e-06,6.23e-06,6.25e-06,6992416493.0
1777611600,6.25e-06,6.27e-06,6.24e-06,6.25e-06,2953008660.0
1777615200,6.24e-06,6.25e-06,6.19e-06,6.2e-06,6127618115.0
1777618800,6.2e-06,6.22e-06,6.19e-06,6.21e-06,5447229978.0
1777622400,6.21e-06,6.25e-06,6.21e-06,6.24e-06,2494227088.0
1777626000,6.23e-06,6.24e-06,6.18e-06,6.19e-06,3848065136.0
1777629600,6.19e-06,6.2e-06,6.14e-06,6.2e-06,3295899096.0
1777633200,6.2e-06,6.22e-06,6.18e-06,6.21e-06,5670549420.0
1777636800,6.2e-06,6.26e-06,6.2e-06,6.25e-06,14893711838.0
1777640400,6.25e-06,6.35e-06,6.25e-06,6.34e-06,20567984360.0
1777644000,6.34e-06,6.35e-06,6.29e-06,6.32e-06,18495870406.0
1777647600,6.32e-06,6.38e-06,6.3e-06,6.35e-06,18916544663.0
1777651200,6.36e-06,6.37e-06,6.3e-06,6.32e-06,6245074577.0
1777654800,6.32e-06,6.33e-06,6.29e-06,6.32e-06,5117810180.0
1777658400,6.32e-06,6.33e-06,6.3e-06,6.3e-06,16733564699.0
1777662000,6.3e-06,6.32e-06,6.27e-06,6.29e-06,5646047708.0
1777665600,6.28e-06,6.3e-06,6.22e-06,6.24e-06,11878261951.0
1777669200,6.24e-06,6.28e-06,6.23e-06,6.27e-06,15371949500.0
1777672800,6.26e-06,6.29e-06,6.23e-06,6.24e-06,3991254577.0
1777676400,6.23e-06,6.24e-06,6.2e-06,6.22e-06,4771525216.0
1777680000,6.23e-06,6.24e-06,6.21e-06,6.23e-06,16573711897.0
1777683600,6.22e-06,6.26e-06,6.22e-06,6.24e-06,2238218407.0
1777687200,6.24e-06,6.26e-06,6.23e-06,6.24e-06,2799800029.0
1777690800,6.24e-06,6.25e-06,6.22e-06,6.25e-06,3114341728.0
1777694400,6.25e-06,6.25e-06,6.21e-06,6.22e-06,4733581647.0
1777698000,6.22e-06,6.23e-06,6.19e-06,6.21e-06,7126029395.0
1777701600,6.21e-06,6.25e-06,6.21e-06,6.25e-06,8303434574.0
1777705200,6.25e-06,6.25e-06,6.22e-06,6.22e-06,2611326889.0
1777708800,6.23e-06,6.23e-06,6.21e-06,6.22e-06,784500266.0
1777712400,6.22e-06,6.25e-06,6.22e-06,6.24e-06,1509053524.0
1777716000,6.24e-06,6.25e-06,6.23e-06,6.24e-06,3459337097.0
1777719600,6.23e-06,6.23e-06,6.2e-06,6.21e-06,2743020982.0
1777723200,6.22e-06,6.24e-06,6.21e-06,6.22e-06,8917077802.0
1777726800,6.22e-06,6.26e-06,6.22e-06,6.26e-06,4462806945.0
1777730400,6.26e-06,6.27e-06,6.25e-06,6.27e-06,5892583183.0
1777734000,6.27e-06,6.3e-06,6.26e-06,6.3e-06,8119373680.0
1777737600,6.3e-06,6.36e-06,6.29e-06,6.34e-06,18363092611.0
1777741200,6.35e-06,6.36e-06,6.3e-06,6.31e-06,8556031354.0
1777744800,6.31e-06,6.33e-06,6.28e-06,6.32e-06,2668760346.0
1777748400,6.32e-06,6.34e-06,6.31e-06,6.33e-06,10321347303.0
1777752000,6.33e-06,6.33e-06,6.32e-06,6.32e-06,3972912960.0
1777755600,6.31e-06,6.36e-06,6.3e-06,6.34e-06,10680030336.0
1777759200,6.35e-06,6.35e-06,6.3e-06,6.32e-06,10956577968.0
1777762800,6.31e-06,6.32e-06,6.29e-06,6.3e-06,11155039133.0
1777766400,6.31e-06,6.32e-06,6.27e-06,6.28e-06,5653450587.0
1777770000,6.27e-06,6.27e-06,6.2e-06,6.21e-06,19668886678.0
1777773600,6.21e-06,6.21e-06,6.18e-06,6.2e-06,12288536843.0
1777777200,6.19e-06,6.23e-06,6.18e-06,6.21e-06,8761515297.0
1777780800,6.21e-06,6.25e-06,6.21e-06,6.23e-06,11632550062.0
1777784400,6.24e-06,6.25e-06,6.21e-06,6.22e-06,4472319150.0
1777788000,6.21e-06,6.24e-06,6.2e-06,6.23e-06,5036933732.0
1777791600,6.23e-06,6.25e-06,6.22e-06,6.22e-06,10834097778.0
1777795200,6.23e-06,6.24e-06,6.21e-06,6.21e-06,5646501728.0
1777798800,6.21e-06,6.24e-06,6.21e-06,6.24e-06,3975782679.0
1777802400,6.24e-06,6.24e-06,6.21e-06,6.21e-06,4886316036.0
1777806000,6.21e-06,6.27e-06,6.21e-06,6.26e-06,10728368216.0
1777809600,6.26e-06,6.31e-06,6.26e-06,6.28e-06,7726029628.0
1777813200,6.28e-06,6.29e-06,6.25e-06,6.25e-06,4933878077.0
1777816800,6.26e-06,6.27e-06,6.23e-06,6.25e-06,17888950367.0
1777820400,6.25e-06,6.27e-06,6.23e-06,6.25e-06,10413130660.0
1777824000,6.24e-06,6.25e-06,6.23e-06,6.23e-06,2967957248.0
1777827600,6.23e-06,6.27e-06,6.22e-06,6.24e-06,2013074860.0
1777831200,6.24e-06,6.27e-06,6.23e-06,6.26e-06,3408634145.0
1777834800,6.26e-06,6.29e-06,6.26e-06,6.27e-06,14402799481.0
1777838400,6.27e-06,6.29e-06,6.24e-06,6.26e-06,11455938103.0
1777842000,6.25e-06,6.28e-06,6.2e-06,6.24e-06,10127409659.0
1777845600,6.25e-06,6.33e-06,6.25e-06,6.31e-06,14021482112.0
1777849200,6.31e-06,6.33e-06,6.23e-06,6.23e-06,15213870992.0
1777852800,6.23e-06,6.27e-06,6.18e-06,6.27e-06,23926727302.0
1777856400,6.27e-06,6.4e-06,6.23e-06,6.4e-06,35047672128.0
1777860000,6.4e-06,6.46e-06,6.35e-06,6.44e-06,28847738115.0
1777863600,6.45e-06,6.45e-06,6.37e-06,6.44e-06,39855259355.0
1777867200,6.43e-06,6.44e-06,6.4e-06,6.4e-06,15031544873.0
1777870800,6.41e-06,6.41e-06,6.36e-06,6.39e-06,6886901473.0
1777874400,6.39e-06,6.39e-06,6.31e-06,6.37e-06,14596076695.0
1777878000,6.36e-06,6.38e-06,6.31e-06,6.33e-06,16722036776.0
1777881600,6.33e-06,6.34e-06,6.31e-06,6.32e-06,6905650681.0
1777885200,6.31e-06,6.37e-06,6.3e-06,6.36e-06,9576352836.0
1777888800,6.36e-06,6.36e-06,6.17e-06,6.21e-06,53858328954.0
1777892400,6.21e-06,6.25e-06,6.21e-06,6.24e-06,25590165390.0
1777896000,6.24e-06,6.27e-06,6.23e-06,6.24e-06,12476842938.0
1777899600,6.23e-06,6.26e-06,6.2e-06,6.23e-06,21661983837.0
1777903200,6.24e-06,6.33e-06,6.21e-06,6.3e-06,36395298136.0
1777906800,6.3e-06,6.31e-06,6.22e-06,6.25e-06,31418248276.0
1777910400,6.25e-06,6.29e-06,6.2e-06,6.25e-06,33386669429.0
1777914000,6.25e-06,6.31e-06,6.25e-06,6.3e-06,25255665561.0
1777917600,6.3e-06,6.3e-06,6.25e-06,6.29e-06,18161347108.0
1777921200,6.29e-06,6.29e-06,6.24e-06,6.24e-06,9233380852.0
1777924800,6.24e-06,6.25e-06,6.21e-06,6.23e-06,9963363204.0
1777928400,6.23e-06,6.28e-06,6.23e-06,6.28e-06,9888815945.0
1777932000,6.29e-06,6.31e-06,6.24e-06,6.24e-06,7449670952.0
1777935600,6.24e-06,6.24e-06,6.22e-06,6.22e-06,16038763450.0
1777939200,6.23e-06,6.27e-06,6.23e-06,6.27e-06,12326012813.0
1777942800,6.26e-06,6.32e-06,6.26e-06,6.31e-06,24929512276.0
1777946400,6.31e-06,6.33e-06,6.28e-06,6.31e-06,42305356234.0
1777950000,6.31e-06,6.35e-06,6.29e-06,6.33e-06,19812780839.0
1777953600,6.33e-06,6.35e-06,6.32e-06,6.32e-06,11513057537.0
1777957200,6.33e-06,6.36e-06,6.32e-06,6.36e-06,7437091230.0
1777960800,6.37e-06,6.38e-06,6.35e-06,6.38e-06,6831130830.0
1777964400,6.38e-06,6.47e-06,6.38e-06,6.44e-06,23679524834.0
1777968000,6.44e-06,6.53e-06,6.44e-06,6.49e-06,28202622745.0
1777971600,6.51e-06,6.58e-06,6.49e-06,6.51e-06,20709879159.0
1777975200,6.52e-06,6.6e-06,6.5e-06,6.53e-06,41404945670.0
1777978800,6.52e-06,6.54e-06,6.44e-06,6.53e-06,15538258280.0
1777982400,6.53e-06,6.53e-06,6.49e-06,6.52e-06,13305290334.0
1777986000,6.53e-06,6.54e-06,6.44e-06,6.5e-06,53225182233.0
1777989600,6.49e-06,6.51e-06,6.43e-06,6.46e-06,22108767411.0
1777993200,6.46e-06,6.49e-06,6.44e-06,6.45e-06,10690544537.0
1777996800,6.45e-06,6.46e-06,6.39e-06,6.43e-06,30118765447.0
1778000400,6.45e-06,6.46e-06,6.42e-06,6.45e-06,10098574987.0
1778004000,6.45e-06,6.47e-06,6.44e-06,6.46e-06,8182801770.0
1778007600,6.46e-06,6.47e-06,6.44e-06,6.46e-06,11399071716.0
1778011200,6.46e-06,6.54e-06,6.46e-06,6.52e-06,27752111843.0
1778014800,6.53e-06,6.58e-06,6.49e-06,6.57e-06,29455681914.0
1778018400,6.57e-06,6.6e-06,6.48e-06,6.5e-06,44607402406.0
1778022000,6.51e-06,6.53e-06,6.47e-06,6.5e-06,15430134344.0
1778025600,6.51e-06,6.52e-06,6.46e-06,6.49e-06,14497670339.0
1778029200,6.49e-06,6.61e-06,6.49e-06,6.58e-06,51714486485.0
1778032800,6.58e-06,6.59e-06,6.51e-06,6.58e-06,21377892166.0
1778036400,6.59e-06,6.65e-06,6.56e-06,6.64e-06,63603850911.0
1778040000,6.64e-06,6.64e-06,6.55e-06,6.58e-06,30464354879.0
1778043600,6.58e-06,6.72e-06,6.58e-06,6.7e-06,48757037509.0
1778047200,6.71e-06,6.95e-06,6.71e-06,6.86e-06,133003973489.0
1778050800,6.88e-06,6.92e-06,6.81e-06,6.84e-06,45057135740.0
1778054400,6.84e-06,7e-06,6.79e-06,7e-06,57290910562.0
1778058000,7e-06,7.04e-06,6.94e-06,6.96e-06,73081748037.0
1778061600,6.96e-06,6.99e-06,6.88e-06,6.9e-06,67841735269.0
1778065200,6.9e-06,6.91e-06,6.86e-06,6.91e-06,30428108806.0
1778068800,6.9e-06,6.9e-06,6.85e-06,6.89e-06,15867915169.0
1778072400,6.89e-06,6.89e-06,6.72e-06,6.77e-06,64575072679.0
1778076000,6.75e-06,6.76e-06,6.63e-06,6.74e-06,60224613796.0
1778079600,6.74e-06,6.77e-06,6.7e-06,6.75e-06,20833431924.0
1778083200,6.76e-06,6.81e-06,6.7e-06,6.77e-06,16200890194.0
1778086800,6.76e-06,6.78e-06,6.72e-06,6.76e-06,22939174516.0
1778090400,6.75e-06,6.77e-06,6.72e-06,6.75e-06,12980660493.0
1778094000,6.74e-06,6.77e-06,6.71e-06,6.75e-06,27777783095.0
1778097600,6.76e-06,6.79e-06,6.71e-06,6.76e-06,19361387871.0
1778101200,6.76e-06,6.82e-06,6.73e-06,6.81e-06,24151098367.0
1778104800,6.8e-06,6.8e-06,6.72e-06,6.74e-06,24500058150.0
1778108400,6.73e-06,6.81e-06,6.7e-06,6.8e-06,23397309790.0
1778112000,6.8e-06,6.81e-06,6.69e-06,6.7e-06,26014216938.0
1778115600,6.71e-06,6.76e-06,6.64e-06,6.72e-06,20670755663.0
1778119200,6.72e-06,6.75e-06,6.66e-06,6.74e-06,14252413733.0
1778122800,6.74e-06,6.8e-06,6.7e-06,6.76e-06,22981890196.0
1778126400,6.76e-06,6.87e-06,6.71e-06,6.86e-06,46374177135.0
1778130000,6.87e-06,6.88e-06,6.83e-06,6.86e-06,22015322633.0
1778133600,6.86e-06,6.89e-06,6.8e-06,6.89e-06,13391683558.0
1778137200,6.88e-06,6.94e-06,6.88e-06,6.91e-06,33328441649.0
1778140800,6.9e-06,6.91e-06,6.85e-06,6.88e-06,20096108564.0
1778144400,6.88e-06,6.88e-06,6.83e-06,6.85e-06,23392937467.0
1778148000,6.85e-06,6.89e-06,6.81e-06,6.84e-06,11453854878.0
1778151600,6.84e-06,6.92e-06,6.84e-06,6.9e-06,15983566894.0
1778155200,6.9e-06,6.99e-06,6.9e-06,6.96e-06,47498335732.0
1778158800,6.96e-06,6.98e-06,6.83e-06,6.86e-06,32044187780.0
1778162400,6.86e-06,6.88e-06,6.78e-06,6.8e-06,42166717008.0
1778166000,6.79e-06,6.82e-06,6.7e-06,6.73e-06,20845444205.0
1778169600,6.73e-06,6.78e-06,6.7e-06,6.72e-06,34093404040.0
1778173200,6.73e-06,6.79e-06,6.71e-06,6.78e-06,15309099256.0
1778176800,6.79e-06,6.83e-06,6.76e-06,6.79e-06,24913296079.0
1778180400,6.79e-06,6.83e-06,6.76e-06,6.79e-06,19559152465.0
1778184000,6.79e-06,6.83e-06,6.76e-06,6.76e-06,13705459118.0
1778187600,6.76e-06,6.8e-06,6.72e-06,6.76e-06,20111751578.0
1778191200,6.76e-06,6.77e-06,6.72e-06,6.74e-06,14071457834.0
1778194800,6.74e-06,6.82e-06,6.73e-06,6.79e-06,45958645045.0
1778198400,6.79e-06,6.84e-06,6.76e-06,6.78e-06,10221621255.0
1778202000,6.79e-06,6.87e-06,6.76e-06,6.84e-06,3791847568.0
1778223600,6.86e-06,6.87e-06,6.86e-06,6.87e-06,595011507.0
1778227200,6.88e-06,6.92e-06,6.85e-06,6.91e-06,2969532788.0
1778230800,6.9e-06,6.99e-06,6.89e-06,6.93e-06,24166348502.0
1778234400,6.94e-06,6.97e-06,6.89e-06,6.9e-06,21780954149.0
1778238000,6.92e-06,6.98e-06,6.9e-06,6.98e-06,9293845429.0
1778241600,6.98e-06,7.04e-06,6.95e-06,6.97e-06,34865691522.0
1778245200,6.98e-06,7.01e-06,6.85e-06,6.91e-06,24475361112.0
1778248800,6.91e-06,7.07e-06,6.9e-06,7.04e-06,53574682708.0
1778252400,7.05e-06,7.1e-06,6.94e-06,7.07e-06,25243940889.0
1778256000,7.07e-06,7.09e-06,6.99e-06,7.03e-06,14673474590.0
1778259600,7.03e-06,7.17e-06,6.99e-06,7.12e-06,47805682308.0
1778263200,7.13e-06,7.26e-06,7.12e-06,7.19e-06,178614614905.0
1778266800,7.18e-06,7.43e-06,7.13e-06,7.14e-06,90627825953.0
1778270400,7.16e-06,7.19e-06,7.13e-06,7.17e-06,15987365243.0
1778274000,7.17e-06,7.37e-06,7.16e-06,7.35e-06,66518588926.0
1778277600,7.34e-06,7.36e-06,7.23e-06,7.24e-06,60753527047.0
1778281200,7.23e-06,7.24e-06,7.15e-06,7.2e-06,28370621977.0
1778284800,7.21e-06,7.31e-06,7.19e-06,7.26e-06,20592954415.0
1778288400,7.26e-06,7.35e-06,7.24e-06,7.31e-06,19997628652.0
1778292000,7.31e-06,7.37e-06,7.3e-06,7.33e-06,24429544428.0
1778295600,7.33e-06,7.41e-06,7.32e-06,7.36e-06,20550105871.0
1778299200,7.35e-06,7.44e-06,7.3e-06,7.31e-06,18798354260.0
1778302800,7.31e-06,7.35e-06,7.27e-06,7.32e-06,15211527033.0
1778306400,7.32e-06,7.36e-06,7.25e-06,7.26e-06,22716676259.0
1778310000,7.26e-06,7.27e-06,7.21e-06,7.23e-06,18711390324.0
1778313600,7.23e-06,7.28e-06,7.23e-06,7.23e-06,15378978221.0
1778317200,7.24e-06,7.24e-06,7.15e-06,7.19e-06,24093604573.0
1778320800,7.19e-06,7.23e-06,7.15e-06,7.22e-06,13887134859.0
1778324400,7.22e-06,7.27e-06,7.21e-06,7.25e-06,15324575898.0
1778328000,7.26e-06,7.28e-06,7.23e-06,7.24e-06,18024339097.0
1778331600,7.25e-06,7.26e-06,7.17e-06,7.21e-06,15810170896.0
1778335200,7.21e-06,7.21e-06,7.14e-06,7.17e-06,22000188874.0
1778338800,7.16e-06,7.19e-06,7.13e-06,7.15e-06,22467530039.0
1778342400,7.15e-06,7.2e-06,7.12e-06,7.17e-06,14828441449.0
1778346000,7.17e-06,7.26e-06,7.17e-06,7.23e-06,20195158427.0
1778349600,7.23e-06,7.25e-06,7.2e-06,7.23e-06,12832690593.0
1778353200,7.23e-06,7.25e-06,7.21e-06,7.24e-06,11963816184.0
1778356800,7.22e-06,7.24e-06,7.2e-06,7.22e-06,10030938244.0
1778360400,7.22e-06,7.26e-06,7.22e-06,7.24e-06,13774683459.0
1778364000,7.24e-06,7.28e-06,7.22e-06,7.26e-06,20759412328.0
1778367600,7.26e-06,7.27e-06,7.21e-06,7.24e-06,16612055349.0
1778371200,7.24e-06,7.24e-06,7.16e-06,7.17e-06,40706982804.0
1778374800,7.16e-06,7.19e-06,7.14e-06,7.18e-06,27892529868.0
1778378400,7.17e-06,7.27e-06,7.16e-06,7.21e-06,21598502447.0
1778382000,7.21e-06,7.24e-06,7.18e-06,7.21e-06,11179075855.0
1778385600,7.2e-06,7.24e-06,7.19e-06,7.21e-06,10087267684.0
1778389200,7.2e-06,7.24e-06,7.19e-06,7.2e-06,8551288879.0
1778392800,7.2e-06,7.21e-06,7.16e-06,7.17e-06,14350147286.0
1778396400,7.17e-06,7.22e-06,7.16e-06,7.21e-06,8275648029.0
1778400000,7.21e-06,7.29e-06,7.21e-06,7.28e-06,18234393140.0
1778403600,7.28e-06,7.34e-06,7.27e-06,7.3e-06,77363013486.0
1778407200,7.3e-06,7.31e-06,7.24e-06,7.3e-06,13166967707.0
1778410800,7.3e-06,7.31e-06,7.26e-06,7.28e-06,44262369251.0
1778414400,7.29e-06,7.31e-06,7.26e-06,7.28e-06,10945172063.0
1778418000,7.29e-06,7.36e-06,7.28e-06,7.34e-06,18460006276.0
1778421600,7.34e-06,7.34e-06,7.27e-06,7.3e-06,11940841906.0
1778425200,7.3e-06,7.38e-06,7.3e-06,7.37e-06,24412217512.0
1778428800,7.36e-06,7.55e-06,7.34e-06,7.55e-06,86957909878.0
1778432400,7.56e-06,7.86e-06,7.48e-06,7.85e-06,169094643902.0
1778436000,7.86e-06,8.31e-06,7.82e-06,8.08e-06,267333921855.0
1778439600,8.07e-06,8.09e-06,7.83e-06,7.91e-06,103858928409.0
1778443200,7.9e-06,7.95e-06,7.46e-06,7.56e-06,135381601632.0
1778446800,7.56e-06,7.7e-06,7.5e-06,7.61e-06,76562628884.0
1778450400,7.61e-06,7.81e-06,7.6e-06,7.78e-06,81377782945.0
1778454000,7.78e-06,7.8e-06,7.7e-06,7.72e-06,45035821744.0
1778457600,7.72e-06,7.75e-06,7.53e-06,7.59e-06,37860392027.0
1778461200,7.59e-06,7.64e-06,7.52e-06,7.56e-06,53795371031.0
1778464800,7.56e-06,7.57e-06,7.44e-06,7.5e-06,21521510583.0
1778468400,7.5e-06,7.5e-06,7.34e-06,7.41e-06,59093719532.0
1778472000,7.4e-06,7.45e-06,7.36e-06,7.43e-06,12525390740.0
1778475600,7.43e-06,7.53e-06,7.42e-06,7.5e-06,39894217605.0
1778479200,7.5e-06,7.53e-06,7.48e-06,7.49e-06,47584996845.0
1778482800,7.49e-06,7.51e-06,7.47e-06,7.49e-06,23341976217.0
1778486400,7.5e-06,7.52e-06,7.45e-06,7.49e-06,32244468395.0
1778490000,7.48e-06,7.53e-06,7.48e-06,7.53e-06,5679990471.0
1778493600,7.53e-06,7.6e-06,7.51e-06,7.52e-06,72441653447.0
1778497200,7.52e-06,7.54e-06,7.46e-06,7.53e-06,22810187837.0
1778500800,7.52e-06,7.54e-06,7.47e-06,7.48e-06,17103818470.0
1778504400,7.48e-06,7.53e-06,7.4e-06,7.48e-06,40876234790.0
1778508000,7.49e-06,7.54e-06,7.38e-06,7.44e-06,72930642215.0
1778511600,7.43e-06,7.55e-06,7.41e-06,7.53e-06,21446277027.0
1778515200,7.53e-06,7.63e-06,7.52e-06,7.54e-06,82880866459.0
1778518800,7.54e-06,7.63e-06,7.49e-06,7.59e-06,29271569270.0
1778522400,7.59e-06,7.62e-06,7.53e-06,7.56e-06,11682141738.0
1778526000,7.56e-06,7.61e-06,7.55e-06,7.6e-06,14021242552.0
1778529600,7.6e-06,7.63e-06,7.55e-06,7.58e-06,13103367836.0
1778533200,7.58e-06,7.62e-06,7.57e-06,7.57e-06,11520415248.0
1778536800,7.57e-06,7.6e-06,7.54e-06,7.54e-06,11746840202.0
1778540400,7.54e-06,7.57e-06,7.51e-06,7.53e-06,14586309754.0
1778544000,7.53e-06,7.56e-06,7.51e-06,7.53e-06,7835301814.0
1778547600,7.54e-06,7.55e-06,7.37e-06,7.39e-06,22834688231.0
1778551200,7.4e-06,7.46e-06,7.4e-06,7.46e-06,50256598043.0
1778554800,7.46e-06,7.47e-06,7.41e-06,7.42e-06,23633443998.0
1778558400,7.4e-06,7.45e-06,7.4e-06,7.41e-06,9421925001.0
1778562000,7.41e-06,7.46e-06,7.41e-06,7.43e-06,8268084276.0
1778565600,7.43e-06,7.46e-06,7.4e-06,7.4e-06,10645541233.0
1778569200,7.4e-06,7.41e-06,7.34e-06,7.38e-06,11120025276.0
1778572800,7.38e-06,7.39e-06,7.28e-06,7.28e-06,14023497737.0
1778576400,7.28e-06,7.3e-06,7.22e-06,7.26e-06,14511854776.0
1778580000,7.26e-06,7.27e-06,7.18e-06,7.22e-06,22304887993.0
1778583600,7.21e-06,7.22e-06,7.1e-06,7.17e-06,42974572225.0
1778587200,7.16e-06,7.21e-06,7.11e-06,7.19e-06,70256172168.0
1778590800,7.19e-06,7.22e-06,7.08e-06,7.08e-06,40793808257.0
1778594400,7.08e-06,7.15e-06,7.02e-06,7.06e-06,25797124816.0
1778598000,7.06e-06,7.09e-06,6.99e-06,7e-06,26251559155.0
1778601600,7.01e-06,7.05e-06,6.96e-06,7e-06,20807665103.0
1778605200,7e-06,7.11e-06,7e-06,7.07e-06,75037166082.0
1778608800,7.07e-06,7.12e-06,7.05e-06,7.09e-06,14669509616.0
1778612400,7.1e-06,7.15e-06,7.09e-06,7.13e-06,11318136380.0
1778616000,7.12e-06,7.13e-06,7.1e-06,7.11e-06,7406506981.0
1778619600,7.12e-06,7.12e-06,7.09e-06,7.12e-06,18680854235.0
1778623200,7.13e-06,7.14e-06,7.11e-06,7.12e-06,12026005060.0
1778626800,7.11e-06,7.12e-06,7.07e-06,7.08e-06,14535542405.0
1778630400,7.08e-06,7.13e-06,7.07e-06,7.12e-06,11319619338.0
1778634000,7.12e-06,7.22e-06,7.12e-06,7.17e-06,14565430203.0
1778637600,7.18e-06,7.2e-06,7.15e-06,7.19e-06,4616266317.0
1778641200,7.2e-06,7.24e-06,7.18e-06,7.23e-06,10499003696.0
1778644800,7.22e-06,7.26e-06,7.21e-06,7.22e-06,14281615791.0
1778648400,7.22e-06,7.23e-06,7.13e-06,7.18e-06,12338583956.0
1778652000,7.17e-06,7.2e-06,7.14e-06,7.14e-06,12940978023.0
1778655600,7.16e-06,7.17e-06,7.13e-06,7.17e-06,3770411034.0
1778659200,7.17e-06,7.2e-06,7.14e-06,7.18e-06,3647942562.0
1778662800,7.18e-06,7.29e-06,7.18e-06,7.28e-06,17592023034.0
1778666400,7.28e-06,7.28e-06,7.16e-06,7.17e-06,47920227290.0
1778670000,7.16e-06,7.18e-06,7.07e-06,7.08e-06,20692641176.0
1778673600,7.08e-06,7.11e-06,6.88e-06,6.95e-06,67693925117.0
1778677200,6.96e-06,6.98e-06,6.84e-06,6.88e-06,44008983340.0
1778680800,6.87e-06,6.92e-06,6.82e-06,6.89e-06,22459044258.0
1778684400,6.9e-06,6.9e-06,6.7e-06,6.73e-06,63346401832.0
1778688000,6.73e-06,6.81e-06,6.72e-06,6.79e-06,28274429596.0
1778691600,6.8e-06,6.84e-06,6.78e-06,6.83e-06,23901517340.0
1778695200,6.84e-06,6.9e-06,6.84e-06,6.87e-06,8919560081.0
1778698800,6.86e-06,6.87e-06,6.8e-06,6.82e-06,45030474271.0
1778702400,6.83e-06,6.84e-06,6.8e-06,6.83e-06,21946832714.0
1778706000,6.83e-06,6.83e-06,6.78e-06,6.79e-06,9501373497.0
1778709600,6.79e-06,6.86e-06,6.79e-06,6.82e-06,83316161882.0
1778713200,6.82e-06,6.85e-06,6.82e-06,6.83e-06,6635152996.0
1778716800,6.84e-06,6.91e-06,6.83e-06,6.87e-06,16448997251.0
1778720400,6.87e-06,6.88e-06,6.84e-06,6.86e-06,9399235642.0
1778724000,6.86e-06,6.88e-06,6.81e-06,6.82e-06,14395609763.0
1778727600,6.82e-06,6.84e-06,6.7e-06,6.74e-06,68261919312.0
1778731200,6.74e-06,6.79e-06,6.72e-06,6.79e-06,23533023172.0
1778734800,6.79e-06,6.85e-06,6.79e-06,6.84e-06,12355597745.0
1778738400,6.83e-06,6.85e-06,6.81e-06,6.83e-06,13159701968.0
1778742000,6.83e-06,6.83e-06,6.77e-06,6.78e-06,32768594944.0
1778745600,6.78e-06,6.8e-06,6.75e-06,6.77e-06,28517281744.0
1778749200,6.77e-06,6.78e-06,6.74e-06,6.76e-06,27540033114.0
1778752800,6.75e-06,6.79e-06,6.74e-06,6.78e-06,12966554205.0
1778756400,6.78e-06,6.79e-06,6.73e-06,6.73e-06,3569730301.0
1778760000,6.74e-06,6.84e-06,6.74e-06,6.83e-06,4622512409.0
1778763600,6.83e-06,6.87e-06,6.79e-06,6.85e-06,9083394357.0
1778767200,6.86e-06,7e-06,6.81e-06,6.97e-06,85521943222.0
1778770800,6.98e-06,7.03e-06,6.95e-06,6.99e-06,27801820402.0
1778774400,7e-06,7.05e-06,6.95e-06,7.05e-06,42660460020.0
1778778000,7.04e-06,7.05e-06,6.95e-06,7e-06,9325954868.0
1778781600,7e-06,7.09e-06,6.98e-06,7.07e-06,25602265384.0
1778785200,7.07e-06,7.09e-06,6.99e-06,7.01e-06,10672753871.0
1778788800,7.01e-06,7.01e-06,6.93e-06,6.98e-06,11004763382.0
1778792400,6.99e-06,6.99e-06,6.93e-06,6.95e-06,7929382561.0
1778796000,6.95e-06,6.98e-06,6.94e-06,6.94e-06,8263873275.0
1778799600,6.94e-06,6.94e-06,6.87e-06,6.89e-06,25330821142.0
1778803200,6.89e-06,6.94e-06,6.88e-06,6.94e-06,21538921878.0
1778806800,6.93e-06,6.95e-06,6.89e-06,6.89e-06,19502341930.0
1778810400,6.89e-06,6.92e-06,6.84e-06,6.91e-06,37207204026.0
1778814000,6.91e-06,6.93e-06,6.88e-06,6.88e-06,7061236494.0
1778817600,6.88e-06,6.89e-06,6.81e-06,6.81e-06,12932325193.0
1778821200,6.81e-06,6.83e-06,6.7e-06,6.7e-06,69081472955.0
1778824800,6.7e-06,6.79e-06,6.7e-06,6.79e-06,11055632704.0
1778828400,6.78e-06,6.86e-06,6.78e-06,6.82e-06,12910365067.0
1778832000,6.82e-06,6.82e-06,6.75e-06,6.78e-06,12344062703.0
1778835600,6.79e-06,6.79e-06,6.75e-06,6.77e-06,6803493427.0
1778839200,6.76e-06,6.83e-06,6.75e-06,6.8e-06,12303682322.0
1778842800,6.8e-06,6.8e-06,6.77e-06,6.78e-06,3345821643.0
1778846400,6.78e-06,6.78e-06,6.72e-06,6.74e-06,10183333521.0
1778850000,6.74e-06,6.74e-06,6.42e-06,6.44e-06,85300370936.0
1778853600,6.43e-06,6.53e-06,6.42e-06,6.51e-06,64762483297.0
1778857200,6.52e-06,6.52e-06,6.48e-06,6.5e-06,23356687790.0
1778860800,6.51e-06,6.59e-06,6.5e-06,6.58e-06,20050714508.0
1778864400,6.58e-06,6.63e-06,6.58e-06,6.62e-06,13006746198.0
1778868000,6.62e-06,6.62e-06,6.56e-06,6.6e-06,20121720898.0
1778871600,6.6e-06,6.6e-06,6.56e-06,6.56e-06,5824415490.0
1778875200,6.56e-06,6.56e-06,6.51e-06,6.54e-06,11206487714.0
1778878800,6.54e-06,6.55e-06,6.51e-06,6.52e-06,10573690864.0
1778882400,6.52e-06,6.53e-06,6.51e-06,6.53e-06,5808579866.0
1778886000,6.53e-06,6.54e-06,6.51e-06,6.51e-06,814411963.0
1778889600,6.52e-06,6.55e-06,6.52e-06,6.53e-06,3397745051.0
1778893200,6.53e-06,6.54e-06,6.52e-06,6.54e-06,1757309460.0
1778896800,6.54e-06,6.55e-06,6.52e-06,6.53e-06,4887309765.0
1778900400,6.53e-06,6.54e-06,6.51e-06,6.52e-06,4465627208.0
1778904000,6.51e-06,6.52e-06,6.44e-06,6.46e-06,17451487533.0
1778907600,6.46e-06,6.48e-06,6.44e-06,6.45e-06,5765100989.0
1778911200,6.45e-06,6.45e-06,6.35e-06,6.36e-06,23687501909.0
1778914800,6.35e-06,6.36e-06,6.22e-06,6.3e-06,74007730521.0
1778918400,6.3e-06,6.33e-06,6.29e-06,6.29e-06,8148131112.0
1778922000,6.29e-06,6.3e-06,6.18e-06,6.2e-06,14911485711.0
1778925600,6.2e-06,6.21e-06,6.15e-06,6.2e-06,15577378116.0
1778929200,6.2e-06,6.24e-06,6.2e-06,6.22e-06,6529525805.0
1778932800,6.21e-06,6.25e-06,6.21e-06,6.21e-06,8956118059.0
1778936400,6.23e-06,6.25e-06,6.21e-06,6.24e-06,8291378794.0
1778940000,6.23e-06,6.29e-06,6.22e-06,6.28e-06,8586195051.0
1778943600,6.28e-06,6.29e-06,6.25e-06,6.27e-06,12913568776.0
1778947200,6.27e-06,6.3e-06,6.26e-06,6.28e-06,3153066658.0
1778950800,6.29e-06,6.31e-06,6.28e-06,6.28e-06,3877212137.0
1778954400,6.28e-06,6.29e-06,6.27e-06,6.28e-06,1292549876.0
1778958000,6.28e-06,6.28e-06,6.26e-06,6.27e-06,4957885501.0
1778961600,6.28e-06,6.28e-06,6.26e-06,6.27e-06,2683489919.0
1778965200,6.27e-06,6.28e-06,6.26e-06,6.26e-06,3883864374.0
1778968800,6.26e-06,6.26e-06,6.23e-06,6.23e-06,3053930718.0
1778972400,6.23e-06,6.25e-06,6.23e-06,6.24e-06,2631705792.0
1778976000,6.24e-06,6.25e-06,6.19e-06,6.21e-06,2330365874.0
1778979600,6.2e-06,6.22e-06,6.16e-06,6.17e-06,16617288302.0
1778983200,6.17e-06,6.19e-06,6.16e-06,6.19e-06,19737120378.0
1778986800,6.19e-06,6.23e-06,6.19e-06,6.22e-06,8650004353.0
1778990400,6.22e-06,6.26e-06,6.22e-06,6.24e-06,6283213045.0
1778994000,6.24e-06,6.27e-06,6.23e-06,6.25e-06,2449805587.0
1778997600,6.24e-06,6.25e-06,6.22e-06,6.24e-06,30384905382.0
1779001200,6.24e-06,6.29e-06,6.24e-06,6.28e-06,29881649593.0
1779004800,6.27e-06,6.28e-06,6.26e-06,6.26e-06,6230866077.0
1779008400,6.25e-06,6.29e-06,6.25e-06,6.29e-06,5931224888.0
1779012000,6.29e-06,6.32e-06,6.28e-06,6.28e-06,10354013539.0
1779015600,6.27e-06,6.28e-06,6.26e-06,6.27e-06,2150091520.0
1779019200,6.27e-06,6.27e-06,6.24e-06,6.24e-06,4633060273.0
1779022800,6.24e-06,6.25e-06,6.22e-06,6.22e-06,3412311973.0
1779026400,6.22e-06,6.22e-06,6.19e-06,6.21e-06,20576925189.0
1779030000,6.21e-06,6.22e-06,6.19e-06,6.2e-06,1832947937.0
1779033600,6.21e-06,6.23e-06,6.19e-06,6.19e-06,9026125067.0
1779037200,6.18e-06,6.18e-06,6.12e-06,6.16e-06,72281514120.0
1779040800,6.16e-06,6.19e-06,6.14e-06,6.19e-06,10945264894.0
1779044400,6.19e-06,6.22e-06,6.18e-06,6.21e-06,13647408608.0
1779048000,6.21e-06,6.21e-06,6.18e-06,6.19e-06,13538897659.0
1779051600,6.19e-06,6.23e-06,6.18e-06,6.21e-06,22688239203.0
1779055200,6.21e-06,6.21e-06,6.11e-06,6.13e-06,19453174196.0
1779058800,6.12e-06,6.12e-06,5.84e-06,6.04e-06,118982516196.0
1779062400,6.03e-06,6.05e-06,5.98e-06,6.05e-06,21102179651.0
1779066000,6.04e-06,6.05e-06,5.98e-06,6.02e-06,18133391867.0
1779069600,6.03e-06,6.07e-06,6.02e-06,6.04e-06,6013520135.0
1779073200,6.05e-06,6.05e-06,6.01e-06,6.03e-06,4688909519.0
1779076800,6.02e-06,6.05e-06,6.01e-06,6.04e-06,7428291839.0
1779080400,6.04e-06,6.05e-06,5.99e-06,6.01e-06,7665847542.0
1779084000,6.02e-06,6.02e-06,5.91e-06,5.96e-06,43315074671.0
1779087600,5.96e-06,5.96e-06,5.9e-06,5.93e-06,7006388107.0
1779091200,5.93e-06,5.97e-06,5.92e-06,5.94e-06,70465589499.0
1779094800,5.93e-06,5.93e-06,5.85e-06,5.87e-06,96062971232.0
1779098400,5.88e-06,5.88e-06,5.85e-06,5.86e-06,19092708703.0
1779102000,5.85e-06,5.96e-06,5.84e-06,5.93e-06,23879664378.0
1779105600,5.94e-06,6e-06,5.93e-06,5.97e-06,14569639423.0
1779109200,5.97e-06,5.98e-06,5.9e-06,5.93e-06,18817032010.0
1779112800,5.93e-06,5.94e-06,5.85e-06,5.87e-06,99465329783.0
1779116400,5.87e-06,5.89e-06,5.82e-06,5.87e-06,37339475673.0
1779120000,5.87e-06,5.91e-06,5.87e-06,5.89e-06,45511627834.0
1779123600,5.9e-06,5.94e-06,5.9e-06,5.91e-06,40687383684.0
1779127200,5.92e-06,5.92e-06,5.83e-06,5.84e-06,17880318974.0
1779130800,5.84e-06,6e-06,5.84e-06,5.98e-06,48807187042.0
1779134400,5.99e-06,6.02e-06,5.95e-06,5.97e-06,20243345435.0
1779138000,5.97e-06,6.02e-06,5.95e-06,6.01e-06,13064414213.0
1779141600,6.02e-06,6.04e-06,5.99e-06,6.02e-06,2525242273.0
1779145200,6.02e-06,6.03e-06,5.98e-06,6.01e-06,11519395152.0
1779148800,6.01e-06,6.05e-06,6e-06,6.02e-06,7231492153.0
1779152400,6.02e-06,6.02e-06,5.97e-06,5.97e-06,16984123018.0
1779156000,5.97e-06,6e-06,5.95e-06,5.96e-06,6666685013.0
1779159600,5.96e-06,6e-06,5.96e-06,5.99e-06,18980237676.0
1779163200,5.99e-06,6.03e-06,5.99e-06,6.02e-06,8852954584.0
1779166800,6.02e-06,6.02e-06,5.96e-06,5.99e-06,9914783718.0
1779170400,6e-06,6.02e-06,6e-06,6e-06,4574275360.0
1779174000,6e-06,6.03e-06,6e-06,6.01e-06,2383750676.0
1779177600,6e-06,6.01e-06,5.97e-06,5.99e-06,3040939141.0
1779181200,5.99e-06,5.99e-06,5.94e-06,5.97e-06,5135785840.0
1779184800,5.96e-06,5.98e-06,5.94e-06,5.95e-06,5088923935.0
1779188400,5.96e-06,5.96e-06,5.91e-06,5.92e-06,2828290625.0
1779192000,5.94e-06,5.96e-06,5.94e-06,5.96e-06,3499059510.0
1779195600,5.96e-06,5.98e-06,5.94e-06,5.95e-06,14519417488.0
1779199200,5.95e-06,5.97e-06,5.85e-06,5.89e-06,14411201373.0
1779202800,5.9e-06,5.91e-06,5.87e-06,5.91e-06,21767167862.0
1779206400,5.91e-06,5.96e-06,5.9e-06,5.96e-06,19361817138.0
1779210000,5.96e-06,5.96e-06,5.91e-06,5.92e-06,25881030471.0
1779213600,5.92e-06,5.94e-06,5.9e-06,5.9e-06,7937793090.0
1779217200,5.91e-06,5.93e-06,5.89e-06,5.9e-06,6471029937.0
1779220800,5.89e-06,5.94e-06,5.89e-06,5.93e-06,2444475156.0
1779224400,5.93e-06,5.95e-06,5.91e-06,5.91e-06,3541194871.0
1779228000,5.91e-06,5.91e-06,5.87e-06,5.9e-06,27698035697.0
1779231600,5.9e-06,5.94e-06,5.9e-06,5.93e-06,12707147105.0
1779235200,5.93e-06,5.94e-06,5.91e-06,5.94e-06,14018181080.0
1779238800,5.93e-06,5.94e-06,5.9e-06,5.93e-06,36827681818.0
1779242400,5.93e-06,5.94e-06,5.9e-06,5.91e-06,4965308128.0
1779246000,5.91e-06,5.94e-06,5.9e-06,5.92e-06,7362406983.0
1779249600,5.92e-06,5.94e-06,5.91e-06,5.94e-06,2987995254.0
1779253200,5.94e-06,6e-06,5.94e-06,5.98e-06,28377188669.0
1779256800,5.99e-06,5.99e-06,5.97e-06,5.99e-06,11266299628.0
1779260400,5.98e-06,6e-06,5.97e-06,5.97e-06,4328641657.0
1779264000,5.97e-06,6.03e-06,5.96e-06,6e-06,69105091717.0
1779267600,6e-06,6.02e-06,5.99e-06,6.01e-06,3977415425.0
1779271200,6.01e-06,6.08e-06,6.01e-06,6.04e-06,49360079592.0
1779274800,6.04e-06,6.04e-06,5.97e-06,6e-06,42664307321.0
1779278400,6e-06,6.05e-06,6e-06,6.03e-06,6558493441.0
1779282000,6.03e-06,6.03e-06,5.97e-06,6e-06,9202318551.0
1779285600,6.01e-06,6.07e-06,5.98e-06,6.05e-06,68226182260.0
1779289200,6.05e-06,6.09e-06,6.03e-06,6.09e-06,15150476946.0
1779292800,6.08e-06,6.12e-06,6.04e-06,6.09e-06,28543893831.0
1779296400,6.09e-06,6.16e-06,6.08e-06,6.12e-06,26724704146.0
1779300000,6.13e-06,6.14e-06,6.1e-06,6.1e-06,6873212095.0
1779303600,6.1e-06,6.15e-06,6.09e-06,6.12e-06,6632273996.0
1779307200,6.11e-06,6.14e-06,6.09e-06,6.12e-06,9168239423.0
1779310800,6.12e-06,6.13e-06,6.09e-06,6.09e-06,19941080544.0
1779314400,6.09e-06,6.1e-06,6.06e-06,6.08e-06,27409475207.0
1779318000,6.08e-06,6.09e-06,6.05e-06,6.08e-06,31681722205.0
1779321600,6.08e-06,6.14e-06,6.08e-06,6.13e-06,26820117545.0
1779325200,6.13e-06,6.14e-06,6.11e-06,6.13e-06,25568572675.0
1779328800,6.13e-06,6.17e-06,6.12e-06,6.14e-06,22899137376.0
1779332400,6.13e-06,6.22e-06,6.13e-06,6.21e-06,78023107680.0
1779336000,6.21e-06,6.23e-06,6.17e-06,6.22e-06,23894552639.0
1779339600,6.21e-06,6.24e-06,6.14e-06,6.16e-06,25025154787.0
1779343200,6.16e-06,6.18e-06,6.12e-06,6.13e-06,18983361216.0
1779346800,6.14e-06,6.19e-06,6.12e-06,6.18e-06,16079631849.0
1779350400,6.19e-06,6.22e-06,6.19e-06,6.21e-06,21601766126.0
1779354000,6.21e-06,6.21e-06,6.14e-06,6.14e-06,9300482286.0
1779357600,6.15e-06,6.16e-06,6.06e-06,6.08e-06,38329893191.0
1779361200,6.07e-06,6.11e-06,6.07e-06,6.08e-06,10137338877.0
1779364800,6.08e-06,6.09e-06,6.05e-06,6.09e-06,8168206692.0
1779368400,6.09e-06,6.11e-06,6.04e-06,6.1e-06,8240684957.0
1779372000,6.11e-06,6.11e-06,6.06e-06,6.09e-06,6788327546.0
1779375600,6.08e-06,6.14e-06,6.07e-06,6.12e-06,4729418079.0
1779379200,6.13e-06,6.13e-06,6.08e-06,6.11e-06,7741258422.0
1779382800,6.11e-06,6.24e-06,6.09e-06,6.22e-06,97117059900.0
1779386400,6.23e-06,6.24e-06,6.16e-06,6.19e-06,33602635018.0
1779390000,6.19e-06,6.26e-06,6.18e-06,6.25e-06,21202248052.0
1779393600,6.25e-06,6.27e-06,6.24e-06,6.25e-06,12349238899.0
1779397200,6.26e-06,6.28e-06,6.23e-06,6.23e-06,12516470824.0
1779400800,6.22e-06,6.25e-06,6.21e-06,6.23e-06,11557001453.0
1779404400,6.22e-06,6.26e-06,6.2e-06,6.25e-06,12026855883.0
1779408000,6.25e-06,6.25e-06,6.18e-06,6.18e-06,26382711685.0
1779411600,6.18e-06,6.22e-06,6.18e-06,6.21e-06,15951559380.0
1779415200,6.22e-06,6.26e-06,6.21e-06,6.25e-06,11759226979.0
1779418800,6.25e-06,6.26e-06,6.23e-06,6.26e-06,14285092715.0
1779422400,6.26e-06,6.3e-06,6.25e-06,6.26e-06,15141059746.0
1779426000,6.27e-06,6.3e-06,6.25e-06,6.26e-06,11047878359.0
1779429600,6.26e-06,6.27e-06,6.22e-06,6.22e-06,4712953760.0
1779433200,6.24e-06,6.28e-06,6.21e-06,6.26e-06,9190566688.0
1779436800,6.26e-06,6.29e-06,6.24e-06,6.26e-06,6055645588.0
1779440400,6.27e-06,6.29e-06,6.25e-06,6.25e-06,1476095751.0
1779444000,6.25e-06,6.27e-06,6.23e-06,6.25e-06,4401396899.0
1779447600,6.26e-06,6.28e-06,6.24e-06,6.28e-06,14027908437.0
1779451200,6.28e-06,6.32e-06,6.27e-06,6.32e-06,18240009356.0
1779454800,6.32e-06,6.33e-06,6.27e-06,6.28e-06,24464538296.0
1779458400,6.28e-06,6.29e-06,6.19e-06,6.2e-06,11339777786.0
1779462000,6.2e-06,6.23e-06,6.15e-06,6.21e-06,55413968730.0
1779465600,6.23e-06,6.23e-06,6.18e-06,6.22e-06,10899328054.0
1779469200,6.22e-06,6.23e-06,6.17e-06,6.18e-06,47561816334.0
1779472800,6.18e-06,6.18e-06,6.02e-06,6.07e-06,30443983759.0
1779476400,6.07e-06,6.08e-06,5.95e-06,6.01e-06,39208820963.0
1779480000,6.02e-06,6.06e-06,6e-06,6.04e-06,12073282324.0
1779483600,6.06e-06,6.07e-06,6.04e-06,6.06e-06,9908572311.0
1779487200,6.06e-06,6.07e-06,6.01e-06,6.03e-06,3352086834.0
1779490800,6.03e-06,6.05e-06,5.9e-06,5.93e-06,27955692188.0
1779494400,5.93e-06,5.95e-06,5.89e-06,5.95e-06,11352858650.0
1779498000,5.95e-06,5.96e-06,5.93e-06,5.95e-06,3148255025.0
1779501600,5.96e-06,5.98e-06,5.95e-06,5.98e-06,4640815111.0
1779505200,5.98e-06,5.98e-06,5.96e-06,5.97e-06,4135711218.0
1779508800,5.96e-06,5.96e-06,5.93e-06,5.94e-06,2166406063.0
1779512400,5.93e-06,5.94e-06,5.91e-06,5.92e-06,2223662265.0
1779516000,5.92e-06,5.93e-06,5.9e-06,5.9e-06,2314798769.0
1779519600,5.9e-06,5.91e-06,5.7e-06,5.75e-06,50810117049.0
1779523200,5.75e-06,5.77e-06,5.72e-06,5.77e-06,11977598318.0
1779526800,5.76e-06,5.79e-06,5.76e-06,5.79e-06,3271731521.0
1779530400,5.79e-06,5.83e-06,5.78e-06,5.81e-06,7848879183.0
1779534000,5.8e-06,5.82e-06,5.8e-06,5.8e-06,3925331134.0
1779537600,5.8e-06,5.81e-06,5.76e-06,5.81e-06,12821705822.0
1779541200,5.82e-06,5.89e-06,5.82e-06,5.89e-06,6562140796.0
1779544800,5.88e-06,5.95e-06,5.87e-06,5.94e-06,13268961372.0
1779548400,5.95e-06,6e-06,5.94e-06,6e-06,11519613525.0
1779552000,5.98e-06,6.04e-06,5.97e-06,6.04e-06,4669165517.0
1779555600,6.04e-06,6.04e-06,5.99e-06,6.01e-06,5761424397.0
1779559200,6.01e-06,6.13e-06,6e-06,6.08e-06,15318496441.0
1779562800,6.08e-06,6.09e-06,6.05e-06,6.07e-06,8779150842.0
1779566400,6.07e-06,6.29e-06,6.05e-06,6.29e-06,49960875926.0
1779570000,6.29e-06,6.3e-06,6.15e-06,6.18e-06,16744502872.0
1779573600,6.19e-06,6.21e-06,6.03e-06,6.12e-06,35140896866.0
1779577200,6.11e-06,6.13e-06,6.1e-06,6.12e-06,11917686967.0
1779580800,6.11e-06,6.12e-06,6.08e-06,6.1e-06,5407367805.0
1779584400,6.11e-06,6.11e-06,6.09e-06,6.1e-06,2177465139.0
1779588000,6.1e-06,6.1e-06,6.06e-06,6.08e-06,2969860651.0
1779591600,6.08e-06,6.11e-06,6.05e-06,6.07e-06,7108514610.0
1779595200,6.08e-06,6.09e-06,6.06e-06,6.07e-06,9311848826.0
1779598800,6.07e-06,6.07e-06,6.04e-06,6.07e-06,8729214824.0
1779602400,6.07e-06,6.11e-06,6.05e-06,6.1e-06,3222381795.0
1779606000,6.1e-06,6.11e-06,6.05e-06,6.06e-06,10704068538.0
1779609600,6.06e-06,6.09e-06,6.05e-06,6.08e-06,5065597575.0
1779613200,6.07e-06,6.1e-06,6.07e-06,6.07e-06,4164600802.0
1779616800,6.08e-06,6.12e-06,6.06e-06,6.07e-06,5391770960.0
1779620400,6.08e-06,6.09e-06,6.06e-06,6.07e-06,4276123010.0
1779624000,6.06e-06,6.06e-06,6.02e-06,6.04e-06,8923798321.0
1779627600,6.03e-06,6.04e-06,5.98e-06,6e-06,17015557968.0
1779631200,5.99e-06,6e-06,5.9e-06,5.97e-06,33118579399.0
1779634800,5.98e-06,6.01e-06,5.97e-06,5.98e-06,4305851770.0
1779638400,5.99e-06,6.02e-06,5.97e-06,6e-06,10917564879.0
1779642000,6e-06,6.02e-06,5.99e-06,5.99e-06,1854517322.0
1779645600,6e-06,6.03e-06,5.98e-06,6e-06,2336479716.0
1779649200,6e-06,6.01e-06,5.98e-06,6e-06,4149022049.0
1779652800,5.99e-06,5.99e-06,5.97e-06,5.97e-06,3847638930.0
1779656400,5.96e-06,5.98e-06,5.85e-06,5.87e-06,19393889515.0
1779660000,5.91e-06,5.98e-06,5.91e-06,5.95e-06,15054768346.0
1779663600,5.95e-06,6.02e-06,5.95e-06,6.01e-06,73475466953.0
1779667200,6.01e-06,6.05e-06,6.01e-06,6.02e-06,13870047548.0
1779670800,6.02e-06,6.05e-06,6.01e-06,6.01e-06,3835809077.0
1779674400,6.01e-06,6.05e-06,6.01e-06,6.02e-06,6834030634.0
1779678000,6.03e-06,6.04e-06,6e-06,6.04e-06,3617013790.0
1779681600,6.05e-06,6.1e-06,6.03e-06,6.09e-06,3499853987.0
1779685200,6.09e-06,6.14e-06,6.09e-06,6.14e-06,12327021381.0
1779688800,6.14e-06,6.15e-06,6.09e-06,6.14e-06,22126131904.0
1779692400,6.15e-06,6.15e-06,6.07e-06,6.11e-06,84462857951.0
1779696000,6.11e-06,6.11e-06,6.08e-06,6.1e-06,10725487090.0
1779699600,6.1e-06,6.11e-06,6.09e-06,6.09e-06,7841080165.0
1779703200,6.1e-06,6.12e-06,6.1e-06,6.1e-06,12084982422.0
1779706800,6.1e-06,6.11e-06,6.08e-06,6.08e-06,6106632730.0
1779710400,6.08e-06,6.09e-06,6.06e-06,6.07e-06,15953177208.0
1779714000,6.08e-06,6.1e-06,6.07e-06,6.09e-06,13101259409.0
1779717600,6.09e-06,6.12e-06,6.09e-06,6.12e-06,12451702469.0
1779721200,6.13e-06,6.14e-06,6.09e-06,6.14e-06,10797920217.0
1779724800,6.14e-06,6.15e-06,6.11e-06,6.14e-06,8733674990.0
1779728400,6.13e-06,6.16e-06,6.13e-06,6.14e-06,12988241462.0
1779732000,6.14e-06,6.14e-06,6.1e-06,6.11e-06,25985158945.0
1779735600,6.1e-06,6.12e-06,6.09e-06,6.11e-06,3157883888.0
1779739200,6.11e-06,6.12e-06,6.06e-06,6.08e-06,3073308194.0
1779742800,6.08e-06,6.09e-06,6.06e-06,6.08e-06,4528288225.0
1779746400,6.08e-06,6.08e-06,6.02e-06,6.02e-06,21354616408.0
1779750000,6.02e-06,6.07e-06,6.02e-06,6.04e-06,20317851697.0
1779753600,6.05e-06,6.05e-06,5.96e-06,5.99e-06,12742516949.0
1779757200,5.99e-06,5.99e-06,5.93e-06,5.96e-06,8468122223.0
1779760800,5.95e-06,5.97e-06,5.94e-06,5.96e-06,34830954289.0
1779764400,5.96e-06,5.96e-06,5.92e-06,5.96e-06,9734900200.0
1779768000,5.96e-06,6e-06,5.94e-06,5.99e-06,5912506540.0
1779771600,5.99e-06,6.05e-06,5.98e-06,6.02e-06,5874878177.0
1779775200,6.02e-06,6.04e-06,6e-06,6.03e-06,1704695430.0
1779778800,6.03e-06,6.03e-06,5.97e-06,6.01e-06,3675919796.0
1779782400,6.02e-06,6.02e-06,5.99e-06,6e-06,1885640045.0
1779786000,6e-06,6.02e-06,5.98e-06,6.01e-06,14222228096.0
1779789600,6e-06,6.12e-06,5.99e-06,6.1e-06,5425630836.0
1779793200,6.11e-06,6.11e-06,6.07e-06,6.07e-06,4637288563.0
1779796800,6.07e-06,6.11e-06,6.04e-06,6.09e-06,18191633794.0
1779800400,6.1e-06,6.11e-06,6.03e-06,6.1e-06,7382628853.0
1779804000,6.1e-06,6.18e-06,6.08e-06,6.11e-06,14506230958.0
1779807600,6.11e-06,6.11e-06,6e-06,6.04e-06,15430920583.0
1779811200,6.03e-06,6.04e-06,5.98e-06,6.01e-06,3644753297.0
1779814800,6.02e-06,6.03e-06,5.9e-06,5.95e-06,33910333236.0
1779818400,5.95e-06,6e-06,5.92e-06,5.94e-06,6329140700.0
1779822000,5.94e-06,5.98e-06,5.92e-06,5.97e-06,3863635755.0
1779825600,5.97e-06,5.98e-06,5.94e-06,5.96e-06,5226152865.0
1779829200,5.96e-06,5.98e-06,5.93e-06,5.94e-06,7846565116.0
1779832800,5.93e-06,5.95e-06,5.92e-06,5.95e-06,2963715019.0
1779836400,5.96e-06,5.97e-06,5.94e-06,5.95e-06,2555358053.0
1779840000,5.95e-06,6.02e-06,5.95e-06,6.01e-06,21396121706.0
1779843600,6.01e-06,6.01e-06,5.96e-06,5.96e-06,6466690656.0
1779847200,5.96e-06,5.96e-06,5.91e-06,5.94e-06,6662110239.0
1779850800,5.95e-06,5.95e-06,5.9e-06,5.91e-06,7655372657.0
1779854400,5.92e-06,5.93e-06,5.84e-06,5.91e-06,11964712863.0
1779858000,5.91e-06,5.94e-06,5.91e-06,5.93e-06,8501054599.0
1779861600,5.93e-06,5.95e-06,5.92e-06,5.95e-06,3309230416.0
1779865200,5.95e-06,5.95e-06,5.92e-06,5.94e-06,2944035576.0
1779868800,5.96e-06,5.96e-06,5.91e-06,5.92e-06,3813836234.0
1779872400,5.91e-06,5.91e-06,5.89e-06,5.89e-06,1965308288.0
1779876000,5.89e-06,5.92e-06,5.89e-06,5.9e-06,1278297688.0
1779879600,5.91e-06,5.93e-06,5.89e-06,5.9e-06,9171812672.0
1779883200,5.89e-06,6e-06,5.88e-06,5.96e-06,32442832816.0
1779886800,5.95e-06,5.96e-06,5.85e-06,5.91e-06,16609775273.0
1779890400,5.92e-06,5.93e-06,5.87e-06,5.93e-06,32843991579.0
1779894000,5.93e-06,6.01e-06,5.92e-06,5.97e-06,11506879463.0
1779897600,5.97e-06,5.99e-06,5.91e-06,5.93e-06,13977650435.0
1779901200,5.92e-06,5.93e-06,5.85e-06,5.86e-06,16158680276.0
1779904800,5.86e-06,5.92e-06,5.84e-06,5.92e-06,11653730103.0
1779908400,5.92e-06,5.93e-06,5.9e-06,5.91e-06,8212636483.0
1779912000,5.92e-06,5.92e-06,5.88e-06,5.91e-06,4888249710.0
1779915600,5.91e-06,5.92e-06,5.73e-06,5.75e-06,29928366243.0
1779919200,5.75e-06,5.78e-06,5.73e-06,5.73e-06,12925439749.0
1779922800,5.72e-06,5.76e-06,5.7e-06,5.74e-06,18749156130.0
1779926400,5.74e-06,5.77e-06,5.73e-06,5.75e-06,6469379242.0
1779930000,5.75e-06,5.75e-06,5.66e-06,5.71e-06,15340220613.0
1779933600,5.71e-06,5.71e-06,5.68e-06,5.68e-06,7890379627.0
1779937200,5.68e-06,5.68e-06,5.51e-06,5.52e-06,50044748891.0
1779940800,5.51e-06,5.53e-06,5.42e-06,5.47e-06,67490483353.0
1779944400,5.48e-06,5.49e-06,5.4e-06,5.44e-06,24100373113.0
1779948000,5.44e-06,5.47e-06,5.43e-06,5.45e-06,22607849653.0
1779951600,5.45e-06,5.49e-06,5.44e-06,5.49e-06,38935490019.0
1779955200,5.48e-06,5.49e-06,5.44e-06,5.44e-06,41685420296.0
1779958800,5.45e-06,5.47e-06,5.43e-06,5.46e-06,39070568919.0
1779962400,5.46e-06,5.46e-06,5.37e-06,5.38e-06,56598786425.0
1779966000,5.37e-06,5.38e-06,5.34e-06,5.35e-06,52378947237.0
1779969600,5.35e-06,5.38e-06,5.29e-06,5.38e-06,51780767337.0
1779973200,5.39e-06,5.39e-06,5.34e-06,5.36e-06,25668871821.0
1779976800,5.36e-06,5.4e-06,5.3e-06,5.36e-06,53656390061.0
1779980400,5.35e-06,5.38e-06,5.3e-06,5.36e-06,21409070821.0
1779984000,5.36e-06,5.44e-06,5.33e-06,5.43e-06,13083057586.0
1779987600,5.43e-06,5.5e-06,5.42e-06,5.49e-06,30612746626.0
1779991200,5.49e-06,5.56e-06,5.49e-06,5.53e-06,36471543807.0
1779994800,5.52e-06,5.52e-06,5.45e-06,5.46e-06,11867017928.0
1779998400,5.46e-06,5.52e-06,5.43e-06,5.48e-06,48729912725.0
1780002000,5.48e-06,5.53e-06,5.48e-06,5.5e-06,23434403563.0
1780005600,5.5e-06,5.5e-06,5.43e-06,5.44e-06,27961445840.0
1780009200,5.44e-06,5.47e-06,5.44e-06,5.46e-06,20847350563.0
1780012800,5.46e-06,5.49e-06,5.46e-06,5.48e-06,18616040941.0
1780016400,5.48e-06,5.49e-06,5.45e-06,5.46e-06,9443681632.0
1780020000,5.47e-06,5.48e-06,5.39e-06,5.42e-06,30301526811.0
1780023600,5.42e-06,5.45e-06,5.41e-06,5.42e-06,5214857061.0
1780027200,5.42e-06,5.46e-06,5.38e-06,5.46e-06,10153995726.0
1780030800,5.46e-06,5.46e-06,5.44e-06,5.46e-06,14200343247.0
1780034400,5.46e-06,5.48e-06,5.45e-06,5.47e-06,3976340968.0
1780038000,5.47e-06,5.5e-06,5.44e-06,5.47e-06,7655977199.0
1780041600,5.48e-06,5.49e-06,5.45e-06,5.46e-06,2383114674.0
1780045200,5.45e-06,5.52e-06,5.45e-06,5.51e-06,49382320551.0
1780048800,5.51e-06,5.51e-06,5.46e-06,5.48e-06,33258044906.0
1780052400,5.47e-06,5.49e-06,5.39e-06,5.42e-06,21192258625.0
1780056000,5.42e-06,5.42e-06,5.37e-06,5.38e-06,24303361762.0
1780059600,5.38e-06,5.39e-06,5.35e-06,5.38e-06,28373599023.0
1780063200,5.39e-06,5.41e-06,5.31e-06,5.39e-06,54465757771.0
1780066800,5.39e-06,5.59e-06,5.38e-06,5.56e-06,71028459399.0
1780070400,5.56e-06,5.57e-06,5.49e-06,5.54e-06,20710179340.0
1780074000,5.54e-06,5.58e-06,5.49e-06,5.5e-06,96194613004.0
1780077600,5.5e-06,5.52e-06,5.43e-06,5.46e-06,52779387272.0
1780081200,5.45e-06,5.47e-06,5.39e-06,5.45e-06,17934318684.0
1780084800,5.45e-06,5.48e-06,5.44e-06,5.46e-06,4822156798.0
1780088400,5.46e-06,5.5e-06,5.41e-06,5.41e-06,4399056002.0
1780092000,5.41e-06,5.44e-06,5.4e-06,5.43e-06,9536274778.0
1780095600,5.44e-06,5.45e-06,5.42e-06,5.45e-06,4621958032.0
1780099200,5.44e-06,5.49e-06,5.43e-06,5.47e-06,6799686553.0
1780102800,5.48e-06,5.55e-06,5.47e-06,5.55e-06,28550804603.0
1780106400,5.56e-06,5.58e-06,5.54e-06,5.57e-06,25772621651.0
1780110000,5.57e-06,5.58e-06,5.52e-06,5.54e-06,17182111012.0
1780113600,5.54e-06,5.55e-06,5.44e-06,5.48e-06,15637317937.0
1780117200,5.48e-06,5.51e-06,5.47e-06,5.5e-06,31091646344.0
1780120800,5.5e-06,5.53e-06,5.49e-06,5.51e-06,10122597205.0
1780124400,5.51e-06,5.51e-06,5.48e-06,5.5e-06,4691666032.0
1780128000,5.5e-06,5.5e-06,5.47e-06,5.47e-06,630401775.0
1780131600,5.46e-06,5.5e-06,5.46e-06,5.49e-06,1326947023.0
1780135200,5.48e-06,5.49e-06,5.48e-06,5.48e-06,2206900188.0
1780138800,5.47e-06,5.48e-06,5.45e-06,5.47e-06,2607103754.0
1780142400,5.47e-06,5.49e-06,5.46e-06,5.49e-06,1272751046.0
1780146000,5.49e-06,5.5e-06,5.44e-06,5.47e-06,3599205459.0
1780149600,5.47e-06,5.51e-06,5.47e-06,5.5e-06,9389178245.0
1780153200,5.51e-06,5.51e-06,5.46e-06,5.48e-06,12433773178.0
1780156800,5.48e-06,5.51e-06,5.47e-06,5.51e-06,5222769404.0
1780160400,5.51e-06,5.51e-06,5.47e-06,5.5e-06,17888878876.0
1780164000,5.51e-06,5.51e-06,5.49e-06,5.5e-06,7437842328.0
1780167600,5.5e-06,5.5e-06,5.46e-06,5.48e-06,1677355725.0
1780171200,5.49e-06,5.49e-06,5.47e-06,5.48e-06,1978062416.0
1780174800,5.48e-06,5.49e-06,5.46e-06,5.46e-06,5078343693.0
1780178400,5.45e-06,5.46e-06,5.41e-06,5.43e-06,3668976167.0
1780182000,5.44e-06,5.45e-06,5.4e-06,5.44e-06,11085327259.0
1780185600,5.45e-06,5.45e-06,5.42e-06,5.44e-06,5540960890.0
1780189200,5.44e-06,5.47e-06,5.43e-06,5.46e-06,3685882588.0
1780192800,5.46e-06,5.5e-06,5.46e-06,5.5e-06,8470313551.0
1780196400,5.5e-06,5.52e-06,5.49e-06,5.52e-06,4171196070.0
1780200000,5.52e-06,5.54e-06,5.5e-06,5.54e-06,9136596109.0
1780203600,5.54e-06,5.55e-06,5.49e-06,5.51e-06,6273408768.0
1780207200,5.5e-06,5.51e-06,5.49e-06,5.49e-06,2413947393.0
1780210800,5.49e-06,5.49e-06,5.44e-06,5.46e-06,6124041493.0
1780214400,5.46e-06,5.48e-06,5.45e-06,5.46e-06,15024632595.0
1780218000,5.47e-06,5.5e-06,5.46e-06,5.48e-06,2130617860.0
1780221600,5.48e-06,5.48e-06,5.44e-06,5.48e-06,5267292881.0
1780225200,5.49e-06,5.5e-06,5.48e-06,5.49e-06,5549485201.0
1780228800,5.49e-06,5.52e-06,5.48e-06,5.51e-06,2832795707.0
1780232400,5.51e-06,5.53e-06,5.49e-06,5.49e-06,3099149352.0
1780236000,5.48e-06,5.49e-06,5.38e-06,5.41e-06,29681660355.0
1780239600,5.41e-06,5.45e-06,5.41e-06,5.42e-06,4231470216.0
1780243200,5.42e-06,5.44e-06,5.36e-06,5.37e-06,22973632603.0
1780246800,5.37e-06,5.42e-06,5.36e-06,5.4e-06,10552284952.0
1780250400,5.4e-06,5.41e-06,5.39e-06,5.41e-06,2275669791.0
1780254000,5.41e-06,5.42e-06,5.38e-06,5.42e-06,5025404735.0
1780257600,5.43e-06,5.47e-06,5.42e-06,5.46e-06,6148779738.0
1780261200,5.46e-06,5.51e-06,5.45e-06,5.51e-06,4282025955.0
1780264800,5.51e-06,5.57e-06,5.51e-06,5.54e-06,19732361204.0
1780268400,5.53e-06,5.56e-06,5.47e-06,5.52e-06,4924252858.0
1780272000,5.52e-06,5.57e-06,5.52e-06,5.55e-06,8521605298.0
1780275600,5.55e-06,5.55e-06,5.46e-06,5.46e-06,6195304962.0
1780279200,5.45e-06,5.57e-06,5.45e-06,5.56e-06,2666182873.0
1780282800,5.57e-06,5.59e-06,5.56e-06,5.57e-06,4536560082.0
1780286400,5.58e-06,5.58e-06,5.49e-06,5.51e-06,3600958745.0
1780290000,5.5e-06,5.51e-06,5.47e-06,5.48e-06,1983104312.0
1780293600,5.48e-06,5.48e-06,5.4e-06,5.44e-06,6639975347.0
1780297200,5.44e-06,5.46e-06,5.39e-06,5.4e-06,4365336513.0
1780300800,5.39e-06,5.42e-06,5.37e-06,5.42e-06,8387927737.0
1780304400,5.43e-06,5.46e-06,5.42e-06,5.45e-06,6005416896.0
1780308000,5.45e-06,5.47e-06,5.42e-06,5.45e-06,3060645417.0
1780311600,5.45e-06,5.48e-06,5.43e-06,5.45e-06,4584585549.0
1780315200,5.44e-06,5.46e-06,5.38e-06,5.43e-06,6011160121.0
1780318800,5.43e-06,5.44e-06,5.34e-06,5.39e-06,35196881918.0
1780322400,5.39e-06,5.42e-06,5.37e-06,5.4e-06,19155312986.0
1780326000,5.39e-06,5.44e-06,5.37e-06,5.42e-06,10993440891.0
1780329600,5.42e-06,5.5e-06,5.37e-06,5.49e-06,19618043446.0
1780333200,5.49e-06,5.57e-06,5.49e-06,5.54e-06,18859105113.0
1780336800,5.54e-06,5.55e-06,5.5e-06,5.52e-06,10699323582.0
1780340400,5.52e-06,5.56e-06,5.5e-06,5.56e-06,5820650282.0
1780344000,5.55e-06,5.56e-06,5.52e-06,5.53e-06,3704018572.0
1780347600,5.52e-06,5.52e-06,5.47e-06,5.48e-06,5108994978.0
1780351200,5.48e-06,5.54e-06,5.45e-06,5.54e-06,13687903816.0
1780354800,5.53e-06,5.55e-06,5.52e-06,5.54e-06,8092112607.0
1780358400,5.54e-06,5.54e-06,5.49e-06,5.5e-06,3016411003.0
1780362000,5.5e-06,5.5e-06,5.41e-06,5.41e-06,7812153498.0
1780365600,5.41e-06,5.47e-06,5.37e-06,5.47e-06,37711969332.0
1780369200,5.47e-06,5.51e-06,5.46e-06,5.51e-06,6926107189.0
1780372800,5.51e-06,5.52e-06,5.46e-06,5.46e-06,3462800696.0
1780376400,5.46e-06,5.48e-06,5.41e-06,5.41e-06,6937267825.0
1780380000,5.41e-06,5.44e-06,5.39e-06,5.42e-06,9993195935.0
1780383600,5.42e-06,5.44e-06,5.37e-06,5.41e-06,5867335602.0
1780387200,5.41e-06,5.43e-06,5.41e-06,5.43e-06,4413227569.0
1780390800,5.43e-06,5.43e-06,5.38e-06,5.41e-06,6044541743.0
1780394400,5.4e-06,5.46e-06,5.4e-06,5.45e-06,6211659280.0
1780398000,5.45e-06,5.45e-06,5.39e-06,5.41e-06,18052984985.0
1780401600,5.4e-06,5.43e-06,5.4e-06,5.42e-06,8299533013.0
1780405200,5.43e-06,5.45e-06,5.4e-06,5.41e-06,9953211326.0
1780408800,5.4e-06,5.41e-06,5.21e-06,5.24e-06,74728606976.0
1780412400,5.23e-06,5.24e-06,5e-06,5.09e-06,161221981640.0
1780416000,5.09e-06,5.22e-06,5.07e-06,5.16e-06,80995730537.0
1780419600,5.16e-06,5.21e-06,5.15e-06,5.17e-06,50836520521.0
1780423200,5.17e-06,5.2e-06,5.06e-06,5.08e-06,54623700435.0
1780426800,5.08e-06,5.1e-06,4.94e-06,5.07e-06,77369296331.0
1780430400,5.07e-06,5.11e-06,5.02e-06,5.1e-06,33907430718.0
1780434000,5.1e-06,5.14e-06,5.07e-06,5.08e-06,20800696871.0
1780437600,5.07e-06,5.08e-06,4.94e-06,4.95e-06,36178432840.0
1780441200,4.95e-06,5.01e-06,4.91e-06,5.01e-06,53676338135.0
1780444800,5.02e-06,5.05e-06,5e-06,5.02e-06,16180688281.0
1780448400,5.02e-06,5.05e-06,4.99e-06,5.03e-06,22496725122.0
1780452000,5.03e-06,5.05e-06,5.01e-06,5.04e-06,13080219517.0
1780455600,5.04e-06,5.05e-06,4.91e-06,4.93e-06,34665236117.0
1780459200,4.94e-06,5.05e-06,4.94e-06,5.05e-06,16115599770.0
1780462800,5.05e-06,5.16e-06,5.05e-06,5.16e-06,20437657651.0
1780466400,5.16e-06,5.19e-06,5.14e-06,5.15e-06,18197693630.0
1780470000,5.15e-06,5.18e-06,5.14e-06,5.16e-06,18157733576.0
1780473600,5.16e-06,5.18e-06,5.14e-06,5.17e-06,10249733827.0
1780477200,5.17e-06,5.18e-06,5.13e-06,5.17e-06,9542889404.0
1780480800,5.16e-06,5.23e-06,5.16e-06,5.23e-06,12819182186.0
1780484400,5.23e-06,5.25e-06,5.2e-06,5.21e-06,10234278934.0
1780488000,5.21e-06,5.22e-06,5.17e-06,5.21e-06,12046858399.0
1780491600,5.22e-06,5.25e-06,5.18e-06,5.21e-06,19952222813.0
1780495200,5.21e-06,5.21e-06,5.15e-06,5.19e-06,17941237101.0
1780498800,5.19e-06,5.19e-06,5.1e-06,5.12e-06,21087158904.0
1780502400,5.11e-06,5.12e-06,5.01e-06,5.08e-06,17887334679.0
1780506000,5.09e-06,5.13e-06,5.03e-06,5.11e-06,14577247499.0
1780509600,5.11e-06,5.13e-06,5.06e-06,5.12e-06,9201961171.0
1780513200,5.13e-06,5.13e-06,5.01e-06,5.02e-06,33048859787.0
1780516800,5.01e-06,5.07e-06,4.95e-06,4.96e-06,20877075487.0
1780520400,4.96e-06,5.15e-06,4.96e-06,5.14e-06,14861045428.0
1780524000,5.13e-06,5.18e-06,5.07e-06,5.09e-06,19897957988.0
1780527600,5.09e-06,5.09e-06,5.03e-06,5.03e-06,13504045559.0
1780531200,5.04e-06,5.08e-06,4.93e-06,4.96e-06,29880833298.0
1780534800,4.96e-06,4.99e-06,4.77e-06,4.79e-06,74968821724.0
1780538400,4.79e-06,4.85e-06,4.57e-06,4.82e-06,143084155102.0
1780542000,4.82e-06,4.97e-06,4.82e-06,4.96e-06,31205212658.0
1780545600,4.95e-06,4.98e-06,4.9e-06,4.9e-06,12125233282.0
1780549200,4.89e-06,4.89e-06,4.81e-06,4.83e-06,13575351289.0
1780552800,4.83e-06,4.91e-06,4.83e-06,4.86e-06,7606033418.0
1780556400,4.86e-06,4.86e-06,4.77e-06,4.77e-06,12050216521.0
1780560000,4.78e-06,4.81e-06,4.73e-06,4.79e-06,7473738134.0
1780563600,4.79e-06,4.79e-06,4.66e-06,4.74e-06,37346884672.0
1780567200,4.73e-06,4.74e-06,4.64e-06,4.66e-06,20653464002.0
1780570800,4.66e-06,4.74e-06,4.64e-06,4.74e-06,24694108225.0
1780574400,4.74e-06,4.86e-06,4.69e-06,4.84e-06,24954555810.0
1780578000,4.84e-06,4.86e-06,4.76e-06,4.86e-06,21057150284.0
1780581600,4.86e-06,4.88e-06,4.83e-06,4.87e-06,12324694000.0
1780585200,4.86e-06,4.93e-06,4.86e-06,4.89e-06,8907542078.0
1780588800,4.89e-06,4.89e-06,4.83e-06,4.85e-06,39590263642.0
1780592400,4.84e-06,4.86e-06,4.78e-06,4.83e-06,14756872255.0
1780596000,4.83e-06,4.88e-06,4.79e-06,4.86e-06,13449175942.0
1780599600,4.86e-06,4.88e-06,4.81e-06,4.83e-06,6631998756.0
1780603200,4.83e-06,4.83e-06,4.78e-06,4.8e-06,7910667484.0
1780606800,4.8e-06,4.83e-06,4.66e-06,4.67e-06,14059615413.0
1780610400,4.67e-06,4.73e-06,4.66e-06,4.72e-06,16752078578.0
1780614000,4.72e-06,4.76e-06,4.69e-06,4.76e-06,18640462171.0
1780617600,4.75e-06,4.77e-06,4.69e-06,4.69e-06,28916164952.0
1780621200,4.68e-06,4.72e-06,4.64e-06,4.69e-06,51708930988.0
1780624800,4.69e-06,4.69e-06,4.57e-06,4.58e-06,39151587284.0
1780628400,4.58e-06,4.63e-06,4.56e-06,4.58e-06,26018646410.0
1780632000,4.58e-06,4.67e-06,4.56e-06,4.66e-06,27549103192.0
1780635600,4.67e-06,4.67e-06,4.54e-06,4.54e-06,31453220032.0
1780639200,4.55e-06,4.55e-06,4.32e-06,4.46e-06,75615969556.0
1780642800,4.46e-06,4.54e-06,4.37e-06,4.51e-06,57478707556.0
1780646400,4.52e-06,4.52e-06,4.43e-06,4.46e-06,18151709383.0
1780650000,4.45e-06,4.53e-06,4.45e-06,4.53e-06,11922530368.0
1780653600,4.53e-06,4.53e-06,4.47e-06,4.49e-06,10690259986.0
1780657200,4.49e-06,4.5e-06,4.45e-06,4.45e-06,22867025029.0
1780660800,4.45e-06,4.47e-06,4.37e-06,4.42e-06,43940223955.0
1780664400,4.43e-06,4.51e-06,4.32e-06,4.32e-06,22803210098.0
1780668000,4.33e-06,4.44e-06,4.3e-06,4.39e-06,45902862183.0
1780671600,4.4e-06,4.4e-06,4.27e-06,4.29e-06,75807893368.0
1780675200,4.28e-06,4.41e-06,4.19e-06,4.41e-06,150252008281.0
1780678800,4.4e-06,4.4e-06,4.32e-06,4.33e-06,44969723763.0
1780682400,4.34e-06,4.35e-06,4.13e-06,4.15e-06,51366847220.0
1780686000,4.15e-06,4.27e-06,4.09e-06,4.23e-06,32389113241.0
1780689600,4.24e-06,4.34e-06,4.19e-06,4.33e-06,43556578996.0
1780693200,4.33e-06,4.39e-06,4.33e-06,4.37e-06,21248974439.0
1780696800,4.37e-06,4.37e-06,4.3e-06,4.34e-06,18825843391.0
1780700400,4.34e-06,4.35e-06,4.22e-06,4.28e-06,19330269198.0
1780704000,4.28e-06,4.36e-06,4.28e-06,4.35e-06,18146846316.0
1780707600,4.35e-06,4.37e-06,4.27e-06,4.28e-06,23979508845.0
1780711200,4.28e-06,4.29e-06,4.25e-06,4.25e-06,10527051594.0
1780714800,4.25e-06,4.26e-06,4.22e-06,4.23e-06,19617875893.0
1780718400,4.23e-06,4.25e-06,4.03e-06,4.05e-06,49507516587.0
1780722000,4.05e-06,4.19e-06,4e-06,4.19e-06,24570403202.0
1780725600,4.19e-06,4.26e-06,4.19e-06,4.2e-06,18968030583.0
1780729200,4.2e-06,4.27e-06,4.2e-06,4.25e-06,7527173815.0
1780732800,4.25e-06,4.3e-06,4.24e-06,4.29e-06,11197726909.0
1780736400,4.29e-06,4.31e-06,4.23e-06,4.24e-06,24416212136.0
1780740000,4.23e-06,4.23e-06,4.15e-06,4.19e-06,40572224843.0
1780743600,4.19e-06,4.24e-06,4.18e-06,4.24e-06,11081786332.0
1780747200,4.24e-06,4.29e-06,4.21e-06,4.27e-06,14421149549.0
1780750800,4.27e-06,4.29e-06,4.25e-06,4.27e-06,8021557582.0
1780754400,4.27e-06,4.31e-06,4.27e-06,4.28e-06,7492485264.0
1780758000,4.28e-06,4.28e-06,4.21e-06,4.24e-06,5757552371.0
1780761600,4.24e-06,4.26e-06,4.21e-06,4.24e-06,7934028320.0
1780765200,4.25e-06,4.25e-06,4.18e-06,4.19e-06,5237880822.0
1780768800,4.19e-06,4.22e-06,4.17e-06,4.2e-06,22014493205.0
1780772400,4.19e-06,4.22e-06,4.17e-06,4.17e-06,6006004039.0
1780776000,4.18e-06,4.19e-06,4.16e-06,4.19e-06,2840492173.0
1780779600,4.19e-06,4.22e-06,4.19e-06,4.2e-06,4253404724.0
1780783200,4.21e-06,4.22e-06,4.19e-06,4.21e-06,3103938611.0
1780786800,4.2e-06,4.24e-06,4.2e-06,4.24e-06,3630422220.0
1780790400,4.24e-06,4.24e-06,4.21e-06,4.23e-06,5395754701.0
1780794000,4.23e-06,4.35e-06,4.23e-06,4.32e-06,31257345343.0
1780797600,4.33e-06,4.34e-06,4.28e-06,4.31e-06,7094104827.0
1780801200,4.3e-06,4.31e-06,4.28e-06,4.3e-06,3573374017.0
1780804800,4.3e-06,4.33e-06,4.28e-06,4.33e-06,44443505379.0
1780808400,4.33e-06,4.35e-06,4.32e-06,4.32e-06,10416605051.0
1780812000,4.32e-06,4.37e-06,4.3e-06,4.34e-06,11512437159.0
1780815600,4.35e-06,4.36e-06,4.34e-06,4.35e-06,4313014149.0
1780819200,4.35e-06,4.44e-06,4.34e-06,4.43e-06,20106753347.0
1780822800,4.43e-06,4.45e-06,4.38e-06,4.38e-06,26686758049.0
1780826400,4.38e-06,4.39e-06,4.34e-06,4.35e-06,4894694183.0
1780830000,4.36e-06,4.38e-06,4.34e-06,4.37e-06,2731859849.0
1780833600,4.37e-06,4.38e-06,4.28e-06,4.31e-06,10503072899.0
1780837200,4.31e-06,4.33e-06,4.3e-06,4.32e-06,3227526736.0
1780840800,4.32e-06,4.39e-06,4.32e-06,4.36e-06,18437864468.0
1780844400,4.35e-06,4.38e-06,4.34e-06,4.36e-06,9322090829.0
1780848000,4.36e-06,4.38e-06,4.35e-06,4.37e-06,1899541863.0
1780851600,4.37e-06,4.39e-06,4.36e-06,4.38e-06,2104537762.0
1780855200,4.38e-06,4.39e-06,4.34e-06,4.34e-06,3838711064.0
1780858800,4.34e-06,4.34e-06,4.23e-06,4.25e-06,20424927903.0
1780862400,4.26e-06,4.32e-06,4.26e-06,4.31e-06,11432685276.0
1780866000,4.3e-06,4.33e-06,4.28e-06,4.31e-06,4467714721.0
1780869600,4.31e-06,4.56e-06,4.31e-06,4.41e-06,41854242258.0
1780873200,4.42e-06,4.45e-06,4.39e-06,4.44e-06,33828462735.0
1780876800,4.44e-06,4.47e-06,4.41e-06,4.45e-06,26493501086.0
1780880400,4.45e-06,4.45e-06,4.34e-06,4.38e-06,16823189573.0
1780884000,4.4e-06,4.4e-06,4.37e-06,4.39e-06,5688470200.0
1780887600,4.39e-06,4.4e-06,4.37e-06,4.38e-06,2348420363.0
1780891200,4.36e-06,4.37e-06,4.34e-06,4.34e-06,3525573088.0
1780894800,4.34e-06,4.35e-06,4.31e-06,4.35e-06,13467026980.0
1780898400,4.35e-06,4.38e-06,4.35e-06,4.37e-06,2090139132.0
1780902000,4.37e-06,4.41e-06,4.36e-06,4.4e-06,2522582493.0
1780905600,4.39e-06,4.4e-06,4.36e-06,4.37e-06,4286047708.0
1780909200,4.38e-06,4.42e-06,4.37e-06,4.42e-06,7937017596.0
1780912800,4.43e-06,4.44e-06,4.39e-06,4.4e-06,5849844932.0
1780916400,4.4e-06,4.48e-06,4.4e-06,4.46e-06,7789788234.0
1780920000,4.46e-06,4.49e-06,4.41e-06,4.49e-06,8940304723.0
1780923600,4.48e-06,4.48e-06,4.44e-06,4.46e-06,7628496881.0
1780927200,4.46e-06,4.48e-06,4.45e-06,4.48e-06,12444789013.0
1780930800,4.49e-06,4.51e-06,4.45e-06,4.45e-06,15339935090.0
1780934400,4.45e-06,4.51e-06,4.44e-06,4.45e-06,18281705946.0
1780938000,4.45e-06,4.49e-06,4.43e-06,4.49e-06,4865520057.0
1780941600,4.48e-06,4.49e-06,4.45e-06,4.46e-06,3372367795.0
1780945200,4.46e-06,4.48e-06,4.45e-06,4.45e-06,7872150398.0
1780948800,4.45e-06,4.45e-06,4.41e-06,4.45e-06,10937027362.0
1780952400,4.45e-06,4.48e-06,4.44e-06,4.44e-06,5907255754.0
1780956000,4.43e-06,4.44e-06,4.42e-06,4.42e-06,4873476825.0
1780959600,4.43e-06,4.44e-06,4.38e-06,4.4e-06,4046037861.0
1780963200,4.4e-06,4.4e-06,4.31e-06,4.33e-06,16287910822.0
1780966800,4.34e-06,4.36e-06,4.32e-06,4.36e-06,10219786868.0
1780970400,4.35e-06,4.36e-06,4.32e-06,4.36e-06,16182880593.0
1780974000,4.36e-06,4.37e-06,4.33e-06,4.36e-06,8653583724.0
1780977600,4.36e-06,4.44e-06,4.36e-06,4.43e-06,11259544283.0
1780981200,4.43e-06,4.46e-06,4.42e-06,4.44e-06,12719534853.0
1780984800,4.44e-06,4.45e-06,4.42e-06,4.42e-06,2989512039.0
1780988400,4.43e-06,4.44e-06,4.41e-06,4.42e-06,5043695803.0
1780992000,4.41e-06,4.41e-06,4.39e-06,4.39e-06,3457471343.0
1780995600,4.39e-06,4.4e-06,4.35e-06,4.36e-06,10486630700.0
1780999200,4.37e-06,4.37e-06,4.35e-06,4.37e-06,5793194595.0
1781002800,4.37e-06,4.38e-06,4.36e-06,4.38e-06,3538740034.0
1781006400,4.4e-06,4.41e-06,4.39e-06,4.41e-06,3931780164.0
1781010000,4.42e-06,4.42e-06,4.37e-06,4.39e-06,17462346777.0
1781013600,4.39e-06,4.39e-06,4.28e-06,4.33e-06,22776447458.0
1781017200,4.33e-06,4.35e-06,4.27e-06,4.28e-06,25774834804.0
1781020800,4.28e-06,4.3e-06,4.23e-06,4.29e-06,21116863423.0
1781024400,4.29e-06,4.37e-06,4.29e-06,4.34e-06,13135314009.0
1781028000,4.34e-06,4.36e-06,4.34e-06,4.36e-06,2719346901.0
1781031600,4.36e-06,4.38e-06,4.35e-06,4.38e-06,5120458766.0
1781035200,4.37e-06,4.39e-06,4.37e-06,4.39e-06,8249110961.0
1781038800,4.39e-06,4.39e-06,4.34e-06,4.34e-06,3603167617.0
1781042400,4.33e-06,4.36e-06,4.33e-06,4.34e-06,985547119.0
1781046000,4.34e-06,4.36e-06,4.33e-06,4.35e-06,5213257758.0
1781049600,4.36e-06,4.36e-06,4.3e-06,4.35e-06,7362415111.0
1781053200,4.36e-06,4.36e-06,4.32e-06,4.35e-06,5887079810.0
1781056800,4.35e-06,4.35e-06,4.27e-06,4.28e-06,4174898582.0
1781060400,4.28e-06,4.31e-06,4.28e-06,4.29e-06,11856475896.0
1781064000,4.29e-06,4.3e-06,4.26e-06,4.27e-06,9046686169.0
1781067600,4.27e-06,4.28e-06,4.25e-06,4.26e-06,25235358221.0
1781071200,4.26e-06,4.29e-06,4.26e-06,4.29e-06,6920683036.0
1781074800,4.3e-06,4.32e-06,4.3e-06,4.3e-06,10846250475.0
1781078400,4.3e-06,4.3e-06,4.26e-06,4.27e-06,4430582429.0
1781082000,4.27e-06,4.27e-06,4.23e-06,4.26e-06,3834917032.0
1781085600,4.26e-06,4.28e-06,4.24e-06,4.28e-06,1674107374.0
1781089200,4.28e-06,4.28e-06,4.22e-06,4.23e-06,22151038412.0
1781092800,4.23e-06,4.32e-06,4.22e-06,4.29e-06,15809452813.0
1781096400,4.29e-06,4.38e-06,4.28e-06,4.34e-06,23451292210.0
1781100000,4.34e-06,4.36e-06,4.31e-06,4.34e-06,15649745825.0
1781103600,4.35e-06,4.36e-06,4.3e-06,4.35e-06,24314368753.0
1781107200,4.34e-06,4.36e-06,4.28e-06,4.3e-06,10802395948.0
1781110800,4.31e-06,4.32e-06,4.26e-06,4.3e-06,12331592840.0
1781114400,4.3e-06,4.3e-06,4.25e-06,4.29e-06,16141493073.0
1781118000,4.29e-06,4.29e-06,4.22e-06,4.23e-06,8678498102.0
1781121600,4.23e-06,4.25e-06,4.21e-06,4.22e-06,20959071329.0
1781125200,4.22e-06,4.22e-06,4.15e-06,4.16e-06,23122131050.0
1781128800,4.16e-06,4.2e-06,4.15e-06,4.17e-06,10143320361.0
1781132400,4.17e-06,4.23e-06,4.17e-06,4.22e-06,5953610342.0
1781136000,4.23e-06,4.26e-06,4.23e-06,4.26e-06,11690703385.0
1781139600,4.26e-06,4.31e-06,4.26e-06,4.3e-06,21004190069.0
1781143200,4.3e-06,4.3e-06,4.26e-06,4.27e-06,5687948839.0
1781146800,4.27e-06,4.35e-06,4.26e-06,4.34e-06,6996002095.0
1781150400,4.34e-06,4.36e-06,4.32e-06,4.34e-06,4402664711.0
1781154000,4.34e-06,4.34e-06,4.32e-06,4.32e-06,2897063847.0
1781157600,4.32e-06,4.34e-06,4.31e-06,4.32e-06,2730404925.0
1781161200,4.32e-06,4.34e-06,4.32e-06,4.33e-06,932803145.0
1781164800,4.33e-06,4.39e-06,4.33e-06,4.37e-06,1816059873.0
1781168400,4.37e-06,4.38e-06,4.34e-06,4.36e-06,3746125238.0
1781172000,4.36e-06,4.37e-06,4.35e-06,4.36e-06,2362363745.0
1781175600,4.36e-06,4.4e-06,4.35e-06,4.38e-06,15569345592.0
1781179200,4.38e-06,4.38e-06,4.31e-06,4.34e-06,24398746103.0
1781182800,4.34e-06,4.37e-06,4.33e-06,4.36e-06,8049118350.0
1781186400,4.36e-06,4.37e-06,4.34e-06,4.35e-06,1204723804.0
1781190000,4.35e-06,4.37e-06,4.33e-06,4.35e-06,5133311631.0
1781193600,4.36e-06,4.36e-06,4.33e-06,4.33e-06,3387177315.0
1781197200,4.33e-06,4.46e-06,4.3e-06,4.44e-06,23341994998.0
1781200800,4.44e-06,4.45e-06,4.4e-06,4.41e-06,8481751282.0
1781204400,4.41e-06,4.44e-06,4.4e-06,4.42e-06,3757914113.0
1781208000,4.41e-06,4.42e-06,4.38e-06,4.39e-06,5210055943.0
1781211600,4.4e-06,4.44e-06,4.4e-06,4.42e-06,3532019468.0
1781215200,4.42e-06,4.43e-06,4.4e-06,4.41e-06,2319895136.0
1781218800,4.41e-06,4.42e-06,4.4e-06,4.4e-06,7093982251.0
1781222400,4.4e-06,4.43e-06,4.39e-06,4.4e-06,4000131291.0
1781226000,4.4e-06,4.41e-06,4.38e-06,4.41e-06,1915977797.0
1781229600,4.41e-06,4.44e-06,4.4e-06,4.42e-06,27372100464.0
1781233200,4.42e-06,4.43e-06,4.41e-06,4.43e-06,10289742085.0
1781236800,4.43e-06,4.46e-06,4.41e-06,4.43e-06,40710649276.0
1781240400,4.43e-06,4.43e-06,4.4e-06,4.4e-06,1895312624.0
1781244000,4.39e-06,4.39e-06,4.35e-06,4.36e-06,4027800001.0
1781247600,4.37e-06,4.39e-06,4.36e-06,4.39e-06,3849941861.0
1781251200,4.4e-06,4.42e-06,4.39e-06,4.42e-06,1682946105.0
1781254800,4.42e-06,4.46e-06,4.42e-06,4.45e-06,2325685756.0
1781258400,4.45e-06,4.47e-06,4.44e-06,4.44e-06,2703375851.0
1781262000,4.45e-06,4.46e-06,4.43e-06,4.45e-06,2276341618.0
1781265600,4.45e-06,4.47e-06,4.44e-06,4.46e-06,5705255878.0
1781269200,4.45e-06,4.46e-06,4.4e-06,4.42e-06,10243134749.0
1781272800,4.43e-06,4.55e-06,4.43e-06,4.54e-06,19623399100.0
1781276400,4.54e-06,4.55e-06,4.42e-06,4.43e-06,33286045458.0
1781280000,4.44e-06,4.47e-06,4.42e-06,4.46e-06,12806658381.0
1781283600,4.46e-06,4.48e-06,4.44e-06,4.44e-06,2006742530.0
1781287200,4.43e-06,4.45e-06,4.4e-06,4.42e-06,32341021895.0
1781290800,4.42e-06,4.44e-06,4.41e-06,4.41e-06,2901805681.0
1781294400,4.41e-06,4.42e-06,4.39e-06,4.4e-06,2629813928.0
1781298000,4.4e-06,4.42e-06,4.38e-06,4.39e-06,9498932925.0
1781301600,4.39e-06,4.4e-06,4.38e-06,4.38e-06,2948621292.0
1781305200,4.37e-06,4.39e-06,4.36e-06,4.39e-06,6271837029.0
1781308800,4.39e-06,4.4e-06,4.38e-06,4.4e-06,9089034175.0
1781312400,4.41e-06,4.44e-06,4.4e-06,4.43e-06,4970695920.0
1781316000,4.44e-06,4.44e-06,4.41e-06,4.42e-06,10363909779.0
1781319600,4.41e-06,4.41e-06,4.39e-06,4.4e-06,3877585959.0
1781323200,4.4e-06,4.41e-06,4.38e-06,4.4e-06,1911122507.0
1781326800,4.4e-06,4.41e-06,4.37e-06,4.39e-06,4291639950.0
1781330400,4.39e-06,4.42e-06,4.38e-06,4.42e-06,3771526751.0
1781334000,4.41e-06,4.45e-06,4.41e-06,4.44e-06,4651731719.0
1781337600,4.44e-06,4.45e-06,4.42e-06,4.44e-06,3890042642.0
1781341200,4.43e-06,4.45e-06,4.42e-06,4.43e-06,2971772239.0
1781344800,4.43e-06,4.44e-06,4.42e-06,4.43e-06,1032659541.0
1781348400,4.44e-06,4.51e-06,4.43e-06,4.5e-06,7978389872.0
1781352000,4.49e-06,4.51e-06,4.48e-06,4.5e-06,11738246502.0
1781355600,4.49e-06,4.5e-06,4.47e-06,4.48e-06,2614216527.0
1781359200,4.48e-06,4.49e-06,4.46e-06,4.49e-06,5263338925.0
1781362800,4.49e-06,4.51e-06,4.48e-06,4.5e-06,6228060826.0
1781366400,4.51e-06,4.51e-06,4.47e-06,4.49e-06,12466845072.0
1781370000,4.49e-06,4.5e-06,4.46e-06,4.47e-06,5509139448.0
1781373600,4.47e-06,4.49e-06,4.47e-06,4.48e-06,711514807.0
1781377200,4.47e-06,4.5e-06,4.47e-06,4.47e-06,1411047543.0
1781380800,4.47e-06,4.48e-06,4.47e-06,4.48e-06,9807128716.0
1781384400,4.49e-06,4.56e-06,4.48e-06,4.52e-06,12825372330.0
1781388000,4.52e-06,4.53e-06,4.49e-06,4.49e-06,2786858456.0
1781391600,4.49e-06,4.51e-06,4.49e-06,4.49e-06,16748433440.0
1781395200,4.49e-06,4.51e-06,4.49e-06,4.49e-06,4121957675.0
1781398800,4.49e-06,4.51e-06,4.49e-06,4.5e-06,1741057495.0
1781402400,4.5e-06,4.52e-06,4.49e-06,4.49e-06,958803878.0
1781406000,4.49e-06,4.5e-06,4.48e-06,4.5e-06,1259126643.0
1781409600,4.5e-06,4.5e-06,4.45e-06,4.46e-06,14727422699.0
1781413200,4.46e-06,4.47e-06,4.44e-06,4.46e-06,1984865755.0
1781416800,4.47e-06,4.48e-06,4.46e-06,4.46e-06,2409388019.0
1781420400,4.46e-06,4.47e-06,4.45e-06,4.46e-06,4012587067.0
1781424000,4.46e-06,4.48e-06,4.46e-06,4.46e-06,1356148903.0
1781427600,4.46e-06,4.48e-06,4.45e-06,4.48e-06,1965611559.0
1781431200,4.47e-06,4.49e-06,4.46e-06,4.46e-06,936687038.0
1781434800,4.46e-06,4.46e-06,4.45e-06,4.45e-06,488045152.0
1781438400,4.44e-06,4.45e-06,4.43e-06,4.44e-06,1486187316.0
1781442000,4.44e-06,4.44e-06,4.4e-06,4.4e-06,4471979174.0
1781445600,4.4e-06,4.4e-06,4.34e-06,4.37e-06,10941064615.0
1781449200,4.37e-06,4.38e-06,4.35e-06,4.35e-06,12633293851.0
1781452800,4.36e-06,4.38e-06,4.35e-06,4.36e-06,2582815882.0
1781456400,4.36e-06,4.37e-06,4.33e-06,4.34e-06,9046924006.0
1781460000,4.33e-06,4.34e-06,4.32e-06,4.33e-06,248282301.0
1781463600,4.33e-06,4.36e-06,4.33e-06,4.35e-06,9573573182.0
1781467200,4.35e-06,4.39e-06,4.34e-06,4.37e-06,3913702990.0
1781470800,4.37e-06,4.59e-06,4.37e-06,4.56e-06,18069056422.0
1781474400,4.56e-06,4.59e-06,4.5e-06,4.57e-06,48225373185.0
1781478000,4.57e-06,4.67e-06,4.57e-06,4.66e-06,93095917221.0
1781481600,4.66e-06,4.7e-06,4.6e-06,4.61e-06,21869292397.0
1781485200,4.61e-06,4.63e-06,4.58e-06,4.61e-06,3845652624.0
1781488800,4.6e-06,4.65e-06,4.6e-06,4.62e-06,10523904950.0
1781492400,4.62e-06,4.66e-06,4.61e-06,4.65e-06,11759814730.0
1781496000,4.65e-06,4.67e-06,4.62e-06,4.62e-06,5332102051.0
1781499600,4.62e-06,4.66e-06,4.62e-06,4.65e-06,4596104139.0
1781503200,4.65e-06,4.68e-06,4.65e-06,4.65e-06,5962599520.0
1781506800,4.65e-06,4.68e-06,4.65e-06,4.65e-06,6975844065.0
1781510400,4.66e-06,4.7e-06,4.66e-06,4.68e-06,3088521817.0
1781514000,4.68e-06,4.69e-06,4.64e-06,4.68e-06,18951693930.0
1781517600,4.68e-06,4.77e-06,4.68e-06,4.75e-06,18803854645.0
1781521200,4.75e-06,4.85e-06,4.74e-06,4.85e-06,11019880167.0
1781524800,4.86e-06,4.95e-06,4.84e-06,4.91e-06,35548878406.0
1781528400,4.91e-06,5.15e-06,4.91e-06,5.08e-06,164816551450.0
1781532000,5.08e-06,5.1e-06,4.97e-06,5.04e-06,48179271786.0
1781535600,5.05e-06,5.07e-06,4.9e-06,5.06e-06,113522579180.0
1781539200,5.06e-06,5.09e-06,5.02e-06,5.05e-06,28950753726.0
1781542800,5.03e-06,5.06e-06,4.98e-06,5.04e-06,27248855944.0
1781546400,5.03e-06,5.08e-06,4.99e-06,4.99e-06,12987856075.0
1781550000,4.99e-06,5.01e-06,4.88e-06,4.92e-06,31605856012.0
1781553600,4.91e-06,4.96e-06,4.91e-06,4.93e-06,7697603681.0
1781557200,4.94e-06,4.95e-06,4.87e-06,4.88e-06,15489612139.0
1781560800,4.88e-06,4.89e-06,4.78e-06,4.8e-06,20911037150.0
1781564400,4.8e-06,4.82e-06,4.78e-06,4.81e-06,7454102369.0
1781568000,4.81e-06,4.82e-06,4.77e-06,4.77e-06,28996925216.0
1781571600,4.77e-06,4.79e-06,4.75e-06,4.75e-06,13948524165.0
1781575200,4.75e-06,4.76e-06,4.68e-06,4.68e-06,51368840698.0
1781578800,4.68e-06,4.75e-06,4.65e-06,4.75e-06,62530351599.0
1781582400,4.75e-06,4.75e-06,4.69e-06,4.69e-06,4164543710.0
1781586000,4.69e-06,4.74e-06,4.69e-06,4.74e-06,4776873607.0
1781589600,4.74e-06,4.78e-06,4.74e-06,4.78e-06,5853727025.0
1781593200,4.77e-06,4.8e-06,4.75e-06,4.8e-06,2779478453.0
1781596800,4.81e-06,4.87e-06,4.8e-06,4.87e-06,6987306306.0
1781600400,4.86e-06,4.86e-06,4.79e-06,4.8e-06,10467868786.0
1781604000,4.79e-06,4.81e-06,4.78e-06,4.79e-06,1753458522.0
1781607600,4.79e-06,4.79e-06,4.77e-06,4.78e-06,3355978397.0
1781611200,4.78e-06,4.83e-06,4.78e-06,4.82e-06,5154287403.0
1781614800,4.83e-06,4.83e-06,4.74e-06,4.76e-06,6337637138.0
1781618400,4.77e-06,4.77e-06,4.64e-06,4.68e-06,14088862577.0
1781622000,4.68e-06,4.74e-06,4.68e-06,4.73e-06,8039177868.0
1781625600,4.73e-06,4.75e-06,4.71e-06,4.72e-06,11929247353.0
1781629200,4.72e-06,4.79e-06,4.72e-06,4.79e-06,4815544681.0
1781632800,4.78e-06,4.83e-06,4.78e-06,4.82e-06,9460756570.0
1781636400,4.81e-06,4.82e-06,4.78e-06,4.79e-06,4388593115.0
1781640000,4.79e-06,4.82e-06,4.78e-06,4.82e-06,5098315458.0
1781643600,4.82e-06,4.82e-06,4.78e-06,4.8e-06,6385673883.0
1781647200,4.8e-06,4.81e-06,4.78e-06,4.8e-06,11352457481.0
1781650800,4.8e-06,4.8e-06,4.79e-06,4.79e-06,5853363944.0
1781654400,4.79e-06,4.81e-06,4.78e-06,4.79e-06,5020377186.0
1781658000,4.8e-06,4.85e-06,4.78e-06,4.84e-06,8807121609.0
1781661600,4.84e-06,4.88e-06,4.83e-06,4.87e-06,4969842572.0
1781665200,4.86e-06,4.86e-06,4.8e-06,4.82e-06,3167045100.0
1781668800,4.82e-06,4.84e-06,4.81e-06,4.82e-06,675054118.0
1781672400,4.82e-06,4.82e-06,4.78e-06,4.79e-06,4307726618.0
1781676000,4.8e-06,4.81e-06,4.77e-06,4.77e-06,1176940079.0
1781679600,4.77e-06,4.8e-06,4.76e-06,4.77e-06,9193629529.0
1781683200,4.78e-06,4.78e-06,4.71e-06,4.72e-06,8733318652.0
1781686800,4.72e-06,4.74e-06,4.72e-06,4.73e-06,2566035159.0
1781690400,4.74e-06,4.74e-06,4.71e-06,4.71e-06,3081820602.0
1781694000,4.7e-06,4.71e-06,4.68e-06,4.69e-06,7443265217.0
1781697600,4.69e-06,4.74e-06,4.67e-06,4.74e-06,5766901542.0
1781701200,4.74e-06,4.76e-06,4.72e-06,4.74e-06,4035510942.0
1781704800,4.73e-06,4.76e-06,4.69e-06,4.73e-06,13061079975.0
1781708400,4.72e-06,4.82e-06,4.72e-06,4.82e-06,5787396173.0
1781712000,4.82e-06,4.85e-06,4.79e-06,4.79e-06,5184521907.0
1781715600,4.79e-06,4.85e-06,4.77e-06,4.82e-06,22723050815.0
1781719200,4.8e-06,4.84e-06,4.71e-06,4.79e-06,30812029816.0
1781722800,4.78e-06,4.79e-06,4.62e-06,4.65e-06,15206047402.0
1781726400,4.66e-06,4.69e-06,4.64e-06,4.67e-06,11847252222.0
1781730000,4.68e-06,4.68e-06,4.64e-06,4.65e-06,4787224272.0
1781733600,4.64e-06,4.65e-06,4.58e-06,4.63e-06,25728700117.0
1781737200,4.63e-06,4.66e-06,4.62e-06,4.63e-06,22898292555.0
1781740800,4.62e-06,4.67e-06,4.62e-06,4.65e-06,17939396537.0
1781744400,4.66e-06,4.69e-06,4.66e-06,4.66e-06,1901943217.0
1781748000,4.67e-06,4.71e-06,4.67e-06,4.68e-06,7056736416.0
1781751600,4.68e-06,4.69e-06,4.61e-06,4.61e-06,6522790847.0
1781755200,4.61e-06,4.61e-06,4.55e-06,4.56e-06,11653687078.0
1781758800,4.54e-06,4.59e-06,4.52e-06,4.59e-06,21130634141.0
1781762400,4.58e-06,4.6e-06,4.57e-06,4.58e-06,16616595523.0
1781766000,4.57e-06,4.63e-06,4.57e-06,4.62e-06,5804054669.0
1781769600,4.61e-06,4.68e-06,4.61e-06,4.68e-06,10701230323.0
1781773200,4.68e-06,4.69e-06,4.66e-06,4.66e-06,14801761594.0
1781776800,4.66e-06,4.66e-06,4.62e-06,4.64e-06,2752298181.0
1781780400,4.64e-06,4.64e-06,4.58e-06,4.58e-06,4308269788.0
1781784000,4.59e-06,4.64e-06,4.58e-06,4.63e-06,3409870627.0
1781787600,4.62e-06,4.64e-06,4.55e-06,4.58e-06,12940007865.0
1781791200,4.57e-06,4.61e-06,4.56e-06,4.59e-06,14074724311.0
1781794800,4.57e-06,4.58e-06,4.39e-06,4.4e-06,41241409228.0
1781798400,4.41e-06,4.5e-06,4.41e-06,4.49e-06,22375070260.0
1781802000,4.48e-06,4.49e-06,4.45e-06,4.46e-06,29999534237.0
1781805600,4.46e-06,4.49e-06,4.45e-06,4.48e-06,3066487215.0
1781809200,4.48e-06,4.52e-06,4.48e-06,4.52e-06,4582708524.0
1781812800,4.52e-06,4.55e-06,4.52e-06,4.53e-06,3843205683.0
1781816400,4.52e-06,4.53e-06,4.51e-06,4.52e-06,3339329327.0
1781820000,4.52e-06,4.53e-06,4.51e-06,4.53e-06,4791654038.0
1781823600,4.52e-06,4.53e-06,4.51e-06,4.53e-06,3642313341.0
1781827200,4.53e-06,4.54e-06,4.51e-06,4.53e-06,1021839667.0
1781830800,4.53e-06,4.56e-06,4.52e-06,4.56e-06,4515777974.0
1781834400,4.56e-06,4.56e-06,4.53e-06,4.55e-06,5928961665.0
1781838000,4.55e-06,4.55e-06,4.46e-06,4.51e-06,25317223203.0
1781841600,4.49e-06,4.51e-06,4.44e-06,4.46e-06,16262080533.0
1781845200,4.46e-06,4.49e-06,4.46e-06,4.48e-06,1918584661.0
1781848800,4.48e-06,4.5e-06,4.47e-06,4.48e-06,1731240185.0
1781852400,4.48e-06,4.48e-06,4.42e-06,4.45e-06,945365853.0
1781856000,4.45e-06,4.47e-06,4.45e-06,4.46e-06,1307663974.0
1781859600,4.46e-06,4.47e-06,4.44e-06,4.46e-06,2906327738.0
1781863200,4.45e-06,4.46e-06,4.43e-06,4.45e-06,3772698661.0
1781866800,4.45e-06,4.46e-06,4.44e-06,4.45e-06,1440710636.0
1781870400,4.45e-06,4.49e-06,4.43e-06,4.48e-06,7536786485.0
1781874000,4.49e-06,4.52e-06,4.47e-06,4.51e-06,4437049004.0
1781877600,4.51e-06,4.54e-06,4.49e-06,4.51e-06,3598342607.0
1781881200,4.51e-06,4.53e-06,4.5e-06,4.51e-06,1364387598.0
1781884800,4.52e-06,4.53e-06,4.48e-06,4.48e-06,1700296827.0
1781888400,4.47e-06,4.52e-06,4.47e-06,4.52e-06,10186034103.0
1781892000,4.51e-06,4.52e-06,4.47e-06,4.48e-06,7606985846.0
1781895600,4.48e-06,4.48e-06,4.47e-06,4.47e-06,477522636.0
1781899200,4.48e-06,4.51e-06,4.47e-06,4.5e-06,900532789.0
1781902800,4.5e-06,4.5e-06,4.46e-06,4.47e-06,5718803309.0
1781906400,4.47e-06,4.49e-06,4.46e-06,4.49e-06,3722727618.0
1781910000,4.49e-06,4.53e-06,4.48e-06,4.52e-06,5620187175.0
1781913600,4.53e-06,4.56e-06,4.52e-06,4.53e-06,3488017759.0
1781917200,4.53e-06,4.55e-06,4.53e-06,4.55e-06,1937581015.0
1781920800,4.53e-06,4.53e-06,4.51e-06,4.51e-06,284145931.0
1781924400,4.51e-06,4.53e-06,4.5e-06,4.51e-06,133255949.0
1781928000,4.52e-06,4.54e-06,4.52e-06,4.54e-06,1140734711.0
1781931600,4.55e-06,4.6e-06,4.54e-06,4.56e-06,22334237795.0
1781935200,4.56e-06,4.58e-06,4.55e-06,4.57e-06,3014515817.0
1781938800,4.57e-06,4.57e-06,4.55e-06,4.55e-06,2456832623.0
1781942400,4.55e-06,4.55e-06,4.53e-06,4.54e-06,3714440605.0
1781946000,4.55e-06,4.57e-06,4.54e-06,4.57e-06,1259234139.0
1781949600,4.56e-06,4.57e-06,4.54e-06,4.54e-06,902906450.0
1781953200,4.54e-06,4.54e-06,4.53e-06,4.53e-06,925260520.0
1781956800,4.52e-06,4.54e-06,4.52e-06,4.53e-06,1810385538.0
1781960400,4.52e-06,4.52e-06,4.49e-06,4.5e-06,5646424549.0
1781964000,4.49e-06,4.56e-06,4.47e-06,4.53e-06,7048567660.0
1781967600,4.53e-06,4.58e-06,4.53e-06,4.56e-06,7998397390.0
1781971200,4.56e-06,4.56e-06,4.54e-06,4.56e-06,4029318800.0
1781974800,4.55e-06,4.55e-06,4.51e-06,4.54e-06,1951577127.0
1781978400,4.54e-06,4.56e-06,4.53e-06,4.53e-06,13691000309.0
1781982000,4.53e-06,4.55e-06,4.53e-06,4.55e-06,2308632147.0
1781985600,4.55e-06,4.55e-06,4.53e-06,4.55e-06,3434682185.0
1781989200,4.55e-06,4.57e-06,4.55e-06,4.56e-06,2353526102.0
1781992800,4.56e-06,4.63e-06,4.56e-06,4.62e-06,10186312457.0
1781996400,4.61e-06,4.63e-06,4.59e-06,4.6e-06,19508734389.0
1782000000,4.6e-06,4.61e-06,4.59e-06,4.6e-06,1660105913.0
1782003600,4.6e-06,4.6e-06,4.58e-06,4.59e-06,2541202000.0
1782007200,4.58e-06,4.6e-06,4.58e-06,4.59e-06,1334559685.0
1782010800,4.59e-06,4.61e-06,4.58e-06,4.61e-06,710798231.0
1782014400,4.6e-06,4.61e-06,4.57e-06,4.57e-06,2609132166.0
1782018000,4.57e-06,4.58e-06,4.56e-06,4.57e-06,1640300524.0
1782021600,4.57e-06,4.59e-06,4.57e-06,4.59e-06,2234085260.0
1782025200,4.58e-06,4.6e-06,4.58e-06,4.6e-06,793127508.0
1782028800,4.59e-06,4.59e-06,4.56e-06,4.57e-06,2053716844.0
1782032400,4.57e-06,4.61e-06,4.56e-06,4.61e-06,478817298.0
1782036000,4.61e-06,4.63e-06,4.6e-06,4.6e-06,4955430180.0
1782039600,4.6e-06,4.6e-06,4.56e-06,4.57e-06,2709528309.0
1782043200,4.56e-06,4.6e-06,4.56e-06,4.6e-06,2938058486.0
1782046800,4.61e-06,4.62e-06,4.59e-06,4.62e-06,171424238.0
1782050400,4.61e-06,4.61e-06,4.59e-06,4.6e-06,1361149773.0
1782054000,4.61e-06,4.62e-06,4.6e-06,4.61e-06,456903425.0
1782057600,4.61e-06,4.62e-06,4.59e-06,4.61e-06,4758048103.0
1782061200,4.61e-06,4.61e-06,4.58e-06,4.58e-06,1273076963.0
1782064800,4.58e-06,4.6e-06,4.57e-06,4.6e-06,4363992608.0
1782068400,4.59e-06,4.6e-06,4.59e-06,4.59e-06,1401118919.0
1782072000,4.59e-06,4.59e-06,4.55e-06,4.56e-06,16967814848.0
1782075600,4.55e-06,4.56e-06,4.51e-06,4.53e-06,5423388017.0
1782079200,4.53e-06,4.55e-06,4.52e-06,4.52e-06,5808825518.0
1782082800,4.51e-06,4.52e-06,4.48e-06,4.49e-06,9570313779.0
1782086400,4.49e-06,4.56e-06,4.49e-06,4.56e-06,11001416503.0
1782090000,4.56e-06,4.63e-06,4.56e-06,4.59e-06,21538538328.0
1782093600,4.59e-06,4.6e-06,4.55e-06,4.55e-06,7261599478.0
1782097200,4.55e-06,4.57e-06,4.54e-06,4.54e-06,3329688462.0
1782100800,4.53e-06,4.56e-06,4.53e-06,4.56e-06,1554572676.0
1782104400,4.55e-06,4.57e-06,4.55e-06,4.57e-06,4023355644.0
1782108000,4.56e-06,4.57e-06,4.55e-06,4.56e-06,5424303974.0
1782111600,4.56e-06,4.64e-06,4.56e-06,4.64e-06,23847814884.0
1782115200,4.62e-06,4.63e-06,4.6e-06,4.61e-06,3123935046.0
1782118800,4.62e-06,4.62e-06,4.6e-06,4.61e-06,1260221161.0
1782122400,4.62e-06,4.62e-06,4.61e-06,4.62e-06,2408275557.0
1782126000,4.62e-06,4.67e-06,4.62e-06,4.67e-06,5345272553.0
1782129600,4.67e-06,4.69e-06,4.67e-06,4.68e-06,2665559180.0
1782133200,4.68e-06,4.71e-06,4.66e-06,4.71e-06,4992585647.0
1782136800,4.71e-06,4.71e-06,4.64e-06,4.66e-06,8089704099.0
1782140400,4.66e-06,4.67e-06,4.61e-06,4.62e-06,17703890936.0
1782144000,4.61e-06,4.62e-06,4.59e-06,4.61e-06,5664263554.0
1782147600,4.6e-06,4.62e-06,4.58e-06,4.61e-06,7335857259.0
1782151200,4.61e-06,4.65e-06,4.6e-06,4.6e-06,8687195002.0
1782154800,4.6e-06,4.61e-06,4.58e-06,4.61e-06,5298528454.0
1782158400,4.61e-06,4.63e-06,4.6e-06,4.62e-06,8929731930.0
1782162000,4.61e-06,4.61e-06,4.57e-06,4.6e-06,3479092533.0
1782165600,4.6e-06,4.61e-06,4.52e-06,4.55e-06,9102440124.0
1782169200,4.54e-06,4.56e-06,4.54e-06,4.55e-06,3730980880.0
1782172800,4.55e-06,4.58e-06,4.54e-06,4.58e-06,17143880592.0
1782176400,4.58e-06,4.59e-06,4.54e-06,4.58e-06,4881086569.0
1782180000,4.58e-06,4.59e-06,4.56e-06,4.58e-06,1871225550.0
1782183600,4.57e-06,4.59e-06,4.55e-06,4.59e-06,2581377191.0
1782187200,4.59e-06,4.59e-06,4.55e-06,4.55e-06,6109298774.0
1782190800,4.56e-06,4.58e-06,4.54e-06,4.56e-06,2286528540.0
1782194400,4.56e-06,4.56e-06,4.4e-06,4.44e-06,20481869459.0
1782198000,4.44e-06,4.46e-06,4.41e-06,4.41e-06,2979528521.0
1782201600,4.42e-06,4.42e-06,4.31e-06,4.36e-06,19350770882.0
1782205200,4.36e-06,4.38e-06,4.35e-06,4.36e-06,17345101661.0
1782208800,4.37e-06,4.38e-06,4.35e-06,4.35e-06,3899064089.0
1782212400,4.36e-06,4.41e-06,4.36e-06,4.4e-06,4727835326.0
1782216000,4.41e-06,4.41e-06,4.37e-06,4.38e-06,3605127303.0
1782219600,4.38e-06,4.41e-06,4.35e-06,4.4e-06,9215007357.0
1782223200,4.41e-06,4.43e-06,4.38e-06,4.38e-06,9486432856.0
1782226800,4.37e-06,4.37e-06,4.33e-06,4.36e-06,4627267319.0
1782230400,4.36e-06,4.4e-06,4.36e-06,4.36e-06,4356342960.0
1782234000,4.37e-06,4.38e-06,4.35e-06,4.35e-06,3178472858.0
1782237600,4.35e-06,4.36e-06,4.34e-06,4.35e-06,10986922116.0
1782241200,4.35e-06,4.36e-06,4.34e-06,4.36e-06,7467903318.0
1782244800,4.36e-06,4.38e-06,4.36e-06,4.38e-06,9863794925.0
1782248400,4.38e-06,4.4e-06,4.38e-06,4.4e-06,3829698015.0
1782252000,4.39e-06,4.42e-06,4.39e-06,4.4e-06,2107767579.0
1782255600,4.39e-06,4.4e-06,4.39e-06,4.4e-06,1187664790.0
1782259200,4.4e-06,4.43e-06,4.39e-06,4.41e-06,11915624431.0
1782262800,4.41e-06,4.42e-06,4.39e-06,4.4e-06,2824987084.0
1782266400,4.4e-06,4.4e-06,4.37e-06,4.37e-06,2960648538.0
1782270000,4.37e-06,4.38e-06,4.35e-06,4.37e-06,997511313.0
1782273600,4.37e-06,4.37e-06,4.33e-06,4.37e-06,5984324846.0
1782277200,4.37e-06,4.39e-06,4.36e-06,4.38e-06,5989110156.0
1782280800,4.38e-06,4.39e-06,4.37e-06,4.38e-06,2167689263.0
1782284400,4.38e-06,4.38e-06,4.37e-06,4.37e-06,2774902135.0
1782288000,4.37e-06,4.38e-06,4.37e-06,4.38e-06,3633641023.0
1782291600,4.38e-06,4.38e-06,4.36e-06,4.37e-06,2614303151.0
1782295200,4.37e-06,4.37e-06,4.34e-06,4.34e-06,2107866466.0
1782298800,4.34e-06,4.42e-06,4.33e-06,4.37e-06,20392922021.0
1782302400,4.38e-06,4.39e-06,4.35e-06,4.35e-06,2006291365.0
1782306000,4.36e-06,4.36e-06,4.23e-06,4.25e-06,33973305617.0
1782309600,4.26e-06,4.3e-06,4.25e-06,4.29e-06,14056726203.0
1782313200,4.29e-06,4.29e-06,4.17e-06,4.19e-06,14870898273.0
1782316800,4.19e-06,4.21e-06,4.07e-06,4.1e-06,60923927620.0
1782320400,4.1e-06,4.13e-06,4.01e-06,4.01e-06,34205549534.0
1782324000,4.03e-06,4.13e-06,4.02e-06,4.09e-06,9154362662.0
1782327600,4.08e-06,4.1e-06,4.07e-06,4.1e-06,4816938279.0
1782331200,4.1e-06,4.21e-06,4.1e-06,4.19e-06,24362240506.0
1782334800,4.19e-06,4.23e-06,4.18e-06,4.23e-06,7558335362.0
1782338400,4.24e-06,4.25e-06,4.2e-06,4.2e-06,9585256579.0
1782342000,4.2e-06,4.22e-06,4.19e-06,4.21e-06,6158011709.0
1782345600,4.21e-06,4.22e-06,4.19e-06,4.19e-06,3776456782.0
1782349200,4.2e-06,4.2e-06,4.19e-06,4.2e-06,5232160343.0
1782352800,4.19e-06,4.2e-06,4.19e-06,4.2e-06,3431268856.0
1782356400,4.2e-06,4.2e-06,4.18e-06,4.19e-06,8643498183.0
1782360000,4.19e-06,4.23e-06,4.18e-06,4.23e-06,13548586660.0
1782363600,4.24e-06,4.28e-06,4.24e-06,4.27e-06,8270557063.0
1782367200,4.27e-06,4.37e-06,4.27e-06,4.32e-06,49223317006.0
1782370800,4.31e-06,4.32e-06,4.3e-06,4.3e-06,8718302800.0
1782374400,4.3e-06,4.33e-06,4.28e-06,4.32e-06,13899415817.0
1782378000,4.32e-06,4.34e-06,4.28e-06,4.3e-06,21133677271.0
1782381600,4.3e-06,4.3e-06,4.23e-06,4.25e-06,23526774632.0
1782385200,4.24e-06,4.26e-06,4.23e-06,4.24e-06,6141865556.0
1782388800,4.23e-06,4.29e-06,4.21e-06,4.24e-06,9792018413.0
1782392400,4.24e-06,4.28e-06,3.91e-06,3.92e-06,73068779303.0
1782396000,3.93e-06,4.11e-06,3.93e-06,4.04e-06,101028827541.0
1782399600,4.03e-06,4.05e-06,3.97e-06,4.03e-06,28694919200.0
1782403200,4.03e-06,4.08e-06,3.99e-06,4e-06,32078711884.0
1782406800,4e-06,4.09e-06,4e-06,4.08e-06,34094798058.0
1782410400,4.08e-06,4.08e-06,3.99e-06,3.99e-06,24267172074.0
1782414000,3.99e-06,3.99e-06,3.94e-06,3.98e-06,34125277576.0
1782417600,3.98e-06,4.02e-06,3.98e-06,3.98e-06,26270504640.0
1782421200,3.99e-06,4.07e-06,3.98e-06,4.07e-06,23950732381.0
1782424800,4.07e-06,4.08e-06,4.04e-06,4.04e-06,9423771837.0
1782428400,4.04e-06,4.08e-06,4.04e-06,4.07e-06,13765664049.0
1782432000,4.07e-06,4.08e-06,4.05e-06,4.06e-06,14997105706.0
1782435600,4.06e-06,4.06e-06,4.01e-06,4.02e-06,19026480806.0
1782439200,4.02e-06,4.02e-06,3.93e-06,3.95e-06,35093565555.0
1782442800,3.94e-06,4.07e-06,3.93e-06,4.07e-06,32451358445.0
1782446400,4.06e-06,4.07e-06,4.05e-06,4.05e-06,4240890061.0
1782450000,4.05e-06,4.08e-06,4.05e-06,4.06e-06,2911736313.0
1782453600,4.06e-06,4.15e-06,4.04e-06,4.15e-06,17624212704.0
1782457200,4.15e-06,4.19e-06,4.15e-06,4.18e-06,8730099573.0
1782460800,4.18e-06,4.18e-06,4.12e-06,4.12e-06,21578858293.0
1782464400,4.12e-06,4.12e-06,4.08e-06,4.08e-06,3560784189.0
1782468000,4.07e-06,4.09e-06,4.06e-06,4.07e-06,719021058.0
1782471600,4.07e-06,4.07e-06,4.03e-06,4.05e-06,6418586198.0
1782475200,4.04e-06,4.09e-06,4.02e-06,4.03e-06,5522324556.0
1782478800,4.04e-06,4.11e-06,3.99e-06,4.11e-06,15701790316.0
1782482400,4.11e-06,4.13e-06,4.08e-06,4.08e-06,20357305367.0
1782486000,4.08e-06,4.18e-06,4.08e-06,4.18e-06,19084759736.0
1782489600,4.18e-06,4.22e-06,4.14e-06,4.18e-06,21791642641.0
1782493200,4.18e-06,4.22e-06,4.17e-06,4.21e-06,6068510853.0
1782496800,4.21e-06,4.22e-06,4.18e-06,4.18e-06,2876615065.0
1782500400,4.19e-06,4.25e-06,4.19e-06,4.2e-06,15032462684.0
1782504000,4.21e-06,4.27e-06,4.19e-06,4.19e-06,10523254548.0
1782507600,4.19e-06,4.2e-06,4.16e-06,4.17e-06,4412628241.0
1782511200,4.17e-06,4.19e-06,4.15e-06,4.19e-06,11617061860.0
1782514800,4.19e-06,4.22e-06,4.19e-06,4.22e-06,6841607038.0
1782518400,4.22e-06,4.23e-06,4.18e-06,4.2e-06,4430706332.0
1782522000,4.2e-06,4.21e-06,4.2e-06,4.21e-06,7461184330.0
1782525600,4.21e-06,4.27e-06,4.21e-06,4.27e-06,4057137702.0
1782529200,4.27e-06,4.28e-06,4.23e-06,4.23e-06,9651069303.0
1782532800,4.23e-06,4.27e-06,4.23e-06,4.23e-06,8638336574.0
1782536400,4.23e-06,4.24e-06,4.22e-06,4.24e-06,1946629389.0
1782540000,4.24e-06,4.24e-06,4.22e-06,4.22e-06,4286114291.0
1782543600,4.22e-06,4.27e-06,4.21e-06,4.24e-06,13545439481.0
1782547200,4.24e-06,4.29e-06,4.22e-06,4.22e-06,29469853999.0
1782550800,4.23e-06,4.26e-06,4.21e-06,4.24e-06,19104674056.0
1782554400,4.24e-06,4.24e-06,4.21e-06,4.21e-06,1206332380.0
1782558000,4.21e-06,4.21e-06,4.17e-06,4.2e-06,15697228344.0
1782561600,4.21e-06,4.22e-06,4.2e-06,4.22e-06,3822060907.0
1782565200,4.22e-06,4.24e-06,4.21e-06,4.24e-06,3650414218.0
1782568800,4.24e-06,4.3e-06,4.24e-06,4.3e-06,11925671566.0
1782572400,4.3e-06,4.33e-06,4.27e-06,4.29e-06,17468588615.0
1782576000,4.3e-06,4.3e-06,4.26e-06,4.26e-06,4641763964.0
1782579600,4.26e-06,4.26e-06,4.21e-06,4.21e-06,3335434976.0
1782583200,4.21e-06,4.22e-06,4.2e-06,4.2e-06,1357875815.0
1782586800,4.21e-06,4.22e-06,4.14e-06,4.16e-06,10274058011.0
1782590400,4.17e-06,4.18e-06,4.16e-06,4.16e-06,2839423254.0
1782594000,4.17e-06,4.18e-06,4.14e-06,4.14e-06,4121896772.0
1782597600,4.14e-06,4.16e-06,4.12e-06,4.16e-06,7477200732.0
1782601200,4.16e-06,4.17e-06,4.14e-06,4.14e-06,4767209024.0
1782604800,4.14e-06,4.16e-06,4.14e-06,4.14e-06,2808627851.0
1782608400,4.14e-06,4.16e-06,4.14e-06,4.16e-06,1288179543.0
1782612000,4.16e-06,4.16e-06,4.13e-06,4.14e-06,1213022422.0
1782615600,4.15e-06,4.16e-06,4.15e-06,4.16e-06,582532209.0
1782619200,4.15e-06,4.16e-06,4.14e-06,4.14e-06,871837524.0
1782622800,4.14e-06,4.15e-06,4.12e-06,4.13e-06,2462268417.0
1782626400,4.13e-06,4.13e-06,4.08e-06,4.11e-06,4711918495.0
1782630000,4.11e-06,4.13e-06,4.11e-06,4.12e-06,2714655048.0
1782633600,4.12e-06,4.16e-06,4.12e-06,4.13e-06,1355454593.0
1782637200,4.13e-06,4.13e-06,4.11e-06,4.11e-06,4330855276.0
1782640800,4.11e-06,4.12e-06,4.1e-06,4.12e-06,4183876394.0
1782644400,4.12e-06,4.15e-06,4.12e-06,4.15e-06,1782083109.0
1782648000,4.16e-06,4.21e-06,4.14e-06,4.16e-06,16094101721.0
1782651600,4.13e-06,4.15e-06,4.12e-06,4.14e-06,2219928744.0
1782655200,4.14e-06,4.18e-06,4.13e-06,4.16e-06,3189516947.0
1782658800,4.17e-06,4.17e-06,4.15e-06,4.16e-06,9177977571.0
1782662400,4.15e-06,4.18e-06,4.12e-06,4.14e-06,11650430669.0
1782666000,4.14e-06,4.15e-06,4.1e-06,4.13e-06,12837685631.0
1782669600,4.13e-06,4.13e-06,4.1e-06,4.12e-06,11110186468.0
1782673200,4.11e-06,4.13e-06,4.07e-06,4.09e-06,10664083473.0
1782676800,4.09e-06,4.12e-06,4.09e-06,4.11e-06,7166603039.0
1782680400,4.11e-06,4.11e-06,4.07e-06,4.1e-06,3216953651.0
1782684000,4.11e-06,4.13e-06,4.05e-06,4.06e-06,5374143809.0
1782687600,4.06e-06,4.14e-06,4.06e-06,4.12e-06,3918202466.0
1782691200,4.13e-06,4.16e-06,4.09e-06,4.16e-06,3575663839.0
1782694800,4.15e-06,4.15e-06,4.12e-06,4.14e-06,4528719189.0
1782698400,4.13e-06,4.19e-06,4.1e-06,4.18e-06,1795382000.0
1782702000,4.19e-06,4.23e-06,4.19e-06,4.2e-06,6333497077.0
1782705600,4.2e-06,4.2e-06,4.14e-06,4.15e-06,2385797967.0
1782709200,4.14e-06,4.19e-06,4.12e-06,4.19e-06,2316266780.0
1782712800,4.19e-06,4.21e-06,4.18e-06,4.19e-06,4779706614.0
1782716400,4.18e-06,4.2e-06,4.18e-06,4.2e-06,609379268.0
1782720000,4.2e-06,4.21e-06,4.15e-06,4.18e-06,7264506092.0
1782723600,4.18e-06,4.21e-06,4.17e-06,4.21e-06,2730981083.0
1782727200,4.22e-06,4.29e-06,4.21e-06,4.22e-06,14784137861.0
1782730800,4.22e-06,4.24e-06,4.2e-06,4.21e-06,9618615622.0
1782734400,4.21e-06,4.29e-06,4.18e-06,4.24e-06,11313890474.0
1782738000,4.24e-06,4.26e-06,4.18e-06,4.21e-06,7438348745.0
1782741600,4.21e-06,4.22e-06,4.15e-06,4.22e-06,22431557820.0
1782745200,4.2e-06,4.24e-06,4.16e-06,4.23e-06,8378674103.0
1782748800,4.22e-06,4.25e-06,4.2e-06,4.24e-06,5943165931.0
1782752400,4.24e-06,4.35e-06,4.24e-06,4.32e-06,13069820125.0
1782756000,4.32e-06,4.32e-06,4.29e-06,4.3e-06,3495707827.0
1782759600,4.3e-06,4.39e-06,4.29e-06,4.32e-06,15734928361.0
1782763200,4.32e-06,4.32e-06,4.29e-06,4.29e-06,8090574550.0
1782766800,4.29e-06,4.31e-06,4.27e-06,4.29e-06,3622604702.0
1782770400,4.3e-06,4.3e-06,4.27e-06,4.27e-06,755396453.0
1782774000,4.27e-06,4.27e-06,4.25e-06,4.25e-06,7430675566.0
1782777600,4.24e-06,4.26e-06,4.21e-06,4.23e-06,8673291992.0
1782781200,4.23e-06,4.28e-06,4.21e-06,4.22e-06,11180880851.0
1782784800,4.22e-06,4.29e-06,4.22e-06,4.26e-06,19538851031.0
1782788400,4.27e-06,4.27e-06,4.23e-06,4.24e-06,5745177029.0
1782792000,4.24e-06,4.24e-06,4.22e-06,4.24e-06,1313313411.0
1782795600,4.23e-06,4.24e-06,4.22e-06,4.22e-06,1932772895.0
1782799200,4.24e-06,4.24e-06,4.22e-06,4.24e-06,1646159844.0
1782802800,4.24e-06,4.24e-06,4.22e-06,4.23e-06,1682355546.0
1782806400,4.23e-06,4.27e-06,4.2e-06,4.21e-06,13475787105.0
1782810000,4.22e-06,4.23e-06,4.21e-06,4.23e-06,1520056685.0
1782813600,4.22e-06,4.23e-06,4.21e-06,4.22e-06,889450942.0
1782817200,4.21e-06,4.22e-06,4.16e-06,4.16e-06,3642956099.0
1782820800,4.15e-06,4.16e-06,4.06e-06,4.06e-06,8803397088.0
1782824400,4.06e-06,4.12e-06,4.06e-06,4.12e-06,9439673082.0
1782828000,4.12e-06,4.16e-06,4.1e-06,4.1e-06,12218827139.0
1782831600,4.1e-06,4.12e-06,4.08e-06,4.1e-06,7655259862.0
1782835200,4.1e-06,4.15e-06,4.09e-06,4.14e-06,3619530156.0
1782838800,4.14e-06,4.16e-06,4.12e-06,4.12e-06,3640799383.0
1782842400,4.12e-06,4.15e-06,4.1e-06,4.14e-06,3936043666.0
1782846000,4.15e-06,4.15e-06,4.13e-06,4.14e-06,7439384544.0
1782849600,4.15e-06,4.15e-06,4.11e-06,4.12e-06,931332649.0
1782853200,4.11e-06,4.11e-06,4.09e-06,4.1e-06,6871507741.0
1782856800,4.11e-06,4.12e-06,4.1e-06,4.11e-06,1066244393.0
1782860400,4.1e-06,4.11e-06,4.09e-06,4.11e-06,806742555.0
1782864000,4.1e-06,4.11e-06,4.09e-06,4.09e-06,9853309967.0
1782867600,4.08e-06,4.11e-06,4e-06,4.1e-06,18737161844.0
1782871200,4.11e-06,4.15e-06,4.11e-06,4.15e-06,7081237677.0
1782874800,4.15e-06,4.19e-06,4.13e-06,4.19e-06,11872609348.0
1782878400,4.19e-06,4.21e-06,4.18e-06,4.19e-06,4970324760.0
1782882000,4.2e-06,4.2e-06,4.17e-06,4.17e-06,1027079546.0
1782885600,4.16e-06,4.17e-06,4.1e-06,4.12e-06,4626754910.0
1782889200,4.11e-06,4.13e-06,4.11e-06,4.13e-06,3466594153.0
1782892800,4.14e-06,4.17e-06,4.12e-06,4.16e-06,7056314431.0
1782896400,4.16e-06,4.18e-06,4.16e-06,4.18e-06,2304957440.0
1782900000,4.18e-06,4.18e-06,4.16e-06,4.16e-06,3086016199.0
1782903600,4.15e-06,4.17e-06,4.15e-06,4.15e-06,5365351779.0
1782907200,4.14e-06,4.15e-06,4.13e-06,4.14e-06,2397238272.0
1782910800,4.15e-06,4.21e-06,4.12e-06,4.21e-06,7207064152.0
1782914400,4.22e-06,4.3e-06,4.22e-06,4.3e-06,25675204129.0
1782918000,4.3e-06,4.39e-06,4.3e-06,4.36e-06,23791485225.0
1782921600,4.35e-06,4.37e-06,4.29e-06,4.31e-06,19282274061.0
1782925200,4.31e-06,4.42e-06,4.29e-06,4.37e-06,26217667631.0
1782928800,4.37e-06,4.38e-06,4.3e-06,4.32e-06,5761199706.0
1782932400,4.31e-06,4.33e-06,4.27e-06,4.29e-06,6663929941.0
1782936000,4.28e-06,4.3e-06,4.26e-06,4.29e-06,3585584323.0
1782939600,4.3e-06,4.39e-06,4.3e-06,4.38e-06,5967980845.0
1782943200,4.38e-06,4.4e-06,4.28e-06,4.29e-06,18665581528.0
1782946800,4.28e-06,4.28e-06,4.24e-06,4.24e-06,9390664581.0
1782950400,4.25e-06,4.25e-06,4.22e-06,4.24e-06,8844500472.0
1782954000,4.25e-06,4.29e-06,4.25e-06,4.28e-06,6732384114.0
1782957600,4.28e-06,4.31e-06,4.27e-06,4.3e-06,2908783807.0
1782961200,4.3e-06,4.34e-06,4.28e-06,4.34e-06,17189580856.0
1782964800,4.34e-06,4.34e-06,4.29e-06,4.31e-06,4226520652.0
1782968400,4.31e-06,4.31e-06,4.27e-06,4.28e-06,2218741131.0
1782972000,4.27e-06,4.28e-06,4.25e-06,4.25e-06,4225584182.0
1782975600,4.25e-06,4.25e-06,4.23e-06,4.25e-06,2707202901.0
1782979200,4.25e-06,4.28e-06,4.25e-06,4.27e-06,2001033113.0
1782982800,4.27e-06,4.32e-06,4.24e-06,4.31e-06,7567037300.0
1782986400,4.31e-06,4.34e-06,4.3e-06,4.33e-06,2793017639.0
1782990000,4.33e-06,4.43e-06,4.33e-06,4.39e-06,20096803583.0
1782993600,4.39e-06,4.42e-06,4.36e-06,4.39e-06,13093859100.0
1782997200,4.39e-06,4.45e-06,4.38e-06,4.41e-06,10462391242.0
1783000800,4.4e-06,4.42e-06,4.32e-06,4.33e-06,16659965071.0
1783004400,4.34e-06,4.34e-06,4.31e-06,4.33e-06,6386393080.0
1783008000,4.32e-06,4.34e-06,4.29e-06,4.32e-06,6941280324.0
1783011600,4.32e-06,4.33e-06,4.3e-06,4.3e-06,2969173058.0
1783015200,4.31e-06,4.34e-06,4.31e-06,4.33e-06,7583353885.0
1783018800,4.33e-06,4.33e-06,4.31e-06,4.32e-06,4159579838.0
1783022400,4.32e-06,4.33e-06,4.3e-06,4.31e-06,28408364297.0
1783026000,4.31e-06,4.33e-06,4.3e-06,4.33e-06,3460099457.0
1783029600,4.32e-06,4.33e-06,4.3e-06,4.32e-06,2564949520.0
1783033200,4.32e-06,4.35e-06,4.31e-06,4.34e-06,5015419983.0
1783036800,4.35e-06,4.35e-06,4.32e-06,4.33e-06,3023853389.0
1783040400,4.35e-06,4.43e-06,4.34e-06,4.41e-06,13559612304.0
1783044000,4.42e-06,4.42e-06,4.39e-06,4.41e-06,13988185615.0
1783047600,4.4e-06,4.41e-06,4.37e-06,4.4e-06,5555539181.0
1783051200,4.4e-06,4.4e-06,4.37e-06,4.37e-06,2765805042.0
1783054800,4.38e-06,4.41e-06,4.37e-06,4.38e-06,4416583215.0
1783058400,4.38e-06,4.4e-06,4.38e-06,4.38e-06,1912126328.0
1783062000,4.39e-06,4.4e-06,4.38e-06,4.38e-06,1057383962.0
1783065600,4.38e-06,4.43e-06,4.38e-06,4.41e-06,11538107860.0
1783069200,4.4e-06,4.43e-06,4.4e-06,4.43e-06,2172528269.0
1783072800,4.43e-06,4.47e-06,4.42e-06,4.45e-06,5979274439.0
1783076400,4.45e-06,4.51e-06,4.45e-06,4.5e-06,20249198168.0
1783080000,4.49e-06,4.51e-06,4.45e-06,4.47e-06,8729480974.0
1783083600,4.48e-06,4.5e-06,4.47e-06,4.48e-06,7850408755.0
1783087200,4.47e-06,4.5e-06,4.43e-06,4.49e-06,8719593564.0
1783090800,4.5e-06,4.57e-06,4.49e-06,4.51e-06,22607480820.0
1783094400,4.51e-06,4.54e-06,4.49e-06,4.53e-06,5439710090.0
1783098000,4.55e-06,4.56e-06,4.54e-06,4.55e-06,6620681208.0
1783101600,4.54e-06,4.55e-06,4.51e-06,4.54e-06,13770449650.0
1783105200,4.54e-06,4.57e-06,4.54e-06,4.55e-06,9143277740.0
1783108800,4.55e-06,4.61e-06,4.54e-06,4.6e-06,15492071674.0
1783112400,4.61e-06,4.9e-06,4.61e-06,4.85e-06,75375334651.0
1783116000,4.86e-06,4.92e-06,4.79e-06,4.91e-06,54891568686.0
1783119600,4.92e-06,5e-06,4.83e-06,4.97e-06,95589265253.0
1783123200,4.97e-06,5.02e-06,4.87e-06,4.93e-06,48870599157.0
1783126800,4.93e-06,4.93e-06,4.82e-06,4.85e-06,33159502674.0
1783130400,4.86e-06,5.05e-06,4.85e-06,5.04e-06,69914359299.0
1783134000,5.04e-06,5.16e-06,5.04e-06,5.14e-06,62737694397.0
1783137600,5.13e-06,5.15e-06,5.05e-06,5.07e-06,30654551902.0
1783141200,5.06e-06,5.06e-06,4.89e-06,4.92e-06,80084897119.0
1783144800,4.91e-06,4.95e-06,4.86e-06,4.89e-06,18473200237.0
1783148400,4.88e-06,4.89e-06,4.84e-06,4.85e-06,15046313157.0
1783152000,4.85e-06,4.86e-06,4.81e-06,4.82e-06,10467399763.0
1783155600,4.82e-06,4.89e-06,4.79e-06,4.81e-06,12410772468.0
1783159200,4.82e-06,4.84e-06,4.81e-06,4.83e-06,9843842309.0
1783162800,4.83e-06,4.96e-06,4.83e-06,4.9e-06,17354593645.0
1783166400,4.91e-06,4.99e-06,4.9e-06,4.96e-06,15893715076.0
1783170000,4.96e-06,4.97e-06,4.9e-06,4.92e-06,16077679066.0
1783173600,4.91e-06,4.92e-06,4.85e-06,4.86e-06,24351466076.0
1783177200,4.86e-06,5.01e-06,4.85e-06,4.99e-06,30988624814.0
1783180800,4.99e-06,5.08e-06,4.98e-06,5e-06,20208622927.0
1783184400,5e-06,5e-06,4.92e-06,4.99e-06,24497629543.0
1783188000,4.99e-06,4.99e-06,4.95e-06,4.97e-06,13332757368.0
1783191600,4.96e-06,5e-06,4.94e-06,4.94e-06,9088609583.0
1783195200,4.94e-06,4.96e-06,4.89e-06,4.92e-06,10067808766.0
1783198800,4.92e-06,5.04e-06,4.91e-06,5.04e-06,17475728479.0
1783202400,5.05e-06,5.05e-06,4.9e-06,4.92e-06,34648204463.0
1783206000,4.91e-06,4.91e-06,4.84e-06,4.85e-06,39369723695.0
1783209600,4.83e-06,4.91e-06,4.8e-06,4.9e-06,18191732402.0
1783213200,4.9e-06,5.03e-06,4.9e-06,5.01e-06,31548395686.0
1783216800,5.01e-06,5.07e-06,4.87e-06,5.01e-06,85966803075.0
1783220400,5.02e-06,5.14e-06,4.97e-06,4.98e-06,66306415764.0
1783224000,4.99e-06,5.09e-06,4.98e-06,5.02e-06,17019987497.0
1783227600,5.01e-06,5.03e-06,4.87e-06,4.9e-06,21194151837.0
1783231200,4.9e-06,4.91e-06,4.87e-06,4.91e-06,7189340545.0
1783234800,4.92e-06,4.94e-06,4.91e-06,4.93e-06,4382124198.0
1783238400,4.94e-06,4.94e-06,4.88e-06,4.89e-06,7542740236.0
1783242000,4.89e-06,4.9e-06,4.81e-06,4.82e-06,32824344992.0
1783245600,4.81e-06,4.84e-06,4.76e-06,4.83e-06,18870765834.0
1783249200,4.83e-06,4.84e-06,4.81e-06,4.84e-06,9502715975.0
1783252800,4.83e-06,4.85e-06,4.78e-06,4.83e-06,12123713226.0
1783256400,4.82e-06,4.84e-06,4.81e-06,4.82e-06,11598246846.0
1783260000,4.83e-06,4.83e-06,4.8e-06,4.82e-06,10036745377.0
1783263600,4.82e-06,4.84e-06,4.8e-06,4.81e-06,3018494049.0
1783267200,4.82e-06,4.83e-06,4.8e-06,4.82e-06,3809968394.0
1783270800,4.82e-06,4.83e-06,4.73e-06,4.76e-06,32264563308.0
1783274400,4.76e-06,4.77e-06,4.75e-06,4.75e-06,5881698344.0
1783278000,4.75e-06,4.77e-06,4.72e-06,4.72e-06,5960597771.0
1783281600,4.72e-06,4.74e-06,4.72e-06,4.72e-06,2057273074.0
1783285200,4.72e-06,4.87e-06,4.71e-06,4.85e-06,22337703277.0
1783288800,4.85e-06,4.9e-06,4.82e-06,4.88e-06,31756264240.0
1783292400,4.88e-06,4.99e-06,4.87e-06,4.9e-06,36796204221.0
1783296000,4.89e-06,4.92e-06,4.84e-06,4.91e-06,13110345446.0
1783299600,4.91e-06,4.93e-06,4.88e-06,4.89e-06,9425266496.0
1783303200,4.9e-06,4.94e-06,4.87e-06,4.89e-06,12000894969.0
1783306800,4.89e-06,4.91e-06,4.8e-06,4.84e-06,18028903268.0
1783310400,4.82e-06,4.87e-06,4.82e-06,4.82e-06,5740209316.0
1783314000,4.82e-06,4.82e-06,4.76e-06,4.79e-06,14583252885.0
1783317600,4.79e-06,4.79e-06,4.76e-06,4.77e-06,5904735010.0
1783321200,4.77e-06,4.83e-06,4.77e-06,4.79e-06,7647028395.0
1783324800,4.8e-06,4.8e-06,4.76e-06,4.76e-06,2880633121.0
1783328400,4.76e-06,4.77e-06,4.68e-06,4.69e-06,63638660629.0
1783332000,4.69e-06,4.73e-06,4.69e-06,4.71e-06,18733308997.0
1783335600,4.71e-06,4.72e-06,4.65e-06,4.65e-06,18385156089.0
1783339200,4.65e-06,4.65e-06,4.54e-06,4.55e-06,69627642269.0
1783342800,4.56e-06,4.65e-06,4.53e-06,4.62e-06,46746301806.0
1783346400,4.62e-06,4.68e-06,4.61e-06,4.62e-06,14459684382.0
1783350000,4.62e-06,4.71e-06,4.62e-06,4.71e-06,34871268911.0
1783353600,4.71e-06,4.78e-06,4.69e-06,4.71e-06,29559087791.0
1783357200,4.72e-06,4.72e-06,4.1e-06,4.29e-06,448059571435.0
1783360800,4.3e-06,4.47e-06,4.07e-06,4.36e-06,407456858116.0
1783364400,4.37e-06,4.43e-06,4.34e-06,4.4e-06,75775511505.0
1783368000,4.4e-06,4.45e-06,4.36e-06,4.38e-06,37269684501.0
1783371600,4.38e-06,4.56e-06,4.38e-06,4.49e-06,87508908195.0
1783375200,4.5e-06,4.5e-06,4.42e-06,4.46e-06,51924405360.0
1783378800,4.46e-06,4.48e-06,4.4e-06,4.41e-06,50162742768.0
1783382400,4.41e-06,4.49e-06,4.39e-06,4.45e-06,44309236114.0
1783386000,4.45e-06,4.5e-06,4.42e-06,4.46e-06,16538204461.0
1783389600,4.46e-06,4.47e-06,4.38e-06,4.4e-06,24911014227.0
1783393200,4.4e-06,4.47e-06,4.39e-06,4.44e-06,14607836470.0
1783396800,4.45e-06,4.45e-06,4.38e-06,4.38e-06,13260489906.0
1783400400,4.39e-06,4.45e-06,4.36e-06,4.45e-06,13873004414.0
1783404000,4.45e-06,4.46e-06,4.38e-06,4.4e-06,46174073904.0
1783407600,4.4e-06,4.4e-06,4.3e-06,4.3e-06,48803344763.0
1783411200,4.31e-06,4.32e-06,4.25e-06,4.26e-06,21555216009.0
1783414800,4.26e-06,4.3e-06,4.25e-06,4.3e-06,7450895086.0
1783418400,4.3e-06,4.32e-06,4.26e-06,4.26e-06,17479521090.0
1783422000,4.25e-06,4.28e-06,4.24e-06,4.27e-06,21102295435.0
1783425600,4.27e-06,4.32e-06,4.26e-06,4.27e-06,38167890249.0
1783429200,4.26e-06,4.32e-06,4.23e-06,4.24e-06,42423037192.0
1783432800,4.22e-06,4.28e-06,4.2e-06,4.28e-06,15367832890.0
1783436400,4.27e-06,4.29e-06,4.24e-06,4.26e-06,14942543193.0
1783440000,4.26e-06,4.27e-06,4.23e-06,4.25e-06,23194968724.0
1783443600,4.25e-06,4.25e-06,4.21e-06,4.23e-06,26849978740.0
1783447200,4.21e-06,4.24e-06,4.16e-06,4.17e-06,12730223063.0
1783450800,4.17e-06,4.2e-06,4.15e-06,4.2e-06,19734645932.0
1783454400,4.19e-06,4.2e-06,4.17e-06,4.18e-06,6848668959.0
1783458000,4.18e-06,4.2e-06,4.15e-06,4.16e-06,15733200517.0
1783461600,4.15e-06,4.18e-06,4.14e-06,4.17e-06,7779336547.0
1783465200,4.17e-06,4.19e-06,4.14e-06,4.16e-06,6626400318.0
1783468800,4.16e-06,4.17e-06,4.13e-06,4.16e-06,15385654268.0
1783472400,4.16e-06,4.17e-06,4.07e-06,4.07e-06,31019893267.0
1783476000,4.07e-06,4.08e-06,4.03e-06,4.07e-06,40176851947.0
1783479600,4.08e-06,4.09e-06,4.04e-06,4.04e-06,7821954189.0
1783483200,4.04e-06,4.05e-06,4.03e-06,4.05e-06,14004947871.0
1783486800,4.04e-06,4.08e-06,4.04e-06,4.05e-06,6006128276.0
1783490400,4.06e-06,4.06e-06,4.03e-06,4.04e-06,15628643619.0
1783494000,4.03e-06,4.05e-06,4.01e-06,4.02e-06,23506145200.0
1783497600,4.03e-06,4.05e-06,3.95e-06,3.97e-06,42234868490.0
1783501200,3.97e-06,4.01e-06,3.92e-06,3.95e-06,48551241893.0
1783504800,3.94e-06,3.98e-06,3.92e-06,3.95e-06,18901323498.0
1783508400,3.95e-06,3.98e-06,3.91e-06,3.96e-06,29085407245.0
1783512000,3.96e-06,4.01e-06,3.95e-06,3.97e-06,38403148493.0
1783515600,3.97e-06,4.07e-06,3.96e-06,4.05e-06,40481604234.0
1783519200,4.05e-06,4.06e-06,4.02e-06,4.06e-06,30468695908.0
1783522800,4.04e-06,4.04e-06,3.98e-06,4e-06,12101025791.0
1783526400,4e-06,4.02e-06,3.99e-06,4e-06,6204326433.0
1783530000,4.01e-06,4.05e-06,4e-06,4.02e-06,21101226849.0
1783533600,4.02e-06,4.04e-06,4e-06,4.02e-06,5071292301.0
1783537200,4.02e-06,4.07e-06,4.02e-06,4.03e-06,7816448710.0
1783540800,4.04e-06,4.05e-06,4.01e-06,4.02e-06,2342925360.0
1783544400,4.01e-06,4.02e-06,3.99e-06,4.02e-06,2145371978.0
1783548000,4.02e-06,4.05e-06,4e-06,4.01e-06,15243927701.0
1783551600,4.01e-06,4.01e-06,3.98e-06,4.01e-06,16797011287.0
1783555200,4.01e-06,4.02e-06,3.98e-06,3.99e-06,7018809327.0
1783558800,3.99e-06,4.03e-06,3.97e-06,3.97e-06,14030199093.0
1783562400,3.97e-06,4e-06,3.95e-06,3.96e-06,15749984019.0
1783566000,3.96e-06,3.97e-06,3.93e-06,3.97e-06,5313671641.0
1783569600,3.97e-06,4e-06,3.95e-06,3.99e-06,4079297381.0
1783573200,3.99e-06,4e-06,3.97e-06,4e-06,18602727581.0
1783576800,4e-06,4.01e-06,3.99e-06,4e-06,9852028274.0
1783580400,4e-06,4.03e-06,3.97e-06,4e-06,26091810917.0
1783584000,3.99e-06,4.05e-06,3.99e-06,4.02e-06,31923192546.0
1783587600,4.01e-06,4.02e-06,3.99e-06,4.02e-06,3512706302.0
1783591200,4.02e-06,4.02e-06,3.98e-06,3.99e-06,25993929557.0
1783594800,3.99e-06,4.02e-06,3.99e-06,4.01e-06,2154802169.0
1783598400,4.01e-06,4.02e-06,3.99e-06,4e-06,9038222385.0
1783602000,4e-06,4.04e-06,3.99e-06,4.04e-06,9389902340.0
1783605600,4.03e-06,4.04e-06,4.01e-06,4.02e-06,6268599135.0
1783609200,4.02e-06,4.03e-06,4e-06,4.03e-06,5587994440.0
1783612800,4.03e-06,4.04e-06,3.98e-06,3.99e-06,2278169842.0
1783616400,4e-06,4.03e-06,3.99e-06,4.02e-06,2907483689.0
1783620000,4.03e-06,4.04e-06,4.01e-06,4.03e-06,2091211123.0
1783623600,4.02e-06,4.03e-06,4e-06,4e-06,20303141467.0
1783627200,4e-06,4.01e-06,3.98e-06,4e-06,21091838689.0
1783630800,4e-06,4.01e-06,3.98e-06,3.99e-06,3282083487.0
1783634400,3.98e-06,3.99e-06,3.98e-06,3.98e-06,11124192920.0
1783638000,3.98e-06,3.99e-06,3.94e-06,3.95e-06,17109016907.0
1783641600,3.96e-06,3.96e-06,3.93e-06,3.96e-06,9424298547.0
1783645200,3.96e-06,4.03e-06,3.94e-06,4.02e-06,17521933741.0
1783648800,4.01e-06,4.02e-06,3.99e-06,4e-06,17795749126.0
1783652400,4e-06,4.02e-06,3.98e-06,4.01e-06,19782632354.0
1783656000,4.01e-06,4.02e-06,3.96e-06,3.99e-06,20558381800.0
1783659600,4e-06,4.09e-06,4e-06,4.08e-06,53051867686.0
1783663200,4.08e-06,4.09e-06,4.01e-06,4.01e-06,31598466559.0
1783666800,4.01e-06,4.05e-06,4e-06,4.03e-06,23321553864.0
1783670400,4.03e-06,4.06e-06,3.96e-06,4.05e-06,34663017593.0
1783674000,4.05e-06,4.09e-06,4.03e-06,4.07e-06,31578191980.0
1783677600,4.07e-06,4.13e-06,4.06e-06,4.12e-06,18136458347.0
1783681200,4.12e-06,4.13e-06,4.08e-06,4.09e-06,39928844210.0
1783684800,4.09e-06,4.14e-06,4.08e-06,4.08e-06,53403802750.0
1783688400,4.09e-06,4.12e-06,4.08e-06,4.1e-06,18201356224.0
1783692000,4.1e-06,4.1e-06,4.03e-06,4.05e-06,26065458539.0
1783695600,4.05e-06,4.08e-06,4.05e-06,4.06e-06,11474917765.0
1783699200,4.06e-06,4.12e-06,4.06e-06,4.11e-06,8732115992.0
1783702800,4.12e-06,4.16e-06,4.09e-06,4.09e-06,24409463595.0
1783706400,4.1e-06,4.11e-06,4.06e-06,4.07e-06,7010371221.0
1783710000,4.07e-06,4.12e-06,4.07e-06,4.11e-06,9082569518.0
1783713600,4.11e-06,4.11e-06,4.07e-06,4.07e-06,9759668673.0
1783717200,4.07e-06,4.11e-06,4.07e-06,4.11e-06,4074408860.0
1783720800,4.1e-06,4.17e-06,4.1e-06,4.14e-06,17847174896.0
1783724400,4.14e-06,4.17e-06,4.13e-06,4.16e-06,22173511784.0
1783728000,4.16e-06,4.17e-06,4.12e-06,4.14e-06,10460126156.0
1783731600,4.15e-06,4.15e-06,4.1e-06,4.1e-06,31367587938.0
1783735200,4.1e-06,4.11e-06,4.09e-06,4.11e-06,3697554263.0
1783738800,4.11e-06,4.12e-06,4.09e-06,4.1e-06,5009439588.0
1783742400,4.1e-06,4.14e-06,4.07e-06,4.07e-06,22895289348.0
1783746000,4.07e-06,4.1e-06,4.07e-06,4.09e-06,12971250230.0
1783749600,4.09e-06,4.11e-06,4.07e-06,4.07e-06,2497772458.0
1783753200,4.08e-06,4.08e-06,4.07e-06,4.07e-06,1349034742.0
1783756800,4.07e-06,4.11e-06,4.05e-06,4.1e-06,35695121788.0
1783760400,4.1e-06,4.14e-06,4.07e-06,4.07e-06,63979145398.0
1783764000,4.07e-06,4.08e-06,4.06e-06,4.08e-06,3075676346.0
1783767600,4.08e-06,4.1e-06,4.07e-06,4.08e-06,3901891572.0
1783771200,4.09e-06,4.1e-06,4.08e-06,4.1e-06,2748159236.0
1783774800,4.09e-06,4.13e-06,4.09e-06,4.12e-06,16652160958.0
1783778400,4.12e-06,4.15e-06,4.12e-06,4.12e-06,11539778390.0
1783782000,4.13e-06,4.14e-06,4.09e-06,4.09e-06,10595282366.0
1783785600,4.1e-06,4.1e-06,4.06e-06,4.06e-06,9395836386.0
1783789200,4.06e-06,4.12e-06,4.06e-06,4.09e-06,19166695275.0
1783792800,4.1e-06,4.1e-06,4.09e-06,4.09e-06,4858945743.0
1783796400,4.09e-06,4.09e-06,4.08e-06,4.09e-06,1528500367.0
1783800000,4.09e-06,4.1e-06,4.09e-06,4.09e-06,3049281904.0
1783803600,4.1e-06,4.1e-06,4.06e-06,4.07e-06,4193633471.0
1783807200,4.06e-06,4.07e-06,4.03e-06,4.04e-06,5456616712.0
1783810800,4.04e-06,4.05e-06,3.97e-06,3.97e-06,33187654889.0
1783814400,3.96e-06,4e-06,3.94e-06,3.98e-06,28948379804.0
1783818000,3.98e-06,4e-06,3.97e-06,3.99e-06,8082293869.0
1783821600,3.99e-06,4e-06,3.98e-06,3.99e-06,915141148.0
1783825200,3.98e-06,4.01e-06,3.98e-06,4e-06,2296945341.0
1783828800,4.01e-06,4.02e-06,4e-06,4e-06,2356515565.0
1783832400,4e-06,4e-06,3.99e-06,4e-06,2351785378.0
1783836000,3.99e-06,3.99e-06,3.97e-06,3.99e-06,5717405926.0
1783839600,4e-06,4e-06,3.98e-06,3.99e-06,663791737.0
1783843200,3.99e-06,4.01e-06,3.99e-06,3.99e-06,4305560686.0
1783846800,3.99e-06,4.02e-06,3.99e-06,4e-06,2752161404.0
1783850400,4.01e-06,4.02e-06,4e-06,4.01e-06,10494416596.0
1783854000,4e-06,4.03e-06,4e-06,4.01e-06,5202427199.0
1783857600,4.01e-06,4.02e-06,4.01e-06,4.02e-06,9305514453.0
1783861200,4.02e-06,4.03e-06,4.01e-06,4.01e-06,6487123986.0
1783864800,4.01e-06,4.04e-06,4e-06,4.03e-06,2291309197.0
1783868400,4.03e-06,4.04e-06,4.01e-06,4.02e-06,9433828743.0
1783872000,4.02e-06,4.03e-06,4.01e-06,4.01e-06,3320995679.0
1783875600,4e-06,4.01e-06,3.98e-06,3.98e-06,4113113195.0
1783879200,3.99e-06,4e-06,3.99e-06,4e-06,5152331753.0
1783882800,4e-06,4.01e-06,3.99e-06,4e-06,11840410976.0
1783886400,3.99e-06,4e-06,3.98e-06,3.99e-06,9211916798.0
1783890000,3.99e-06,3.99e-06,3.97e-06,3.97e-06,3553269108.0
1783893600,3.96e-06,3.96e-06,3.93e-06,3.94e-06,30549618380.0
1783897200,3.94e-06,3.97e-06,3.94e-06,3.96e-06,12615309464.0
1783900800,3.95e-06,4.03e-06,3.95e-06,3.97e-06,10405815129.0
1783904400,3.98e-06,3.99e-06,3.92e-06,3.92e-06,12415018496.0
1783908000,3.93e-06,3.95e-06,3.91e-06,3.93e-06,8596316197.0
1783911600,3.93e-06,3.93e-06,3.87e-06,3.91e-06,75993058102.0
1783915200,3.91e-06,3.94e-06,3.9e-06,3.92e-06,4470233854.0
1783918800,3.91e-06,3.95e-06,3.91e-06,3.95e-06,10380758397.0
1783922400,3.94e-06,3.95e-06,3.92e-06,3.93e-06,695189069.0
1783926000,3.93e-06,3.93e-06,3.91e-06,3.91e-06,7066518403.0
1783929600,3.91e-06,3.93e-06,3.91e-06,3.93e-06,905354873.0
1783933200,3.93e-06,3.93e-06,3.92e-06,3.92e-06,4439090221.0
1783936800,3.92e-06,3.94e-06,3.92e-06,3.93e-06,7306814012.0
1783940400,3.93e-06,3.94e-06,3.92e-06,3.92e-06,5721529584.0
1783944000,3.92e-06,3.92e-06,3.89e-06,3.91e-06,8854160331.0
1783947600,3.91e-06,3.91e-06,3.88e-06,3.9e-06,21849125363.0
1783951200,3.9e-06,3.93e-06,3.88e-06,3.91e-06,24635837944.0
1783954800,3.91e-06,3.92e-06,3.83e-06,3.85e-06,26612550361.0
1783958400,3.86e-06,3.86e-06,3.72e-06,3.73e-06,62698189934.0
1783962000,3.74e-06,3.77e-06,3.72e-06,3.73e-06,28214814708.0
1783965600,3.73e-06,3.77e-06,3.72e-06,3.73e-06,21196968851.0
1783969200,3.73e-06,3.77e-06,3.73e-06,3.76e-06,6362044000.0
1783972800,3.76e-06,3.76e-06,3.71e-06,3.72e-06,6950435165.0
1783976400,3.72e-06,3.73e-06,3.66e-06,3.71e-06,46999589713.0
1783980000,3.72e-06,3.72e-06,3.65e-06,3.65e-06,22413465609.0
1783983600,3.64e-06,3.73e-06,3.64e-06,3.69e-06,83342162809.0
1783987200,3.69e-06,3.7e-06,3.66e-06,3.69e-06,11309184226.0
1783990800,3.7e-06,3.71e-06,3.68e-06,3.7e-06,14459943053.0
1783994400,3.7e-06,3.71e-06,3.69e-06,3.71e-06,4993185420.0
1783998000,3.71e-06,3.71e-06,3.66e-06,3.69e-06,8778858750.0
1784001600,3.7e-06,3.71e-06,3.68e-06,3.71e-06,4206864113.0
1784005200,3.72e-06,3.74e-06,3.71e-06,3.72e-06,7135120497.0
1784008800,3.72e-06,3.74e-06,3.72e-06,3.73e-06,2767018709.0
1784012400,3.73e-06,3.76e-06,3.73e-06,3.73e-06,8815983892.0
1784016000,3.74e-06,3.76e-06,3.74e-06,3.76e-06,3636918839.0
1784019600,3.76e-06,3.82e-06,3.75e-06,3.8e-06,12996723672.0
1784023200,3.8e-06,3.87e-06,3.8e-06,3.85e-06,9417994509.0
1784026800,3.86e-06,3.91e-06,3.84e-06,3.84e-06,29598227859.0
1784030400,3.84e-06,3.9e-06,3.83e-06,3.89e-06,22591621142.0
1784034000,3.89e-06,3.92e-06,3.87e-06,3.91e-06,13237916449.0
1784037600,3.91e-06,3.93e-06,3.9e-06,3.91e-06,19904242724.0
1784041200,3.92e-06,3.94e-06,3.88e-06,3.88e-06,29829853691.0
1784044800,3.89e-06,3.91e-06,3.84e-06,3.85e-06,9151915308.0
1784048400,3.84e-06,3.84e-06,3.8e-06,3.83e-06,17197634440.0
1784052000,3.83e-06,3.83e-06,3.72e-06,3.76e-06,32173647929.0
1784055600,3.76e-06,3.8e-06,3.74e-06,3.79e-06,27692600954.0
1784059200,3.79e-06,3.8e-06,3.78e-06,3.79e-06,6065500553.0
1784062800,3.79e-06,3.8e-06,3.77e-06,3.78e-06,5567353707.0
1784066400,3.77e-06,3.81e-06,3.77e-06,3.78e-06,13512721039.0
1784070000,3.79e-06,3.8e-06,3.78e-06,3.79e-06,7068754531.0
1784073600,3.79e-06,3.8e-06,3.75e-06,3.78e-06,30593643351.0
1784077200,3.77e-06,3.79e-06,3.75e-06,3.79e-06,9028063734.0
1784080800,3.78e-06,3.78e-06,3.75e-06,3.75e-06,7247069331.0
1784084400,3.75e-06,3.78e-06,3.75e-06,3.78e-06,8075342526.0
1784088000,3.78e-06,3.78e-06,3.74e-06,3.77e-06,6402174349.0
1784091600,3.77e-06,3.78e-06,3.76e-06,3.78e-06,3225900069.0
1784095200,3.79e-06,3.8e-06,3.77e-06,3.78e-06,2510148100.0
1784098800,3.79e-06,3.79e-06,3.74e-06,3.74e-06,5263048895.0
1784102400,3.73e-06,3.77e-06,3.73e-06,3.77e-06,20425430719.0
1784106000,3.76e-06,3.78e-06,3.74e-06,3.75e-06,5561706286.0
1784109600,3.75e-06,3.77e-06,3.73e-06,3.74e-06,6694662805.0
1784113200,3.74e-06,3.75e-06,3.73e-06,3.73e-06,13837160696.0
1784116800,3.73e-06,3.8e-06,3.73e-06,3.8e-06,16392360096.0
1784120400,3.8e-06,3.83e-06,3.76e-06,3.78e-06,32197153407.0
1784124000,3.78e-06,3.8e-06,3.76e-06,3.79e-06,25905307730.0
1784127600,3.78e-06,3.81e-06,3.75e-06,3.76e-06,22193802641.0
1784131200,3.76e-06,3.76e-06,3.7e-06,3.72e-06,42655103069.0
1784134800,3.73e-06,3.76e-06,3.71e-06,3.75e-06,21188570012.0
1784138400,3.75e-06,3.77e-06,3.73e-06,3.74e-06,13404223593.0
1784142000,3.74e-06,3.75e-06,3.72e-06,3.73e-06,9169429639.0
1784145600,3.73e-06,3.75e-06,3.73e-06,3.74e-06,11472798495.0
1784149200,3.73e-06,3.74e-06,3.71e-06,3.72e-06,6761447018.0
1784152800,3.72e-06,3.73e-06,3.7e-06,3.71e-06,15896170954.0
1784156400,3.72e-06,3.72e-06,3.68e-06,3.7e-06,12831074037.0
1784160000,3.71e-06,3.72e-06,3.67e-06,3.68e-06,18405077188.0
1784163600,3.68e-06,3.69e-06,3.66e-06,3.68e-06,10916300752.0
1784167200,3.67e-06,3.68e-06,3.65e-06,3.66e-06,7366442113.0
1784170800,3.65e-06,3.66e-06,3.62e-06,3.63e-06,28814542045.0
1784174400,3.63e-06,3.64e-06,3.61e-06,3.63e-06,20057298931.0
1784178000,3.63e-06,3.64e-06,3.61e-06,3.63e-06,25300324471.0
1784181600,3.63e-06,3.65e-06,3.62e-06,3.64e-06,18846186934.0
1784185200,3.65e-06,3.65e-06,3.54e-06,3.55e-06,71600262377.0
1784188800,3.55e-06,3.56e-06,3.51e-06,3.55e-06,15001826189.0
1784192400,3.54e-06,3.56e-06,3.52e-06,3.53e-06,4994560268.0
1784196000,3.53e-06,3.56e-06,3.52e-06,3.56e-06,11170215858.0
1784199600,3.55e-06,3.57e-06,3.54e-06,3.57e-06,5968557741.0
1784203200,3.58e-06,3.58e-06,3.51e-06,3.53e-06,12152598717.0
1784206800,3.54e-06,3.57e-06,3.53e-06,3.57e-06,8226237133.0
1784210400,3.57e-06,3.6e-06,3.57e-06,3.59e-06,8679850416.0
1784214000,3.6e-06,3.66e-06,3.59e-06,3.63e-06,15870153664.0
1784217600,3.63e-06,3.63e-06,3.49e-06,3.52e-06,36161123755.0
1784221200,3.52e-06,3.53e-06,3.47e-06,3.48e-06,30774093957.0
1784224800,3.48e-06,3.5e-06,3.35e-06,3.44e-06,67755581074.0
1784228400,3.44e-06,3.51e-06,3.44e-06,3.48e-06,35796288864.0
1784232000,3.47e-06,3.59e-06,3.46e-06,3.47e-06,57266504292.0
1784235600,3.48e-06,3.52e-06,3.46e-06,3.52e-06,24580460584.0
1784239200,3.52e-06,3.56e-06,3.48e-06,3.5e-06,26871982250.0
1784242800,3.5e-06,3.51e-06,3.43e-06,3.44e-06,29347686978.0
1784246400,3.45e-06,3.45e-06,3.37e-06,3.39e-06,40243576787.0
1784250000,3.39e-06,3.4e-06,3.35e-06,3.35e-06,35566977133.0
1784253600,3.35e-06,3.37e-06,3.33e-06,3.36e-06,44839572547.0
1784257200,3.36e-06,3.38e-06,3.33e-06,3.33e-06,21782350586.0
1784260800,3.34e-06,3.34e-06,3.27e-06,3.29e-06,47980775702.0
1784264400,3.3e-06,3.31e-06,3.24e-06,3.26e-06,64283820839.0
1784268000,3.26e-06,3.32e-06,3.26e-06,3.29e-06,49162104741.0
1784271600,3.29e-06,3.32e-06,3.27e-06,3.29e-06,25948516998.0
1784275200,3.29e-06,3.3e-06,3.25e-06,3.27e-06,35525496684.0
1784278800,3.27e-06,3.28e-06,3.25e-06,3.25e-06,27161086477.0
1784282400,3.25e-06,3.28e-06,3.25e-06,3.26e-06,22806116197.0
1784286000,3.26e-06,3.3e-06,3.25e-06,3.27e-06,27294959299.0
1784289600,3.26e-06,3.27e-06,3.19e-06,3.22e-06,65357470743.0
1784293200,3.21e-06,3.22e-06,3.14e-06,3.21e-06,51360743748.0
1784296800,3.21e-06,3.22e-06,3.16e-06,3.17e-06,33376253445.0
1784300400,3.17e-06,3.23e-06,3.16e-06,3.23e-06,42723579376.0
1784304000,3.23e-06,3.23e-06,3.18e-06,3.18e-06,29308199509.0
1784307600,3.18e-06,3.24e-06,3.17e-06,3.23e-06,25535282664.0
1784311200,3.22e-06,3.23e-06,3.2e-06,3.22e-06,15737996446.0
1784314800,3.22e-06,3.22e-06,3.17e-06,3.19e-06,29275336680.0
1784318400,3.19e-06,3.19e-06,3.14e-06,3.16e-06,21605676408.0
1784322000,3.16e-06,3.16e-06,3.03e-06,3.03e-06,88356930626.0
1784325600,3.04e-06,3.08e-06,3.02e-06,3.07e-06,64849332184.0
1784329200,3.07e-06,3.08e-06,3.03e-06,3.07e-06,39974663852.0
1784332800,3.06e-06,3.15e-06,3.04e-06,3.14e-06,91740208147.0
1784336400,3.14e-06,3.15e-06,3.08e-06,3.1e-06,45123902887.0
1784340000,3.1e-06,3.13e-06,3.09e-06,3.09e-06,35723614302.0
1784343600,3.09e-06,3.09e-06,3.06e-06,3.07e-06,38854460253.0
1784347200,3.07e-06,3.07e-06,3e-06,3.02e-06,26557255355.0
1784350800,3.02e-06,3.04e-06,3.02e-06,3.02e-06,18720229933.0
1784354400,3.02e-06,3.03e-06,2.99e-06,3e-06,33535815967.0
1784358000,3e-06,3e-06,2.97e-06,2.98e-06,35263894005.0
1784361600,2.98e-06,3e-06,2.95e-06,2.98e-06,40022574995.0
1784365200,2.98e-06,3e-06,2.97e-06,3e-06,35633343446.0
1784368800,3.01e-06,3.05e-06,3e-06,3.01e-06,30319654242.0
1784372400,3.01e-06,3.01e-06,2.95e-06,2.96e-06,54412973347.0
1784376000,2.96e-06,2.97e-06,2.92e-06,2.92e-06,42834078586.0
1784379600,2.93e-06,2.94e-06,2.89e-06,2.89e-06,50490631789.0
1784383200,2.89e-06,2.89e-06,2.79e-06,2.82e-06,81705252195.0
1784386800,2.82e-06,2.85e-06,2.69e-06,2.74e-06,194461618450.0
1784390400,2.73e-06,2.8e-06,2.72e-06,2.77e-06,120852237042.0
1784394000,2.76e-06,2.79e-06,2.73e-06,2.77e-06,80570485708.0
1784397600,2.78e-06,2.78e-06,2.72e-06,2.77e-06,35608381289.0
1784401200,2.77e-06,2.8e-06,2.75e-06,2.79e-06,42840852108.0
1784404800,2.79e-06,2.86e-06,2.78e-06,2.82e-06,95268797366.0
1784408400,2.82e-06,2.83e-06,2.79e-06,2.79e-06,28800580680.0
1784412000,2.8e-06,2.81e-06,2.77e-06,2.78e-06,24676927252.0
1784415600,2.78e-06,2.78e-06,2.75e-06,2.76e-06,36834093806.0
1784419200,2.76e-06,2.78e-06,2.75e-06,2.77e-06,32572789739.0
1784422800,2.77e-06,2.78e-06,2.75e-06,2.77e-06,26979765358.0
1784426400,2.77e-06,2.8e-06,2.74e-06,2.76e-06,52911562404.0
1784430000,2.76e-06,2.78e-06,2.72e-06,2.77e-06,63176553031.0
1784433600,2.77e-06,2.81e-06,2.75e-06,2.79e-06,50606589288.0
1784437200,2.79e-06,2.84e-06,2.79e-06,2.82e-06,48288194537.0
1784440800,2.82e-06,2.85e-06,2.81e-06,2.82e-06,48147470900.0
1784444400,2.81e-06,2.81e-06,2.78e-06,2.78e-06,46009921576.0
1784448000,2.78e-06,2.87e-06,2.77e-06,2.84e-06,72154157754.0
1784451600,2.84e-06,2.85e-06,2.82e-06,2.83e-06,37132811171.0
1784455200,2.84e-06,2.98e-06,2.84e-06,2.97e-06,115192370723.0
1784458800,2.96e-06,2.98e-06,2.91e-06,2.93e-06,96563176114.0
1784462400,2.93e-06,2.93e-06,2.88e-06,2.9e-06,36462741936.0
1784466000,2.89e-06,2.9e-06,2.88e-06,2.9e-06,29447156654.0
1784469600,2.89e-06,2.89e-06,2.85e-06,2.87e-06,59725408555.0
1784473200,2.88e-06,2.91e-06,2.88e-06,2.89e-06,107872488318.0
1784476800,2.88e-06,2.89e-06,2.84e-06,2.85e-06,19480462111.0
1784480400,2.84e-06,2.85e-06,2.82e-06,2.83e-06,37013952996.0
1784484000,2.83e-06,2.84e-06,2.79e-06,2.82e-06,67412828203.0
1784487600,2.83e-06,2.83e-06,2.79e-06,2.8e-06,29857719158.0
1784491200,2.81e-06,2.85e-06,2.81e-06,2.83e-06,30173121294.0
1784494800,2.84e-06,2.84e-06,2.77e-06,2.8e-06,30801535810.0
1784498400,2.8e-06,2.83e-06,2.79e-06,2.8e-06,27485997830.0
1784502000,2.8e-06,2.8e-06,2.76e-06,2.77e-06,19916262390.0
1784505600,2.77e-06,2.81e-06,2.77e-06,2.77e-06,98853889089.0
1784509200,2.77e-06,2.79e-06,2.73e-06,2.74e-06,63886386070.0
1784512800,2.74e-06,2.81e-06,2.73e-06,2.78e-06,96846549859.0
1784516400,2.78e-06,2.79e-06,2.77e-06,2.78e-06,26928769500.0
1784520000,2.78e-06,2.8e-06,2.76e-06,2.76e-06,18130852926.0
1784523600,2.76e-06,2.76e-06,2.73e-06,2.73e-06,47927183743.0
1784527200,2.74e-06,2.76e-06,2.72e-06,2.76e-06,30124840968.0
1784530800,2.76e-06,2.9e-06,2.75e-06,2.88e-06,107525985779.0
1784534400,2.88e-06,2.94e-06,2.85e-06,2.94e-06,90983662032.0
1784538000,2.94e-06,3.04e-06,2.93e-06,2.99e-06,150376424519.0
1784541600,2.98e-06,3.07e-06,2.97e-06,3.03e-06,131128180538.0
1784545200,3.03e-06,3.08e-06,3.01e-06,3.08e-06,137854575399.0
1784548800,3.07e-06,3.15e-06,3.07e-06,3.14e-06,246774314031.0
1784552400,3.14e-06,3.14e-06,3.02e-06,3.04e-06,133275700755.0
1784556000,3.03e-06,3.04e-06,2.96e-06,3.01e-06,74921976914.0
1784559600,3e-06,3.12e-06,3e-06,3.05e-06,141976590475.0
1784563200,3.06e-06,3.07e-06,3.02e-06,3.02e-06,82087680167.0
1784566800,3.02e-06,3.04e-06,3e-06,3.04e-06,47240443356.0
1784570400,3.04e-06,3.06e-06,3.02e-06,3.02e-06,86180972607.0
1784574000,3.03e-06,3.03e-06,2.99e-06,3e-06,38446923513.0
1784577600,2.99e-06,3.07e-06,2.99e-06,3.07e-06,48208189268.0
1784581200,3.07e-06,3.25e-06,3.06e-06,3.17e-06,172110619695.0
1784584800,3.17e-06,3.23e-06,3.12e-06,3.16e-06,58552046300.0
1784588400,3.16e-06,3.23e-06,3.15e-06,3.17e-06,38464354232.0
1784592000,3.17e-06,3.24e-06,3.15e-06,3.18e-06,41120105757.0
1784595600,3.18e-06,3.22e-06,3.17e-06,3.18e-06,67535432414.0
1784599200,3.19e-06,3.22e-06,3.13e-06,3.18e-06,71555087958.0
1784602800,3.18e-06,3.21e-06,3.11e-06,3.12e-06,32045842477.0
1784606400,3.12e-06,3.13e-06,3.05e-06,3.08e-06,22186146025.0
1784610000,3.07e-06,3.12e-06,3.05e-06,3.12e-06,20178536676.0
