time,open,high,low,close,volume
1777356000,0.000679,0.00069,0.000677,0.000678,6409888.0
1777359600,0.000677,0.000681,0.000673,0.000678,3541381.0
1777363200,0.000678,0.000682,0.000664,0.000672,9970072.0
1777370400,0.000672,0.000672,0.000661,0.000662,1712368.0
1777374000,0.00066,0.00066,0.000656,0.000656,2163413.0
1777377600,0.000656,0.000659,0.000655,0.000658,1591252.0
1777381200,0.000662,0.000662,0.000656,0.000662,2734301.0
1777384800,0.000663,0.000664,0.000657,0.000663,5035105.0
1777388400,0.000664,0.000664,0.000664,0.000664,486544.0
1777392000,0.000663,0.000663,0.000663,0.000663,562960.0
1777395600,0.000664,0.000677,0.000664,0.000676,2664364.0
1777399200,0.000676,0.000676,0.000672,0.000673,2955947.0
1777402800,0.000676,0.000677,0.000672,0.000673,5691994.0
1777406400,0.000673,0.000674,0.00067,0.00067,767874.0
1777410000,0.000669,0.000676,0.000669,0.000676,1945670.0
1777413600,0.00068,0.000689,0.000677,0.000677,3936444.0
1777420800,0.000681,0.000688,0.000681,0.000688,1945821.0
1777424400,0.000688,0.000691,0.000688,0.000691,579937.0
1777428000,0.000692,0.000692,0.000687,0.000688,624756.0
1777431600,0.000691,0.000691,0.000689,0.000689,769396.0
1777442400,0.000698,0.000698,0.000687,0.000694,2814821.0
1777449600,0.000688,0.000694,0.000682,0.000694,6753674.0
1777456800,0.000693,0.000716,0.000693,0.0007,11543409.0
1777460400,0.000714,0.000715,0.000688,0.000695,24645155.0
1777464000,0.000693,0.000693,0.000679,0.000679,485818.0
1777471200,0.000682,0.000682,0.000676,0.000676,136328.0
1777474800,0.000676,0.000679,0.000676,0.000678,915867.0
1777478400,0.000675,0.000676,0.000675,0.000676,1600188.0
1777485600,0.000676,0.000676,0.000663,0.000667,4164988.0
1777492800,0.000672,0.000672,0.00067,0.00067,319029.0
1777500000,0.000671,0.000683,0.000671,0.000683,2447103.0
1777503600,0.000681,0.000683,0.000681,0.000681,88435.0
1777507200,0.000685,0.000692,0.000685,0.000689,2312888.0
1777510800,0.000689,0.000693,0.000683,0.000689,3243347.0
1777514400,0.000689,0.000692,0.000685,0.000692,8908840.0
1777518000,0.00069,0.000691,0.000684,0.000688,16265775.0
1777521600,0.000685,0.000685,0.000665,0.000665,2480277.0
1777525200,0.000665,0.000665,0.000661,0.000662,1607166.0
1777528800,0.000667,0.000667,0.000666,0.000667,843293.0
1777532400,0.00067,0.000672,0.000666,0.000666,446936.0
1777543200,0.000667,0.000668,0.000667,0.000668,256802.0
1777546800,0.000667,0.000679,0.000667,0.000667,2772480.0
1777550400,0.000669,0.000669,0.000666,0.000666,556975.0
1777554000,0.000669,0.000678,0.000667,0.000669,21434219.0
1777557600,0.000671,0.000677,0.00067,0.000672,16096384.0
1777561200,0.000672,0.000676,0.000665,0.000671,31599016.0
1777564800,0.000666,0.000674,0.000666,0.000666,17728621.0
1777572000,0.000667,0.00067,0.000663,0.00067,2598762.0
1777579200,0.000675,0.000676,0.000673,0.000676,1647862.0
1777582800,0.000677,0.000677,0.000672,0.000672,2048426.0
1777586400,0.000672,0.000673,0.000672,0.000673,9763.0
1777590000,0.000675,0.000675,0.000675,0.000675,114556.0
1777593600,0.000675,0.000675,0.000671,0.000671,1054040.0
1777597200,0.000671,0.000674,0.000671,0.000673,767388.0
1777600800,0.000675,0.000675,0.000674,0.000674,342951.0
1777604400,0.000678,0.000679,0.000675,0.000675,1035816.0
1777618800,0.00067,0.000672,0.000669,0.000672,48386.0
1777626000,0.000671,0.000674,0.000668,0.000668,1087112.0
1777633200,0.000671,0.000678,0.000671,0.000678,40993.0
1777640400,0.000678,0.000683,0.000677,0.000683,5443659.0
1777644000,0.000683,0.000686,0.000674,0.000679,14319866.0
1777647600,0.000677,0.000682,0.000677,0.000682,632930.0
1777651200,0.000681,0.000685,0.00068,0.000685,413976.0
1777654800,0.000686,0.000686,0.00067,0.00067,1559557.0
1777658400,0.000668,0.000681,0.000665,0.000677,12664242.0
1777662000,0.000676,0.000676,0.000672,0.000672,398336.0
1777665600,0.00067,0.00067,0.000664,0.000664,2106366.0
1777669200,0.000664,0.000669,0.000663,0.000663,958018.0
1777672800,0.000664,0.000664,0.000657,0.000657,1504135.0
1777676400,0.000658,0.000666,0.000658,0.000666,1166437.0
1777680000,0.000668,0.000668,0.000665,0.000665,226346.0
1777683600,0.000664,0.000666,0.000664,0.000666,897989.0
1777687200,0.000664,0.000665,0.000662,0.000665,853400.0
1777690800,0.000663,0.000665,0.00066,0.00066,201768.0
1777694400,0.000662,0.000663,0.000659,0.000662,3180855.0
1777698000,0.000663,0.000671,0.000659,0.000665,11548723.0
1777701600,0.000665,0.000698,0.000665,0.00068,18769471.0
1777705200,0.00068,0.000681,0.000671,0.000671,2477177.0
1777708800,0.000676,0.000679,0.000672,0.000679,333239.0
1777712400,0.000678,0.000678,0.000673,0.000677,1306065.0
1777719600,0.000677,0.000678,0.000675,0.000676,162271.0
1777723200,0.000678,0.00068,0.000677,0.00068,120754.0
1777726800,0.000677,0.000677,0.000677,0.000677,555.0
1777730400,0.000675,0.000676,0.000673,0.000676,519223.0
1777734000,0.000676,0.000676,0.000665,0.000668,5821824.0
1777737600,0.00067,0.00067,0.000666,0.000667,2100241.0
1777741200,0.000663,0.000664,0.000659,0.000664,434672.0
1777748400,0.000664,0.000668,0.000664,0.000668,685540.0
1777752000,0.000667,0.000667,0.000665,0.000666,652187.0
1777755600,0.000667,0.00067,0.000666,0.000666,3065428.0
1777759200,0.000669,0.000669,0.000666,0.000666,388329.0
1777766400,0.000669,0.000669,0.000664,0.000665,316932.0
1777770000,0.000665,0.000666,0.000664,0.000664,210370.0
1777777200,0.000664,0.000664,0.000662,0.000662,1038287.0
1777780800,0.000664,0.000664,0.000661,0.000662,620437.0
1777784400,0.000662,0.000662,0.000661,0.000661,16022.0
1777791600,0.000663,0.000663,0.000661,0.000663,11089.0
1777806000,0.000667,0.00067,0.000667,0.00067,1606601.0
1777809600,0.000668,0.000671,0.000668,0.000671,67920.0
1777813200,0.000669,0.000669,0.000668,0.000668,12428.0
1777816800,0.000666,0.00067,0.000666,0.00067,623951.0
1777820400,0.00067,0.000672,0.00067,0.000672,29497.0
1777824000,0.00067,0.000673,0.000668,0.000671,668103.0
1777827600,0.000672,0.000679,0.000672,0.000679,110884.0
1777831200,0.00068,0.00068,0.000679,0.000679,1553.0
1777834800,0.000682,0.000682,0.000681,0.000681,98733.0
1777838400,0.000678,0.000679,0.000678,0.000679,49021.0
1777842000,0.000678,0.000682,0.000677,0.000682,2962745.0
1777845600,0.000681,0.000682,0.000677,0.000682,5569245.0
1777849200,0.000681,0.000682,0.00068,0.00068,2600982.0
1777852800,0.00068,0.000684,0.00068,0.000683,614819.0
1777856400,0.000684,0.000687,0.000671,0.00068,5318756.0
1777860000,0.000681,0.000681,0.000681,0.000681,293306.0
1777863600,0.00068,0.000686,0.00068,0.000686,7628564.0
1777867200,0.000684,0.000684,0.000683,0.000683,2268957.0
1777870800,0.000685,0.000687,0.000685,0.000686,2953300.0
1777874400,0.000686,0.000686,0.000682,0.000683,3584456.0
1777878000,0.000683,0.000684,0.000682,0.000682,611703.0
1777881600,0.000682,0.000683,0.000682,0.000682,1658221.0
1777885200,0.000682,0.000683,0.000682,0.000682,304602.0
1777888800,0.000682,0.000682,0.000673,0.000675,2476848.0
1777892400,0.00067,0.000674,0.000668,0.000668,774960.0
1777896000,0.000668,0.000671,0.000665,0.000665,2799474.0
1777899600,0.000668,0.000673,0.000664,0.000664,1822468.0
1777903200,0.000665,0.000673,0.000664,0.000673,5034727.0
1777906800,0.000672,0.000675,0.000672,0.000672,2117912.0
1777910400,0.000672,0.000675,0.000671,0.000675,2937527.0
1777914000,0.000675,0.000678,0.000672,0.000678,2834272.0
1777917600,0.000676,0.000678,0.000676,0.000677,1587875.0
1777921200,0.000677,0.000677,0.000676,0.000676,189758.0
1777924800,0.000675,0.000676,0.000675,0.000676,82415.0
1777928400,0.000681,0.000682,0.00068,0.000682,1552684.0
1777932000,0.000683,0.000683,0.000677,0.000678,2456445.0
1777935600,0.000678,0.00068,0.000676,0.000678,15202208.0
1777939200,0.000679,0.000688,0.000678,0.000688,19334331.0
1777942800,0.000689,0.00069,0.000681,0.000684,7109311.0
1777946400,0.000684,0.000693,0.000682,0.000693,17648923.0
1777950000,0.000692,0.000693,0.000685,0.000689,9937773.0
1777953600,0.000686,0.000688,0.000682,0.000682,2728393.0
1777957200,0.000685,0.000689,0.000684,0.000685,4676707.0
1777960800,0.000688,0.000688,0.000682,0.000683,3189886.0
1777964400,0.000686,0.000706,0.000686,0.000698,14229474.0
1777968000,0.000698,0.000707,0.000693,0.000694,8254839.0
1777971600,0.000695,0.000698,0.000692,0.000697,3427125.0
1777975200,0.000699,0.000702,0.000696,0.000696,5288200.0
1777978800,0.000696,0.000701,0.000696,0.0007,4034386.0
1777982400,0.000701,0.000703,0.000701,0.000702,1253687.0
1777986000,0.000706,0.000708,0.000697,0.000702,8744607.0
1777989600,0.000703,0.00071,0.0007,0.000703,11649971.0
1777993200,0.000702,0.000712,0.000702,0.000709,4054539.0
1777996800,0.000708,0.000708,0.000704,0.000704,159103.0
1778000400,0.000705,0.000705,0.000705,0.000705,28640.0
1778004000,0.000708,0.00071,0.000708,0.00071,3088111.0
1778007600,0.000708,0.000724,0.000708,0.000711,1900948.0
1778011200,0.000712,0.000719,0.000712,0.000719,2618731.0
1778014800,0.000719,0.000721,0.000714,0.000716,2289140.0
1778018400,0.000716,0.000716,0.000712,0.000712,1261567.0
1778022000,0.000713,0.000714,0.000711,0.000711,609958.0
1778025600,0.000712,0.000716,0.000712,0.000716,466426.0
1778029200,0.000713,0.000718,0.000713,0.000714,3833513.0
1778032800,0.000715,0.000721,0.00071,0.000721,12041475.0
1778036400,0.000722,0.000727,0.00072,0.000727,8505089.0
1778040000,0.000727,0.000729,0.000724,0.000724,5971858.0
1778043600,0.000725,0.000741,0.000724,0.000729,31888664.0
1778047200,0.00073,0.00073,0.000728,0.000728,2833400.0
1778050800,0.000728,0.000755,0.000728,0.000744,68632484.0
1778054400,0.000743,0.000744,0.000732,0.000739,15196078.0
1778058000,0.000739,0.000759,0.000739,0.000752,5021616.0
1778061600,0.000751,0.000754,0.000744,0.000744,1306093.0
1778065200,0.000749,0.000768,0.000745,0.000746,10730152.0
1778068800,0.000747,0.000762,0.000745,0.000748,8843480.0
1778072400,0.000748,0.000748,0.000727,0.000727,2628442.0
1778076000,0.000726,0.000731,0.000726,0.000726,9474797.0
1778079600,0.000725,0.000728,0.000723,0.000725,34507435.0
1778083200,0.000725,0.000726,0.000721,0.000724,7247493.0
1778086800,0.000724,0.000724,0.000721,0.000723,5733295.0
1778090400,0.000723,0.000723,0.000713,0.000714,7685067.0
1778094000,0.000714,0.000718,0.000712,0.000718,5358832.0
1778097600,0.000716,0.000727,0.000715,0.000722,18816872.0
1778101200,0.000719,0.000725,0.000719,0.000725,4895318.0
1778104800,0.000724,0.000725,0.000719,0.000719,3092570.0
1778108400,0.000721,0.000721,0.000718,0.000718,1941551.0
1778112000,0.000718,0.000718,0.000713,0.000713,2794994.0
1778115600,0.000713,0.000713,0.000713,0.000713,1053789.0
1778119200,0.000713,0.000713,0.000696,0.000699,5016538.0
1778122800,0.000699,0.000699,0.000697,0.000697,1996292.0
1778126400,0.000697,0.00071,0.000697,0.00071,2947793.0
1778130000,0.000709,0.000715,0.000707,0.000715,408209.0
1778133600,0.000713,0.000729,0.000713,0.000729,1043722.0
1778140800,0.000727,0.000727,0.000722,0.000722,729987.0
1778144400,0.000721,0.000721,0.000718,0.000718,313001.0
1778148000,0.000713,0.000714,0.000712,0.000714,1622656.0
1778151600,0.000717,0.000719,0.000714,0.000719,1817375.0
1778155200,0.00072,0.000729,0.000719,0.00072,3426481.0
1778158800,0.000719,0.000719,0.000714,0.000714,934386.0
1778162400,0.000713,0.000715,0.000708,0.000711,8177239.0
1778166000,0.000712,0.000719,0.000709,0.000709,8204414.0
1778169600,0.00071,0.000712,0.000708,0.000708,2626841.0
1778173200,0.000706,0.000706,0.000698,0.000705,4939523.0
1778176800,0.000707,0.000707,0.000699,0.000699,275769.0
1778180400,0.000698,0.000701,0.000697,0.0007,506488.0
1778184000,0.000698,0.0007,0.000697,0.0007,1354418.0
1778187600,0.000698,0.0007,0.000695,0.000695,8007441.0
1778191200,0.000697,0.0007,0.000697,0.0007,899624.0
1778194800,0.0007,0.000708,0.0007,0.000702,1119996.0
1778198400,0.000702,0.000727,0.000698,0.000724,718637.0
1778223600,0.00072,0.00073,0.00072,0.00072,1490708.0
1778227200,0.000721,0.000726,0.000709,0.000709,4050027.0
1778230800,0.000709,0.000718,0.000709,0.000711,1670599.0
1778234400,0.000711,0.000711,0.000709,0.000709,660846.0
1778238000,0.000707,0.000717,0.000707,0.000712,1433574.0
1778241600,0.000714,0.000714,0.000702,0.000702,989243.0
1778245200,0.000701,0.000701,0.00069,0.000698,4669036.0
1778248800,0.000698,0.000708,0.000698,0.000706,4020150.0
1778252400,0.000705,0.000737,0.000702,0.000731,33801574.0
1778256000,0.00073,0.000732,0.000724,0.000729,5531286.0
1778259600,0.000731,0.000741,0.000731,0.000736,5328025.0
1778263200,0.000734,0.000737,0.000728,0.000728,19321195.0
1778266800,0.000728,0.00073,0.000721,0.00073,4045276.0
1778274000,0.000727,0.000732,0.000726,0.000732,10588576.0
1778277600,0.000732,0.000752,0.000732,0.000743,14684627.0
1778281200,0.000743,0.000752,0.000738,0.000742,9440798.0
1778284800,0.000739,0.000742,0.000736,0.000736,2049797.0
1778288400,0.000735,0.000735,0.000731,0.000731,2003766.0
1778292000,0.00073,0.00073,0.000723,0.000728,6174117.0
1778295600,0.000728,0.000742,0.000728,0.00074,13642754.0
1778299200,0.00074,0.000744,0.000734,0.000744,12005901.0
1778302800,0.000744,0.000746,0.000744,0.000746,2415991.0
1778306400,0.000746,0.000746,0.000737,0.000739,2360330.0
1778310000,0.000739,0.00074,0.000734,0.00074,1122702.0
1778313600,0.000739,0.000741,0.000738,0.000738,2064790.0
1778317200,0.000739,0.000739,0.000732,0.000733,1552014.0
1778320800,0.000734,0.000744,0.000734,0.000744,2081279.0
1778324400,0.000744,0.000748,0.000744,0.000748,1539662.0
1778328000,0.000747,0.000747,0.000739,0.000745,1671615.0
1778331600,0.000744,0.000744,0.000744,0.000744,113440.0
1778335200,0.000743,0.000746,0.000739,0.00074,520117.0
1778338800,0.000738,0.000741,0.000737,0.000738,1154302.0
1778342400,0.000739,0.000745,0.000738,0.000739,422363.0
1778346000,0.00074,0.000744,0.00074,0.000742,2596671.0
1778349600,0.000741,0.000744,0.00074,0.000743,1038350.0
1778353200,0.000743,0.000743,0.000729,0.000733,33581050.0
1778356800,0.000733,0.000733,0.000729,0.000733,1875599.0
1778360400,0.000733,0.000741,0.000733,0.000741,1915350.0
1778364000,0.000738,0.00074,0.000738,0.000739,386818.0
1778367600,0.000739,0.000739,0.000733,0.000737,1320525.0
1778371200,0.000735,0.000735,0.000729,0.000734,4623996.0
1778374800,0.000734,0.000737,0.000733,0.000737,271618.0
1778382000,0.000737,0.000746,0.000737,0.000737,19838812.0
1778385600,0.000734,0.000734,0.000732,0.000732,241655.0
1778389200,0.000732,0.000732,0.000728,0.000729,4693683.0
1778392800,0.00073,0.000731,0.00073,0.000731,942447.0
1778396400,0.000731,0.000732,0.000731,0.000732,568898.0
1778400000,0.000733,0.000733,0.000729,0.000729,2277000.0
1778403600,0.00073,0.00073,0.000729,0.000729,1122440.0
1778410800,0.000733,0.000734,0.00073,0.000734,1433441.0
1778414400,0.000729,0.000735,0.000729,0.000735,2597412.0
1778418000,0.000733,0.00074,0.000733,0.000736,3750844.0
1778421600,0.000741,0.000743,0.00074,0.000741,579669.0
1778425200,0.000741,0.000751,0.000741,0.000748,8000797.0
1778428800,0.000751,0.000774,0.00075,0.000766,16733902.0
1778432400,0.000767,0.000769,0.000758,0.000758,11525426.0
1778436000,0.000759,0.000762,0.000759,0.000759,2970179.0
1778439600,0.000759,0.00076,0.000758,0.00076,602640.0
1778443200,0.000762,0.000762,0.000743,0.000743,8228970.0
1778446800,0.000745,0.000752,0.000745,0.000752,4670656.0
1778450400,0.000754,0.000766,0.000754,0.000766,4459179.0
1778454000,0.000763,0.000772,0.000759,0.000772,4343333.0
1778457600,0.000772,0.000779,0.00077,0.000772,9767740.0
1778461200,0.000776,0.000778,0.000774,0.000774,2568840.0
1778464800,0.000776,0.000784,0.000774,0.000779,11708450.0
1778468400,0.000778,0.000778,0.000739,0.000741,18031060.0
1778472000,0.000735,0.000739,0.000735,0.000739,2132293.0
1778475600,0.000736,0.000742,0.000734,0.000739,3388635.0
1778479200,0.000737,0.000745,0.000735,0.000735,11864338.0
1778482800,0.000738,0.000741,0.000735,0.000741,541512.0
1778486400,0.000741,0.000749,0.00074,0.000749,1462691.0
1778490000,0.000748,0.000762,0.000748,0.00076,2563046.0
1778493600,0.000761,0.000763,0.000755,0.00076,3605450.0
1778497200,0.000759,0.000767,0.000759,0.000764,2298567.0
1778500800,0.000756,0.000769,0.000756,0.000768,7183430.0
1778504400,0.000764,0.000768,0.000755,0.000761,3807176.0
1778508000,0.000766,0.000769,0.000757,0.000757,1435828.0
1778511600,0.000759,0.00076,0.000751,0.000759,734505.0
1778515200,0.000759,0.00077,0.000759,0.000765,2724098.0
1778518800,0.000767,0.000779,0.000766,0.000778,5012050.0
1778522400,0.000779,0.000814,0.000778,0.000806,13453881.0
1778526000,0.000802,0.000829,0.000802,0.000808,33852861.0
1778529600,0.000806,0.000815,0.000806,0.000812,16510936.0
1778533200,0.00081,0.00081,0.000793,0.000797,16654991.0
1778536800,0.000799,0.000802,0.000784,0.000785,6805872.0
1778540400,0.000784,0.000787,0.000784,0.000784,675129.0
1778544000,0.000789,0.00079,0.000782,0.000783,1509789.0
1778547600,0.000783,0.000784,0.000774,0.000775,1556267.0
1778551200,0.000779,0.000779,0.00077,0.00077,1238426.0
1778554800,0.00077,0.000773,0.000766,0.000773,2112303.0
1778558400,0.000774,0.000806,0.000774,0.000788,36545943.0
1778562000,0.000789,0.000791,0.000779,0.000784,2072473.0
1778565600,0.000784,0.000787,0.000784,0.000786,417286.0
1778569200,0.000785,0.00079,0.000783,0.000786,1856180.0
1778572800,0.000782,0.000782,0.000779,0.00078,1776022.0
1778576400,0.000781,0.000807,0.000781,0.000805,16770138.0
1778580000,0.000804,0.000812,0.000799,0.00081,11150879.0
1778583600,0.000812,0.000823,0.000778,0.000778,35168618.0
1778587200,0.000781,0.000781,0.000767,0.00077,6835619.0
1778590800,0.00077,0.000775,0.000766,0.000768,2243254.0
1778594400,0.000766,0.000771,0.000758,0.000758,3094909.0
1778598000,0.000759,0.000761,0.000741,0.000745,10487755.0
1778601600,0.000745,0.000746,0.000743,0.000743,978105.0
1778605200,0.00075,0.00075,0.000746,0.000749,904990.0
1778608800,0.000747,0.000747,0.000741,0.000745,3037803.0
1778612400,0.000745,0.00075,0.000741,0.000746,7870598.0
1778616000,0.00075,0.000764,0.00075,0.000762,17461147.0
1778619600,0.000764,0.000779,0.000752,0.000753,29364138.0
1778623200,0.000754,0.000756,0.000744,0.000747,5291219.0
1778626800,0.000744,0.000751,0.000744,0.000751,1374135.0
1778630400,0.000751,0.000756,0.00075,0.000756,1145174.0
1778634000,0.000757,0.000765,0.000753,0.000762,4265556.0
1778637600,0.000762,0.00078,0.000762,0.00078,15583083.0
1778641200,0.000777,0.000789,0.000777,0.000789,2380389.0
1778644800,0.000787,0.000788,0.000767,0.000767,8586360.0
1778648400,0.000766,0.000766,0.00076,0.000765,2583010.0
1778652000,0.000765,0.000765,0.000764,0.000764,1189815.0
1778655600,0.000764,0.000782,0.000764,0.000781,5694934.0
1778659200,0.000781,0.000785,0.000754,0.000764,28364916.0
1778662800,0.000763,0.000769,0.000746,0.000753,22595852.0
1778666400,0.00075,0.000753,0.000741,0.000747,6595543.0
1778670000,0.000746,0.000751,0.000744,0.000749,2302001.0
1778673600,0.00075,0.00075,0.00074,0.000743,2850770.0
1778677200,0.000746,0.00075,0.00074,0.00074,6163251.0
1778680800,0.000741,0.000742,0.00074,0.00074,16718338.0
1778684400,0.000741,0.000741,0.000726,0.000726,1677103.0
1778688000,0.000729,0.00073,0.000728,0.00073,497662.0
1778691600,0.00073,0.000738,0.00073,0.000735,3678415.0
1778695200,0.000734,0.000736,0.000728,0.000728,1615971.0
1778698800,0.000728,0.000732,0.000725,0.000727,2353398.0
1778702400,0.000726,0.00073,0.000726,0.00073,882599.0
1778706000,0.000727,0.000743,0.000724,0.000724,10663871.0
1778709600,0.000727,0.000727,0.000726,0.000726,20496.0
1778713200,0.000726,0.000726,0.000722,0.000724,1711489.0
1778716800,0.000725,0.000734,0.000725,0.000734,8076862.0
1778720400,0.000739,0.000739,0.000739,0.000739,134657.0
1778724000,0.000739,0.000739,0.000729,0.00073,16777761.0
1778727600,0.000725,0.000725,0.000722,0.000722,599341.0
1778731200,0.000724,0.000734,0.00072,0.000734,13588596.0
1778734800,0.000735,0.000766,0.000735,0.000745,30831900.0
1778738400,0.000741,0.000743,0.00074,0.00074,449722.0
1778742000,0.000739,0.000743,0.000739,0.000743,978672.0
1778745600,0.000741,0.000747,0.000739,0.000744,2528853.0
1778749200,0.000741,0.000741,0.000738,0.000738,654558.0
1778752800,0.000737,0.00074,0.000736,0.00074,3003803.0
1778756400,0.00074,0.000741,0.000737,0.000737,990692.0
1778760000,0.000738,0.000744,0.000737,0.000744,754798.0
1778763600,0.000747,0.000749,0.000747,0.000748,4684513.0
1778767200,0.000748,0.000772,0.000748,0.000772,27659180.0
1778770800,0.000776,0.000824,0.000774,0.000812,42529055.0
1778774400,0.000818,0.001435,0.000815,0.001268,1379148292.0
1778778000,0.001265,0.00136,0.00107,0.00133,593496202.0
1778781600,0.00133,0.001359,0.001176,0.001185,339310703.0
1778785200,0.001185,0.001226,0.001109,0.001166,205784790.0
1778788800,0.001166,0.001241,0.00112,0.001139,210038135.0
1778792400,0.001136,0.00119,0.001118,0.001124,63536339.0
1778796000,0.001129,0.001155,0.00103,0.001051,173051761.0
1778799600,0.001051,0.001104,0.001,0.001077,186795119.0
1778803200,0.00108,0.001148,0.001035,0.001041,148836630.0
1778806800,0.001042,0.001084,0.00101,0.00108,69594392.0
1778810400,0.001083,0.001209,0.00108,0.001142,215785452.0
1778814000,0.001142,0.001272,0.001119,0.0012,238478543.0
1778817600,0.0012,0.00131,0.001159,0.001184,346564993.0
1778821200,0.001186,0.00122,0.001088,0.001139,132232463.0
1778824800,0.001137,0.001243,0.001135,0.001201,158326045.0
1778828400,0.001201,0.001202,0.001124,0.001134,63808764.0
1778832000,0.001133,0.001159,0.001072,0.001099,82267585.0
1778835600,0.001094,0.001102,0.001066,0.001087,60775401.0
1778839200,0.001088,0.001207,0.001088,0.00112,93219738.0
1778842800,0.001119,0.001188,0.001119,0.001161,99271197.0
1778846400,0.001164,0.001175,0.001092,0.001151,138814638.0
1778850000,0.001148,0.001174,0.001099,0.001123,115561494.0
1778853600,0.00112,0.001126,0.001066,0.001109,88210890.0
1778857200,0.001108,0.001125,0.001075,0.001079,63710019.0
1778860800,0.001077,0.001141,0.001043,0.001053,154150482.0
1778864400,0.001049,0.00105,0.000978,0.000986,83743020.0
1778868000,0.000984,0.001002,0.000931,0.00095,63594428.0
1778871600,0.000949,0.001003,0.000945,0.000965,29234587.0
1778875200,0.00096,0.000964,0.000936,0.000936,26981852.0
1778878800,0.000939,0.000943,0.000904,0.000918,24060695.0
1778882400,0.000916,0.000949,0.000914,0.000939,47705299.0
1778886000,0.000938,0.000963,0.000926,0.000928,21002017.0
1778889600,0.000928,0.00098,0.000928,0.000958,58726979.0
1778893200,0.000961,0.000971,0.000925,0.00093,17837438.0
1778896800,0.000928,0.000933,0.000919,0.000926,34934314.0
1778900400,0.000926,0.000939,0.000911,0.000936,36895853.0
1778904000,0.000941,0.000958,0.000914,0.000955,18963602.0
1778907600,0.000957,0.001014,0.000957,0.000967,71872362.0
1778911200,0.000959,0.000993,0.000939,0.000983,27657257.0
1778914800,0.000982,0.000982,0.000924,0.000937,32863853.0
1778918400,0.000938,0.000947,0.000891,0.000897,27771600.0
1778922000,0.000895,0.000917,0.000879,0.000911,27595879.0
1778925600,0.000912,0.000912,0.000873,0.000878,26492423.0
1778929200,0.000878,0.000887,0.000864,0.00087,13993509.0
1778932800,0.000868,0.000907,0.000855,0.000893,39845997.0
1778936400,0.000893,0.000898,0.000859,0.000875,26731159.0
1778940000,0.000873,0.000876,0.000858,0.000873,26836336.0
1778943600,0.000875,0.000885,0.000872,0.000879,7261097.0
1778947200,0.000879,0.000884,0.000857,0.000864,20002394.0
1778950800,0.000864,0.000871,0.000855,0.00087,12849721.0
1778954400,0.000871,0.000923,0.000866,0.000923,30388477.0
1778958000,0.000924,0.000937,0.000896,0.000896,43909389.0
1778961600,0.000898,0.000917,0.000897,0.000903,48123487.0
1778965200,0.000901,0.000904,0.00088,0.000882,15559352.0
1778968800,0.000882,0.000882,0.000868,0.000869,19633005.0
1778972400,0.000867,0.000871,0.000866,0.000868,9083436.0
1778976000,0.000866,0.000985,0.000865,0.00095,77022957.0
1778979600,0.000945,0.00112,0.000935,0.001051,218269267.0
1778983200,0.001042,0.001117,0.000996,0.001036,140732483.0
1778986800,0.001037,0.001067,0.000996,0.001009,123767567.0
1778990400,0.00101,0.00105,0.000969,0.001005,45198740.0
1778994000,0.001006,0.001022,0.000975,0.000985,31307058.0
1778997600,0.000987,0.001031,0.000982,0.001016,25237396.0
1779001200,0.00102,0.001067,0.000974,0.000984,65690981.0
1779004800,0.000984,0.001024,0.000979,0.001024,41856164.0
1779008400,0.001024,0.001065,0.001007,0.001033,73806085.0
1779012000,0.001037,0.001199,0.00103,0.001161,149330703.0
1779015600,0.001166,0.001282,0.001142,0.001179,350147472.0
1779019200,0.001183,0.001257,0.00111,0.001115,220715827.0
1779022800,0.001115,0.00113,0.001069,0.001107,135577961.0
1779026400,0.001102,0.001108,0.001031,0.001054,73527690.0
1779030000,0.001055,0.001101,0.001027,0.001046,132766621.0
1779033600,0.001045,0.001057,0.001002,0.001013,79310177.0
1779037200,0.001013,0.00105,0.001,0.001011,75521981.0
1779040800,0.00101,0.001059,0.000982,0.001059,53652672.0
1779044400,0.001056,0.001085,0.001029,0.00107,60908637.0
1779048000,0.001068,0.001075,0.001024,0.001053,55668722.0
1779051600,0.001054,0.001142,0.001042,0.001076,151584406.0
1779055200,0.001077,0.001078,0.001023,0.001025,67584258.0
1779058800,0.001028,0.00104,0.000993,0.001022,59717684.0
1779062400,0.00102,0.001024,0.000965,0.00098,36724747.0
1779066000,0.000979,0.000979,0.000928,0.000952,87192250.0
1779069600,0.000952,0.00099,0.000952,0.000987,31462136.0
1779073200,0.000986,0.000988,0.000963,0.000971,15672093.0
1779076800,0.000972,0.000976,0.000953,0.000976,19823696.0
1779080400,0.000974,0.000977,0.000934,0.000934,22384366.0
1779084000,0.000937,0.000937,0.000912,0.000932,19093379.0
1779087600,0.000929,0.000946,0.00092,0.000933,25113356.0
1779091200,0.00093,0.000931,0.000917,0.000923,9901236.0
1779094800,0.000923,0.000928,0.000906,0.000915,26094729.0
1779098400,0.000916,0.000961,0.000916,0.000954,57066754.0
1779102000,0.000955,0.001089,0.000955,0.001044,226060667.0
1779105600,0.001037,0.001041,0.000989,0.001001,44687105.0
1779109200,0.000999,0.001023,0.00098,0.000986,33282220.0
1779112800,0.000986,0.001021,0.000953,0.000964,37153612.0
1779116400,0.000969,0.001013,0.000959,0.001003,26761181.0
1779120000,0.001001,0.001003,0.000965,0.000965,41102275.0
1779123600,0.000966,0.000979,0.00095,0.000953,42528402.0
1779127200,0.000951,0.000975,0.000949,0.000968,33187054.0
1779130800,0.000964,0.001007,0.000961,0.000977,36445836.0
1779134400,0.000978,0.000981,0.000944,0.000944,39738183.0
1779138000,0.000948,0.000962,0.000944,0.000958,6727621.0
1779141600,0.00096,0.00096,0.000934,0.000939,8223652.0
1779145200,0.00094,0.000981,0.00094,0.000972,22869281.0
1779148800,0.000973,0.000996,0.000943,0.000957,40870515.0
1779152400,0.000953,0.000957,0.000943,0.000949,15482966.0
1779156000,0.00095,0.000956,0.000943,0.000947,13241167.0
1779159600,0.000945,0.000959,0.000943,0.000946,13619474.0
1779163200,0.000944,0.00097,0.000944,0.000969,4657959.0
1779166800,0.000969,0.000986,0.00096,0.000984,6638593.0
1779170400,0.000986,0.001001,0.000956,0.00096,21813949.0
1779174000,0.000959,0.000985,0.000959,0.000967,19382718.0
1779177600,0.000966,0.000966,0.000947,0.00096,6556128.0
1779181200,0.000964,0.000965,0.000946,0.000951,2800957.0
1779184800,0.000949,0.000956,0.000947,0.000951,3784522.0
1779188400,0.00095,0.000957,0.000943,0.00095,6137058.0
1779192000,0.00095,0.000952,0.000935,0.000935,10081991.0
1779195600,0.000938,0.000947,0.000934,0.000942,4359222.0
1779199200,0.000943,0.000943,0.000916,0.00092,9053406.0
1779202800,0.000921,0.000967,0.000921,0.00094,31255360.0
1779206400,0.00094,0.000949,0.000934,0.000942,3706945.0
1779210000,0.000941,0.000945,0.000924,0.000928,11583954.0
1779213600,0.000928,0.000946,0.000925,0.000942,8463837.0
1779217200,0.000943,0.001,0.000943,0.000957,43402287.0
1779220800,0.000956,0.000977,0.00095,0.000964,13241195.0
1779224400,0.000961,0.000997,0.00096,0.000995,30864559.0
1779228000,0.000994,0.00102,0.000958,0.000961,78285953.0
1779231600,0.000958,0.000972,0.000943,0.000946,23479588.0
1779235200,0.000945,0.000949,0.000931,0.000939,7081099.0
1779238800,0.000939,0.000946,0.000934,0.000943,4511463.0
1779242400,0.000939,0.00094,0.000929,0.000936,4876760.0
1779246000,0.000936,0.000938,0.000929,0.000931,2969933.0
1779249600,0.000933,0.000936,0.000919,0.000922,2661941.0
1779253200,0.000923,0.000977,0.000919,0.000929,39708936.0
1779256800,0.000929,0.00095,0.000923,0.000937,5903202.0
1779260400,0.000936,0.000938,0.00093,0.000931,2366639.0
1779264000,0.00093,0.000933,0.000924,0.000927,2045016.0
1779267600,0.000928,0.000933,0.000923,0.000932,1060029.0
1779271200,0.000934,0.000964,0.000934,0.000936,7690239.0
1779274800,0.000937,0.000943,0.000935,0.00094,1549783.0
1779278400,0.00094,0.000944,0.000939,0.000943,960467.0
1779282000,0.000944,0.000947,0.000929,0.000933,12678602.0
1779285600,0.000933,0.000939,0.00093,0.000938,2872225.0
1779289200,0.000935,0.000945,0.000934,0.000938,2662197.0
1779292800,0.000938,0.000968,0.000936,0.000945,12651878.0
1779296400,0.000946,0.000982,0.000946,0.000962,20779346.0
1779300000,0.000962,0.000964,0.000952,0.000953,1286703.0
1779303600,0.000955,0.000959,0.000938,0.000945,11488596.0
1779307200,0.000944,0.000946,0.000941,0.000945,1208906.0
1779310800,0.000945,0.000955,0.000939,0.00094,7015455.0
1779314400,0.000938,0.000942,0.000935,0.000942,2655297.0
1779318000,0.000941,0.000944,0.000939,0.000944,1202130.0
1779321600,0.000942,0.000947,0.000941,0.000947,831763.0
1779325200,0.000947,0.000976,0.000947,0.000968,21157226.0
1779328800,0.000967,0.000967,0.000933,0.000933,6487887.0
1779332400,0.000933,0.000937,0.000929,0.000935,8885901.0
1779336000,0.000933,0.000936,0.00093,0.000933,2915385.0
1779339600,0.000936,0.00094,0.000933,0.000933,2673524.0
1779343200,0.000931,0.000936,0.000926,0.000931,4694165.0
1779346800,0.00093,0.000941,0.000929,0.000937,2268237.0
1779350400,0.000939,0.000942,0.000934,0.000936,2300397.0
1779354000,0.000936,0.00094,0.000931,0.000931,6439173.0
1779357600,0.000931,0.000934,0.000914,0.000914,28089456.0
1779361200,0.000916,0.00092,0.000914,0.000914,2947329.0
1779364800,0.000916,0.000927,0.000913,0.000914,5136139.0
1779368400,0.000912,0.000914,0.000911,0.000914,596397.0
1779372000,0.000911,0.000919,0.000911,0.000917,2111408.0
1779375600,0.000916,0.00092,0.000915,0.00092,1571482.0
1779379200,0.000915,0.000921,0.000904,0.000911,11560054.0
1779382800,0.000911,0.000919,0.000908,0.000919,3500465.0
1779386400,0.000917,0.000919,0.000911,0.000917,2482050.0
1779390000,0.000915,0.000921,0.00091,0.000921,4344971.0
1779393600,0.000922,0.000926,0.000918,0.000926,2846904.0
1779397200,0.000926,0.000929,0.000923,0.000926,7100634.0
1779400800,0.000929,0.000945,0.000929,0.000945,6082257.0
1779404400,0.000942,0.000965,0.000939,0.000949,5718538.0
1779408000,0.000948,0.000964,0.000929,0.000938,32843145.0
1779411600,0.00094,0.000945,0.000919,0.000925,25382542.0
1779415200,0.000927,0.000947,0.00092,0.000937,10872190.0
1779418800,0.000934,0.000934,0.000917,0.000918,5259468.0
1779422400,0.000921,0.000926,0.000917,0.000926,1689730.0
1779426000,0.00092,0.000929,0.000917,0.000926,2268944.0
1779429600,0.000922,0.000922,0.000921,0.000921,590052.0
1779433200,0.000921,0.000921,0.000914,0.000914,3264894.0
1779436800,0.000918,0.00093,0.000914,0.000914,4682527.0
1779440400,0.000914,0.000921,0.000913,0.000918,1998840.0
1779444000,0.000917,0.000965,0.000917,0.000964,30265359.0
1779447600,0.000961,0.00097,0.000954,0.000967,8148238.0
1779451200,0.000966,0.000968,0.000938,0.000939,8325538.0
1779454800,0.000942,0.000961,0.000936,0.000936,7205660.0
1779458400,0.000934,0.000942,0.000931,0.000932,3780725.0
1779462000,0.00093,0.000949,0.000923,0.000928,29947790.0
1779465600,0.000923,0.00093,0.00092,0.00093,2002399.0
1779469200,0.000928,0.00093,0.000925,0.00093,116284.0
1779472800,0.000928,0.000929,0.000911,0.000912,5317284.0
1779476400,0.000912,0.000912,0.000892,0.000894,2657137.0
1779480000,0.000894,0.000895,0.000891,0.000894,1092037.0
1779483600,0.000894,0.0009,0.000892,0.0009,886845.0
1779487200,0.000899,0.000899,0.000881,0.000881,2543468.0
1779490800,0.000884,0.00089,0.000881,0.000887,1798960.0
1779494400,0.000882,0.000885,0.00088,0.000885,688889.0
1779498000,0.000886,0.000888,0.000879,0.000881,2315400.0
1779501600,0.000882,0.000883,0.000881,0.000882,554570.0
1779505200,0.000884,0.000887,0.000884,0.000886,4876039.0
1779512400,0.000887,0.00089,0.000887,0.000888,1539893.0
1779516000,0.00089,0.000892,0.000886,0.000889,1113920.0
1779519600,0.000892,0.000892,0.000885,0.000886,32440114.0
1779523200,0.000885,0.000886,0.00088,0.000884,4741307.0
1779530400,0.000881,0.000892,0.000881,0.000892,1428458.0
1779534000,0.000892,0.000892,0.000883,0.000885,566620.0
1779537600,0.000884,0.000894,0.000884,0.000894,769982.0
1779541200,0.000895,0.0009,0.000894,0.0009,1221155.0
1779544800,0.000901,0.000925,0.000899,0.000925,9978997.0
1779548400,0.000925,0.000931,0.000909,0.000912,8131806.0
1779552000,0.000912,0.000912,0.0009,0.000904,5357249.0
1779555600,0.000905,0.000906,0.000898,0.000906,5463387.0
1779559200,0.000911,0.000923,0.000911,0.000921,4136725.0
1779562800,0.000921,0.000923,0.000917,0.000918,1884340.0
1779566400,0.000923,0.000923,0.000912,0.00092,29401786.0
1779570000,0.00092,0.000922,0.000909,0.00091,4615036.0
1779573600,0.00092,0.00092,0.000891,0.0009,14283095.0
1779577200,0.000901,0.000903,0.000898,0.000902,321185.0
1779580800,0.000903,0.000911,0.000903,0.000911,2712887.0
1779584400,0.000913,0.000921,0.000892,0.000898,19872849.0
1779588000,0.000899,0.000907,0.000897,0.000906,20220523.0
1779591600,0.000906,0.00091,0.000902,0.000909,3694723.0
1779595200,0.000903,0.000903,0.000896,0.000901,3338089.0
1779598800,0.0009,0.000902,0.0009,0.000902,912685.0
1779602400,0.000899,0.000902,0.000897,0.000901,1822334.0
1779606000,0.000901,0.000903,0.000901,0.000903,52048.0
1779609600,0.000904,0.000904,0.000902,0.000902,6209.0
1779613200,0.000904,0.000904,0.000902,0.000903,103030.0
1779616800,0.000903,0.000906,0.000903,0.000906,173057.0
1779620400,0.000905,0.000907,0.000904,0.000904,751392.0
1779624000,0.000903,0.000936,0.000903,0.000936,40607816.0
1779627600,0.000937,0.000939,0.000913,0.000913,5206958.0
1779631200,0.000913,0.000924,0.00091,0.000916,5994206.0
1779634800,0.000916,0.000921,0.000912,0.000919,1966098.0
1779638400,0.000917,0.000917,0.000913,0.000916,350399.0
1779642000,0.000915,0.000923,0.000912,0.000912,3134175.0
1779645600,0.000914,0.000919,0.000912,0.000919,548626.0
1779649200,0.000917,0.000917,0.000905,0.000909,7916351.0
1779652800,0.000906,0.000906,0.0009,0.0009,4136586.0
1779656400,0.0009,0.000934,0.0009,0.000905,7208664.0
1779660000,0.000905,0.000919,0.000896,0.000898,6722421.0
1779663600,0.000901,0.000906,0.000897,0.000906,3158209.0
1779667200,0.000906,0.00092,0.000906,0.000914,2510192.0
1779670800,0.000917,0.000917,0.000912,0.000912,1122183.0
1779674400,0.000913,0.00092,0.000912,0.00092,961978.0
1779678000,0.000914,0.000916,0.0009,0.0009,3292567.0
1779681600,0.000902,0.00091,0.0009,0.00091,257645.0
1779685200,0.000909,0.000922,0.000909,0.000922,2880113.0
1779688800,0.000922,0.000922,0.000917,0.000917,3426648.0
1779692400,0.000919,0.000922,0.000916,0.000917,1088829.0
1779696000,0.000915,0.000915,0.000906,0.000906,2182589.0
1779699600,0.000905,0.000919,0.000905,0.000912,303641.0
1779703200,0.00091,0.00091,0.000898,0.000904,1207162.0
1779706800,0.000904,0.000905,0.000898,0.000902,1464402.0
1779710400,0.000898,0.000905,0.000894,0.000898,2830485.0
1779714000,0.000899,0.0009,0.000895,0.000897,7227483.0
1779717600,0.000899,0.00091,0.000897,0.00091,9863593.0
1779721200,0.00091,0.000916,0.000902,0.000903,5159491.0
1779724800,0.0009,0.00091,0.000897,0.00091,8122457.0
1779728400,0.000905,0.000905,0.00089,0.000892,3549590.0
1779732000,0.000892,0.000897,0.00088,0.000885,29853764.0
1779735600,0.000887,0.000894,0.000884,0.000894,2075015.0
1779739200,0.000889,0.00089,0.000882,0.000885,4262887.0
1779742800,0.000882,0.000884,0.00088,0.000884,725507.0
1779746400,0.00088,0.00088,0.000842,0.000848,44867997.0
1779750000,0.000847,0.000857,0.000845,0.000856,9496337.0
1779753600,0.000856,0.000856,0.000845,0.000851,1223964.0
1779757200,0.000846,0.000849,0.000843,0.000848,1871872.0
1779760800,0.000847,0.000847,0.000844,0.000844,306035.0
1779764400,0.000844,0.000845,0.00084,0.000843,644333.0
1779768000,0.000844,0.000846,0.000841,0.000844,211905.0
1779771600,0.000842,0.000857,0.000842,0.000857,5020405.0
1779775200,0.000857,0.000859,0.000854,0.000854,823605.0
1779778800,0.000853,0.000853,0.000849,0.000852,1671700.0
1779782400,0.000849,0.000849,0.00083,0.000837,6887854.0
1779786000,0.000837,0.000847,0.000832,0.000843,21428957.0
1779789600,0.000852,0.000864,0.000852,0.000862,2282241.0
1779793200,0.000862,0.000867,0.000862,0.000863,521561.0
1779796800,0.000859,0.00087,0.000859,0.00087,416846.0
1779800400,0.000868,0.000868,0.000861,0.000868,1019652.0
1779804000,0.000866,0.000868,0.00086,0.00086,1507919.0
1779807600,0.000855,0.000857,0.000849,0.000849,35071.0
1779811200,0.000852,0.000852,0.000836,0.00084,4739461.0
1779814800,0.000839,0.000843,0.000832,0.000839,3646449.0
1779818400,0.000834,0.000834,0.000811,0.000816,59104923.0
1779822000,0.000816,0.000818,0.000813,0.000814,593993.0
1779825600,0.000819,0.00082,0.000812,0.000813,890488.0
1779829200,0.00081,0.000814,0.000806,0.000809,808783.0
1779832800,0.000808,0.000808,0.000801,0.000803,4662143.0
1779836400,0.000803,0.000804,0.000798,0.000798,1287052.0
1779840000,0.000797,0.000801,0.000797,0.0008,499305.0
1779843600,0.0008,0.000804,0.000799,0.000804,22774328.0
1779847200,0.0008,0.000811,0.0008,0.000803,25722948.0
1779850800,0.000804,0.000807,0.0008,0.000806,989473.0
1779854400,0.000806,0.000806,0.000801,0.000801,779142.0
1779858000,0.000799,0.0008,0.000798,0.000799,1065998.0
1779861600,0.0008,0.0008,0.000798,0.0008,589777.0
1779865200,0.000802,0.00081,0.000802,0.000806,2815024.0
1779868800,0.000806,0.000808,0.000805,0.000805,1649899.0
1779872400,0.000804,0.000805,0.000804,0.000805,148018.0
1779876000,0.000806,0.000814,0.000806,0.000809,4994815.0
1779879600,0.000811,0.000815,0.000811,0.000812,1589305.0
1779883200,0.000811,0.000821,0.00081,0.000817,3718509.0
1779886800,0.000813,0.000815,0.000809,0.000809,1722361.0
1779890400,0.000809,0.000809,0.000802,0.000804,679380.0
1779894000,0.000803,0.000812,0.000801,0.00081,1609345.0
1779897600,0.00081,0.000823,0.000808,0.000809,5221795.0
1779901200,0.000808,0.000817,0.000802,0.000806,9193209.0
1779904800,0.000805,0.000805,0.0008,0.000802,1373930.0
1779908400,0.000802,0.000806,0.000801,0.000802,1459041.0
1779912000,0.000802,0.000808,0.000801,0.000806,1130643.0
1779915600,0.000806,0.000811,0.000795,0.000795,1417782.0
1779919200,0.000796,0.000798,0.000792,0.000792,740941.0
1779922800,0.000793,0.000794,0.00078,0.000782,3225014.0
1779926400,0.000781,0.000785,0.00078,0.000782,1470048.0
1779930000,0.000783,0.000786,0.000778,0.000781,6129476.0
1779933600,0.000782,0.000785,0.000781,0.000782,3307316.0
1779937200,0.000785,0.000786,0.000781,0.000781,17653679.0
1779940800,0.000782,0.000783,0.000781,0.000782,7076883.0
1779944400,0.000781,0.000781,0.000781,0.000781,99908.0
1779948000,0.000781,0.000785,0.000781,0.000781,7149304.0
1779951600,0.000781,0.000787,0.000781,0.000785,2184455.0
1779955200,0.000785,0.000797,0.000782,0.000786,5401605.0
1779958800,0.000785,0.000785,0.000781,0.000784,3754217.0
1779962400,0.000782,0.000783,0.000781,0.000782,210336.0
1779966000,0.000783,0.000785,0.000782,0.000785,1446298.0
1779969600,0.000786,0.00112,0.000786,0.001091,278549729.0
1779973200,0.00109,0.0012,0.000968,0.001013,518496665.0
1779976800,0.001014,0.00103,0.00094,0.001013,130616512.0
1779980400,0.001015,0.001075,0.000967,0.000984,159500753.0
1779984000,0.000982,0.000984,0.000918,0.000923,107849733.0
1779987600,0.000922,0.000963,0.00089,0.000941,117322105.0
1779991200,0.00094,0.000957,0.000892,0.000914,54480352.0
1779994800,0.000914,0.001061,0.000903,0.001024,145269575.0
1779998400,0.001029,0.001071,0.000928,0.000941,181567506.0
1780002000,0.000941,0.00096,0.000925,0.000942,34012158.0
1780005600,0.000942,0.000944,0.000899,0.000923,63124239.0
1780009200,0.000922,0.000955,0.000922,0.00093,35152618.0
1780012800,0.000926,0.000943,0.000902,0.000906,36475328.0
1780016400,0.000905,0.001044,0.000905,0.001019,167880202.0
1780020000,0.001018,0.001057,0.000963,0.000985,102279817.0
1780023600,0.000988,0.001006,0.000937,0.000979,82738745.0
1780027200,0.000979,0.000999,0.000946,0.00096,66299590.0
1780030800,0.000962,0.000968,0.000925,0.000925,32356496.0
1780034400,0.000929,0.001024,0.000917,0.000989,77510103.0
1780038000,0.000983,0.000983,0.000917,0.000934,78104600.0
1780041600,0.000935,0.000949,0.000922,0.000923,27370657.0
1780045200,0.000922,0.000958,0.000915,0.000958,12632171.0
1780048800,0.000959,0.001003,0.000934,0.000967,66962072.0
1780052400,0.000969,0.001001,0.000946,0.000987,104270049.0
1780056000,0.000988,0.000996,0.000937,0.000958,59448509.0
1780059600,0.000958,0.000962,0.000927,0.000944,26142943.0
1780063200,0.000944,0.000951,0.000923,0.000941,32995190.0
1780066800,0.000938,0.000955,0.000936,0.000943,18237369.0
1780070400,0.000943,0.000963,0.000935,0.000944,13670420.0
1780074000,0.000944,0.000949,0.000934,0.000935,13837355.0
1780077600,0.000932,0.000944,0.000927,0.00093,17466796.0
1780081200,0.000933,0.000959,0.000933,0.000935,13878100.0
1780084800,0.000937,0.000937,0.000928,0.000933,4538826.0
1780088400,0.000939,0.00095,0.000911,0.000923,20333756.0
1780092000,0.000924,0.000925,0.00091,0.000911,9536388.0
1780095600,0.000911,0.00092,0.000884,0.0009,49173528.0
1780099200,0.0009,0.0009,0.000885,0.000887,9389949.0
1780102800,0.000886,0.000893,0.000886,0.00089,3064924.0
1780106400,0.000889,0.000894,0.000884,0.00089,8138129.0
1780110000,0.000891,0.000893,0.000888,0.000888,10282206.0
1780113600,0.00089,0.000891,0.000877,0.00088,13636343.0
1780117200,0.000877,0.00089,0.000877,0.000886,4454144.0
1780120800,0.000885,0.000885,0.000873,0.000875,13661597.0
1780124400,0.000874,0.000882,0.000873,0.000875,4188758.0
1780128000,0.000876,0.000884,0.000876,0.000884,3993585.0
1780131600,0.000884,0.000888,0.000862,0.00087,13522798.0
1780135200,0.000871,0.000877,0.000867,0.000876,2802017.0
1780138800,0.000874,0.000874,0.000859,0.000859,8287131.0
1780142400,0.000858,0.000863,0.000853,0.000858,8872048.0
1780146000,0.000856,0.000857,0.000844,0.000849,7129192.0
1780149600,0.000849,0.000857,0.000841,0.000857,4908699.0
1780153200,0.000858,0.00086,0.000849,0.000854,5720484.0
1780156800,0.000853,0.000869,0.000849,0.000869,4305169.0
1780160400,0.000863,0.000864,0.000854,0.000858,3332718.0
1780164000,0.00086,0.000868,0.00086,0.000861,4239588.0
1780167600,0.00086,0.00086,0.000855,0.000857,4406747.0
1780171200,0.000857,0.000859,0.000852,0.000853,1733576.0
1780174800,0.000853,0.000896,0.000851,0.000895,8897721.0
1780178400,0.000894,0.000923,0.000868,0.00088,20393283.0
1780182000,0.000882,0.000882,0.000872,0.000876,3821633.0
1780185600,0.000877,0.000897,0.000877,0.000882,11101788.0
1780189200,0.000881,0.000888,0.000881,0.000885,2610695.0
1780192800,0.000884,0.000888,0.000878,0.000879,6553874.0
1780196400,0.000881,0.000882,0.000873,0.000873,6501511.0
1780200000,0.000873,0.000873,0.000871,0.000871,1400753.0
1780203600,0.00087,0.000872,0.000865,0.000865,2991184.0
1780207200,0.000862,0.000864,0.00086,0.00086,1570702.0
1780210800,0.00086,0.000862,0.000857,0.000859,3806681.0
1780214400,0.00086,0.000864,0.000854,0.000854,1273162.0
1780218000,0.000853,0.00086,0.000846,0.000852,6152375.0
1780221600,0.000853,0.000855,0.000847,0.000855,2808646.0
1780225200,0.000857,0.000872,0.000856,0.000868,14352640.0
1780228800,0.000867,0.00105,0.000862,0.001028,145324478.0
1780232400,0.001029,0.001191,0.001026,0.001129,750420873.0
1780236000,0.001126,0.001152,0.00101,0.001012,289217846.0
1780239600,0.001012,0.001018,0.000931,0.000944,179631450.0
1780243200,0.000946,0.001063,0.000931,0.001022,229347647.0
1780246800,0.001021,0.001027,0.00096,0.000991,116508314.0
1780250400,0.000989,0.000989,0.000952,0.000953,56795458.0
1780254000,0.000955,0.00103,0.000948,0.001026,110409662.0
1780257600,0.001027,0.001069,0.000984,0.000992,132423073.0
1780261200,0.00099,0.000998,0.000973,0.000992,15420079.0
1780264800,0.00099,0.000997,0.000964,0.000971,8950951.0
1780268400,0.000972,0.000976,0.000962,0.000974,8686312.0
1780272000,0.000971,0.000971,0.000938,0.00095,17666509.0
1780275600,0.000949,0.000949,0.000916,0.000916,13038213.0
1780279200,0.000915,0.000924,0.000907,0.000922,15654651.0
1780282800,0.000922,0.000964,0.000917,0.000943,43667874.0
1780286400,0.000942,0.000945,0.000925,0.00093,9358093.0
1780290000,0.000929,0.000929,0.000912,0.000913,10845864.0
1780293600,0.000915,0.00092,0.00091,0.000915,8984217.0
1780297200,0.000914,0.000941,0.000911,0.000912,13129840.0
1780300800,0.000912,0.000927,0.000912,0.000927,5810906.0
1780304400,0.000929,0.00097,0.000918,0.00097,34467392.0
1780308000,0.000975,0.0011,0.000975,0.000986,280048180.0
1780311600,0.000989,0.001058,0.000957,0.001035,123036565.0
1780315200,0.001035,0.001058,0.001006,0.001023,54685056.0
1780318800,0.001021,0.001054,0.000963,0.000975,71504767.0
1780322400,0.000975,0.000983,0.000953,0.000967,36893183.0
1780326000,0.000968,0.001044,0.000954,0.000994,84877110.0
1780329600,0.000996,0.00103,0.000982,0.001017,42064244.0
1780333200,0.001014,0.001025,0.001002,0.001005,9027051.0
1780336800,0.000999,0.001009,0.000988,0.000993,14592295.0
1780340400,0.000986,0.001015,0.000964,0.001008,30220723.0
1780344000,0.001008,0.001025,0.001007,0.001012,9712971.0
1780347600,0.001011,0.001037,0.001002,0.001026,22430148.0
1780351200,0.001029,0.001037,0.000995,0.001023,10660222.0
1780354800,0.001025,0.001025,0.000992,0.000996,5296893.0
1780358400,0.000998,0.000998,0.000973,0.000993,6915361.0
1780362000,0.000995,0.001012,0.000983,0.00101,13089187.0
1780365600,0.001009,0.00101,0.000993,0.001009,9953847.0
1780369200,0.001009,0.00101,0.000997,0.001001,7071877.0
1780372800,0.000998,0.001001,0.00099,0.000993,5185826.0
1780376400,0.000988,0.000992,0.00098,0.000982,3270287.0
1780380000,0.000981,0.000984,0.000974,0.000975,2765159.0
1780383600,0.000976,0.000976,0.000963,0.000963,8117854.0
1780387200,0.000961,0.000965,0.000944,0.000952,7559524.0
1780390800,0.000952,0.000964,0.000951,0.000958,6736523.0
1780394400,0.000958,0.00106,0.000952,0.001025,47175927.0
1780398000,0.001021,0.001024,0.000985,0.000986,10876970.0
1780401600,0.000989,0.000995,0.000971,0.000978,11143254.0
1780405200,0.00098,0.000985,0.000969,0.000971,7466359.0
1780408800,0.000972,0.000974,0.000946,0.00095,15221571.0
1780412400,0.000949,0.000952,0.00094,0.000946,14527353.0
1780416000,0.000944,0.000959,0.000938,0.000946,9720350.0
1780419600,0.000946,0.00101,0.000943,0.00099,34384513.0
1780423200,0.000988,0.000988,0.000964,0.000968,3891977.0
1780426800,0.000967,0.00101,0.000959,0.00099,21488349.0
1780430400,0.000988,0.001003,0.000982,0.000983,3937136.0
1780434000,0.000982,0.000991,0.000978,0.000991,1990304.0
1780437600,0.00099,0.00101,0.00098,0.001005,34298285.0
1780441200,0.001003,0.001003,0.000947,0.000961,14108255.0
1780444800,0.000962,0.001016,0.000953,0.000985,41046679.0
1780448400,0.000989,0.001038,0.000989,0.001002,9641366.0
1780452000,0.001,0.001034,0.001,0.001008,21162505.0
1780455600,0.001009,0.001009,0.000974,0.000986,9220836.0
1780459200,0.000988,0.001024,0.000984,0.001024,19093775.0
1780462800,0.001023,0.001042,0.001016,0.001024,14597335.0
1780466400,0.001023,0.001038,0.001017,0.001036,12815586.0
1780470000,0.001034,0.001038,0.001024,0.001038,11169937.0
1780473600,0.001037,0.001079,0.001024,0.001025,69550765.0
1780477200,0.001023,0.001069,0.001017,0.001055,14178734.0
1780480800,0.001053,0.00108,0.001037,0.001057,45292483.0
1780484400,0.001059,0.001063,0.001042,0.001046,15983922.0
1780488000,0.00104,0.001058,0.00102,0.001035,32947577.0
1780491600,0.00104,0.001105,0.001036,0.001068,33737105.0
1780495200,0.001068,0.001223,0.001048,0.001087,134774460.0
1780498800,0.001093,0.001175,0.00105,0.001156,74663635.0
1780502400,0.001157,0.001244,0.001065,0.001098,131464615.0
1780506000,0.001099,0.00114,0.001075,0.001115,47470575.0
1780509600,0.001112,0.001115,0.001066,0.001089,20218188.0
1780513200,0.001089,0.00112,0.00107,0.001089,55250173.0
1780516800,0.001091,0.001153,0.001078,0.001083,60351449.0
1780520400,0.001083,0.00113,0.001083,0.001108,27243008.0
1780524000,0.001108,0.001233,0.001108,0.001158,95606597.0
1780527600,0.001156,0.001156,0.0011,0.001132,27855148.0
1780531200,0.001129,0.001146,0.001092,0.001106,24643357.0
1780534800,0.001105,0.001145,0.001073,0.001109,55749373.0
1780538400,0.00111,0.001132,0.001069,0.001073,69820208.0
1780542000,0.001074,0.001127,0.001074,0.001105,33307504.0
1780545600,0.001101,0.001126,0.001088,0.001098,34172329.0
1780549200,0.001098,0.00144,0.001095,0.001248,429292412.0
1780552800,0.001245,0.001256,0.001075,0.001149,212848382.0
1780556400,0.001149,0.001244,0.001135,0.001226,45549087.0
1780560000,0.001228,0.001312,0.00119,0.001299,125301488.0
1780563600,0.001298,0.001457,0.001277,0.001372,237210606.0
1780567200,0.001365,0.00164,0.00134,0.001585,323402541.0
1780570800,0.001586,0.001688,0.001482,0.001641,322256053.0
1780574400,0.001647,0.001961,0.001604,0.001707,426417212.0
1780578000,0.001706,0.00174,0.00146,0.0015,308135693.0
1780581600,0.001505,0.001561,0.001425,0.001514,216931562.0
1780585200,0.001513,0.001739,0.001474,0.001709,304055395.0
1780588800,0.001705,0.001799,0.001529,0.001671,307490620.0
1780592400,0.00167,0.0017,0.001514,0.001539,170722860.0
1780596000,0.001539,0.001608,0.001501,0.001587,87700924.0
1780599600,0.001584,0.001699,0.001525,0.001591,148420796.0
1780603200,0.001598,0.001627,0.001461,0.00149,124467488.0
1780606800,0.001484,0.001546,0.001405,0.001422,66498646.0
1780610400,0.001422,0.001567,0.00141,0.00144,151134588.0
1780614000,0.001446,0.001491,0.001421,0.001456,43068774.0
1780617600,0.001455,0.001612,0.001438,0.001485,110226713.0
1780621200,0.001481,0.001483,0.001366,0.00138,103630572.0
1780624800,0.001376,0.001486,0.001373,0.001381,103491444.0
1780628400,0.001383,0.001384,0.001311,0.001316,49827433.0
1780632000,0.001316,0.001347,0.001278,0.001306,59109937.0
1780635600,0.0013,0.001326,0.001223,0.001228,37585322.0
1780639200,0.001231,0.001245,0.00116,0.001217,109832694.0
1780642800,0.001213,0.001223,0.001105,0.00119,109808039.0
1780646400,0.001183,0.00135,0.00117,0.001307,112362117.0
1780650000,0.00131,0.001349,0.001249,0.001328,66621705.0
1780653600,0.00133,0.001332,0.00124,0.001244,55154871.0
1780657200,0.001245,0.001278,0.001201,0.001241,65655838.0
1780660800,0.001236,0.00132,0.001225,0.001318,110932463.0
1780664400,0.001315,0.001365,0.00125,0.00125,96808007.0
1780668000,0.001249,0.001324,0.001225,0.001267,61224116.0
1780671600,0.001267,0.001315,0.001239,0.001247,31071671.0
1780675200,0.001244,0.001275,0.001197,0.001225,41243019.0
1780678800,0.001221,0.001221,0.001124,0.001205,93381808.0
1780682400,0.001207,0.001215,0.001114,0.001122,29766085.0
1780686000,0.001121,0.00117,0.001111,0.00117,30762527.0
1780689600,0.001165,0.001169,0.001117,0.001161,35987778.0
1780693200,0.001163,0.001206,0.001157,0.001193,12229183.0
1780696800,0.001196,0.001202,0.001176,0.001202,13485160.0
1780700400,0.001206,0.001211,0.001152,0.001175,24660427.0
1780704000,0.00117,0.001212,0.001169,0.001207,18163566.0
1780707600,0.00121,0.001387,0.001209,0.001288,102596263.0
1780711200,0.001287,0.001349,0.001254,0.001302,51652182.0
1780714800,0.001303,0.001404,0.001276,0.001299,109641649.0
1780718400,0.001301,0.001321,0.001243,0.001253,18340272.0
1780722000,0.001251,0.0013,0.001229,0.001276,31440474.0
1780725600,0.001279,0.001473,0.001278,0.001427,134793856.0
1780729200,0.001427,0.00157,0.001377,0.001498,166880100.0
1780732800,0.001505,0.001575,0.001422,0.001544,104985554.0
1780736400,0.001543,0.001616,0.001465,0.00155,84562071.0
1780740000,0.001541,0.001557,0.001377,0.001429,77838238.0
1780743600,0.00143,0.001626,0.001418,0.001561,178688948.0
1780747200,0.001561,0.001603,0.001456,0.001552,88917395.0
1780750800,0.001552,0.0017,0.001541,0.001599,118325191.0
1780754400,0.001599,0.001613,0.001534,0.001596,57176919.0
1780758000,0.001597,0.00162,0.001514,0.001564,79493371.0
1780761600,0.001569,0.001572,0.001473,0.001489,39881053.0
1780765200,0.001484,0.001591,0.001399,0.001536,95453667.0
1780768800,0.00152,0.001549,0.00144,0.001477,43571049.0
1780772400,0.001483,0.001537,0.00145,0.001506,55789734.0
1780776000,0.0015,0.001553,0.001476,0.001485,37123656.0
1780779600,0.001487,0.001545,0.001416,0.001531,38836405.0
1780783200,0.001535,0.001543,0.001448,0.001502,21496303.0
1780786800,0.001503,0.001744,0.00146,0.001744,65492787.0
1780790400,0.001744,0.0018,0.00156,0.001621,131951061.0
1780794000,0.00162,0.00165,0.001566,0.00159,56449965.0
1780797600,0.001588,0.001664,0.001582,0.001582,59963880.0
1780801200,0.001586,0.0016,0.001521,0.001536,31422553.0
1780804800,0.001532,0.001559,0.001504,0.001549,29233318.0
1780808400,0.001549,0.001634,0.001524,0.0016,27537113.0
1780812000,0.0016,0.001679,0.001591,0.001606,39698791.0
1780815600,0.001606,0.001661,0.001591,0.00166,19001310.0
1780819200,0.001661,0.0017,0.001629,0.00166,34099089.0
1780822800,0.001651,0.001663,0.0016,0.001614,16251113.0
1780826400,0.00161,0.00161,0.001555,0.001575,15884976.0
1780830000,0.001575,0.001592,0.001553,0.001561,26314702.0
1780833600,0.001563,0.001563,0.001526,0.001531,12342318.0
1780837200,0.00153,0.001557,0.001524,0.001555,10378864.0
1780840800,0.001554,0.00159,0.001544,0.00158,25899514.0
1780844400,0.001579,0.001579,0.001515,0.001539,55499598.0
1780848000,0.001537,0.001602,0.001519,0.001585,41274921.0
1780851600,0.001582,0.001647,0.001553,0.001561,34703700.0
1780855200,0.001561,0.001604,0.00153,0.001556,27347076.0
1780858800,0.001553,0.001553,0.001518,0.001521,4675045.0
1780862400,0.001519,0.00163,0.001476,0.001582,43679321.0
1780866000,0.00158,0.001662,0.001543,0.001597,25407844.0
1780869600,0.001597,0.001646,0.001584,0.001616,13182927.0
1780873200,0.001611,0.0017,0.001607,0.001623,41481431.0
1780876800,0.001621,0.001654,0.001578,0.001585,35867103.0
1780880400,0.001586,0.001589,0.001547,0.001568,11552062.0
1780884000,0.001569,0.001605,0.00154,0.001588,43941820.0
1780887600,0.001592,0.001596,0.001551,0.001568,6447213.0
1780891200,0.001569,0.001649,0.001554,0.001614,31896767.0
1780894800,0.001615,0.001615,0.001566,0.001572,9209105.0
1780898400,0.001572,0.001607,0.001553,0.001593,19093159.0
1780902000,0.001593,0.001605,0.001549,0.001552,8478036.0
1780905600,0.001547,0.00156,0.001528,0.001531,11167872.0
1780909200,0.001533,0.001538,0.001523,0.001526,4562340.0
1780912800,0.001524,0.001524,0.001424,0.001429,47751339.0
1780916400,0.001426,0.001586,0.001407,0.001566,48375674.0
1780920000,0.001562,0.001595,0.001437,0.001463,33575865.0
1780923600,0.001461,0.001474,0.001422,0.001433,12758693.0
1780927200,0.001439,0.001456,0.001425,0.001442,17993436.0
1780930800,0.001444,0.001534,0.001429,0.00152,33969866.0
1780934400,0.00152,0.00152,0.001459,0.001476,19661704.0
1780938000,0.001472,0.001503,0.00145,0.001474,23364754.0
1780941600,0.001476,0.00149,0.00146,0.001483,14889017.0
1780945200,0.001482,0.001526,0.001481,0.001501,17782465.0
1780948800,0.001498,0.001499,0.001461,0.00147,4307205.0
1780952400,0.001468,0.0015,0.001468,0.001487,2384350.0
1780956000,0.001487,0.001526,0.001485,0.001526,3352841.0
1780959600,0.001521,0.001534,0.001513,0.001514,2110297.0
1780963200,0.001516,0.001516,0.00145,0.001456,4906112.0
1780966800,0.001457,0.0015,0.001441,0.001455,14833497.0
1780970400,0.001451,0.001453,0.001429,0.001443,10787079.0
1780974000,0.001447,0.001447,0.001425,0.001433,4595950.0
1780977600,0.001433,0.001505,0.001433,0.001486,30737766.0
1780981200,0.00148,0.001488,0.001458,0.001488,6916908.0
1780984800,0.001487,0.001496,0.001472,0.001473,1089627.0
1780988400,0.001472,0.001476,0.00146,0.001476,1488155.0
1780992000,0.001463,0.001479,0.00146,0.001467,1139806.0
1780995600,0.001466,0.001523,0.001461,0.001513,1646996.0
1780999200,0.001517,0.001529,0.001493,0.001493,2627959.0
1781002800,0.001495,0.001516,0.001448,0.001468,14119059.0
1781006400,0.001466,0.001497,0.001466,0.00149,8521153.0
1781010000,0.001491,0.001491,0.001463,0.001474,5259619.0
1781013600,0.001471,0.001471,0.001425,0.00143,8184875.0
1781017200,0.001435,0.001444,0.001428,0.00143,3597884.0
1781020800,0.001431,0.001443,0.001376,0.001388,13178721.0
1781024400,0.00139,0.00142,0.00139,0.001417,2166101.0
1781028000,0.001411,0.001415,0.001391,0.001391,3818781.0
1781031600,0.001392,0.001396,0.001352,0.001369,13331013.0
1781035200,0.001365,0.00138,0.00135,0.001379,6292842.0
1781038800,0.001376,0.001381,0.001369,0.00137,1350625.0
1781042400,0.001371,0.00138,0.001364,0.001364,2106405.0
1781046000,0.001368,0.001368,0.001355,0.001356,1718232.0
1781049600,0.001357,0.001518,0.001352,0.001449,30026693.0
1781053200,0.001451,0.001478,0.001413,0.001474,17287970.0
1781056800,0.001471,0.00148,0.001428,0.001431,10056695.0
1781060400,0.001431,0.001474,0.001429,0.001443,4768517.0
1781064000,0.001445,0.001448,0.001437,0.001437,681208.0
1781067600,0.00144,0.001456,0.00143,0.001454,3647983.0
1781071200,0.001455,0.001678,0.001453,0.001635,123963080.0
1781074800,0.001634,0.001661,0.001539,0.001571,31002903.0
1781078400,0.001569,0.001571,0.001508,0.001553,23879371.0
1781082000,0.001555,0.001579,0.001503,0.001571,25164864.0
1781085600,0.001564,0.001571,0.001515,0.001563,7359572.0
1781089200,0.001569,0.001669,0.001541,0.001591,49952405.0
1781092800,0.001585,0.001655,0.001563,0.00161,22897799.0
1781096400,0.001614,0.001648,0.001561,0.00157,34362854.0
1781100000,0.001571,0.00158,0.001552,0.001563,15125410.0
1781103600,0.001561,0.001562,0.001521,0.001538,10881551.0
1781107200,0.001532,0.001604,0.001527,0.001564,15455886.0
1781110800,0.001565,0.001741,0.001565,0.001719,70764606.0
1781114400,0.001719,0.00175,0.001638,0.001651,75210915.0
1781118000,0.001653,0.001673,0.0016,0.001618,28170199.0
1781121600,0.001617,0.001689,0.001604,0.001629,24703357.0
1781125200,0.001624,0.001658,0.001585,0.00165,12319359.0
1781128800,0.001645,0.001715,0.001641,0.001705,20135833.0
1781132400,0.001708,0.001829,0.0017,0.001797,114083876.0
1781136000,0.001798,0.001924,0.001764,0.001924,57367531.0
1781139600,0.001925,0.002015,0.001752,0.001878,109297578.0
1781143200,0.001877,0.001885,0.001808,0.00184,22193333.0
1781146800,0.001847,0.001975,0.001778,0.001845,45402384.0
1781150400,0.001844,0.00185,0.001682,0.001728,55016572.0
1781154000,0.001724,0.001875,0.001724,0.001861,55280713.0
1781157600,0.001859,0.00189,0.001739,0.001778,40809097.0
1781161200,0.001779,0.00182,0.00171,0.001767,63859430.0
1781164800,0.001766,0.001822,0.001756,0.001775,14601499.0
1781168400,0.001772,0.001776,0.001714,0.001714,11086016.0
1781172000,0.001718,0.001745,0.001675,0.001729,21638748.0
1781175600,0.001728,0.001749,0.001687,0.001687,11277064.0
1781179200,0.001693,0.001693,0.001675,0.001682,5911821.0
1781182800,0.001682,0.001755,0.001675,0.001735,11422298.0
1781186400,0.001735,0.001791,0.001695,0.001698,19707064.0
1781190000,0.001702,0.00172,0.001675,0.001713,32099646.0
1781193600,0.001712,0.001712,0.00165,0.00166,12979378.0
1781197200,0.001663,0.001675,0.001599,0.001638,44479060.0
1781200800,0.001639,0.001663,0.001594,0.001627,35278327.0
1781204400,0.001626,0.001647,0.001607,0.001641,6027152.0
1781208000,0.001644,0.001829,0.001644,0.0018,32782879.0
1781211600,0.001812,0.001813,0.001627,0.001677,27903205.0
1781215200,0.001677,0.001681,0.001661,0.00167,2933894.0
1781218800,0.001669,0.001677,0.001652,0.001652,3732391.0
1781222400,0.001654,0.001663,0.001632,0.00164,4580427.0
1781226000,0.001645,0.001648,0.001622,0.001622,3672758.0
1781229600,0.001626,0.001732,0.001626,0.001723,8281894.0
1781233200,0.001723,0.001733,0.001657,0.001666,12128092.0
1781236800,0.001665,0.001702,0.001657,0.001671,17605939.0
1781240400,0.001672,0.001723,0.001664,0.001722,20041700.0
1781244000,0.001723,0.001735,0.001658,0.001667,19583758.0
1781247600,0.001668,0.001687,0.001648,0.001658,12301224.0
1781251200,0.001659,0.001676,0.001652,0.001667,4451677.0
1781254800,0.001668,0.001693,0.001659,0.001678,8128249.0
1781258400,0.001677,0.001677,0.001637,0.001642,5628546.0
1781262000,0.001642,0.001656,0.001629,0.001636,9722665.0
1781265600,0.00164,0.001692,0.001609,0.001633,22672142.0
1781269200,0.001637,0.001646,0.001615,0.001631,14941218.0
1781272800,0.001632,0.001657,0.001614,0.001649,7027677.0
1781276400,0.001653,0.001657,0.001583,0.0016,12175398.0
1781280000,0.001596,0.001623,0.00159,0.001617,3830286.0
1781283600,0.001615,0.001619,0.001599,0.001614,6830470.0
1781287200,0.001616,0.001642,0.001577,0.001586,26420733.0
1781290800,0.001588,0.001602,0.001567,0.001567,5792473.0
1781294400,0.00157,0.001573,0.001554,0.001572,2732358.0
1781298000,0.001573,0.001637,0.001573,0.001615,19970774.0
1781301600,0.001613,0.001616,0.001599,0.001599,3613424.0
1781305200,0.001599,0.001625,0.001587,0.001616,6888254.0
1781308800,0.00162,0.001621,0.001606,0.001616,1742448.0
1781312400,0.001614,0.001638,0.001612,0.001621,5092618.0
1781316000,0.001621,0.001627,0.001613,0.001617,1461960.0
1781319600,0.00162,0.001624,0.001602,0.001604,4548915.0
1781323200,0.001602,0.00161,0.001583,0.001585,2529637.0
1781326800,0.001584,0.001591,0.001579,0.001585,1445957.0
1781330400,0.001584,0.001586,0.001576,0.001584,2066051.0
1781334000,0.001587,0.001593,0.00158,0.001583,1042465.0
1781337600,0.001587,0.001589,0.001581,0.001585,826370.0
1781341200,0.001584,0.001589,0.00158,0.001583,533176.0
1781344800,0.001581,0.001584,0.001566,0.001582,2014522.0
1781348400,0.001581,0.001648,0.001578,0.001587,23032465.0
1781352000,0.001583,0.001585,0.001575,0.001579,1860947.0
1781355600,0.00158,0.001588,0.001571,0.001581,3013481.0
1781359200,0.001582,0.0016,0.001539,0.001596,10761844.0
1781362800,0.001598,0.001619,0.001598,0.001615,2774480.0
1781366400,0.001617,0.001664,0.001613,0.001617,15786053.0
1781370000,0.001615,0.001667,0.001613,0.00166,14501454.0
1781373600,0.001661,0.001692,0.001568,0.001574,68374964.0
1781377200,0.001573,0.001594,0.001549,0.001567,14418785.0
1781380800,0.001566,0.001588,0.001562,0.001571,13794138.0
1781384400,0.001571,0.001594,0.001558,0.001594,3169934.0
1781388000,0.00159,0.001605,0.001581,0.001597,3753186.0
1781391600,0.001601,0.001608,0.001558,0.001564,24467563.0
1781395200,0.001565,0.001566,0.001516,0.001526,10071572.0
1781398800,0.001525,0.001537,0.001516,0.001519,2912848.0
1781402400,0.001517,0.001528,0.001507,0.001516,7577226.0
1781406000,0.001518,0.001533,0.001512,0.001521,13271367.0
1781409600,0.001522,0.001541,0.001522,0.001535,9635677.0
1781413200,0.001537,0.001541,0.001527,0.001527,4658858.0
1781416800,0.001527,0.001531,0.001514,0.001517,6110689.0
1781420400,0.001523,0.001528,0.001518,0.001527,427752.0
1781424000,0.001527,0.001533,0.001522,0.001528,1186426.0
1781427600,0.001528,0.001528,0.001516,0.001528,1020291.0
1781431200,0.001526,0.001532,0.001515,0.001521,5099834.0
1781434800,0.001521,0.00153,0.001519,0.001527,3366150.0
1781438400,0.001527,0.001547,0.001516,0.001518,10004546.0
1781442000,0.001521,0.001531,0.001518,0.001523,4441326.0
1781445600,0.001519,0.001534,0.001487,0.0015,18896640.0
1781449200,0.001499,0.001506,0.00143,0.001444,19985281.0
1781452800,0.001446,0.001458,0.001413,0.001419,13215262.0
1781456400,0.001421,0.001449,0.001416,0.001449,8439371.0
1781460000,0.001453,0.001529,0.001452,0.001515,14876610.0
1781463600,0.001515,0.001518,0.001473,0.001477,5985717.0
1781467200,0.001477,0.001485,0.001445,0.001458,4529538.0
1781470800,0.001456,0.00151,0.001455,0.00151,16583700.0
1781474400,0.001504,0.001572,0.001486,0.001542,12991716.0
1781478000,0.001541,0.001541,0.001513,0.001526,1209599.0
1781481600,0.001522,0.001533,0.00151,0.001524,1875995.0
1781485200,0.001519,0.001531,0.001515,0.001522,1117445.0
1781488800,0.001528,0.001531,0.001512,0.001513,1369302.0
1781492400,0.001517,0.001517,0.001489,0.001495,4972713.0
1781496000,0.001496,0.00151,0.001489,0.00151,2626215.0
1781499600,0.001507,0.001509,0.001499,0.001506,2051914.0
1781503200,0.001506,0.001506,0.001485,0.001491,4030660.0
1781506800,0.001497,0.001616,0.001497,0.001499,54590166.0
1781510400,0.001498,0.001503,0.001437,0.001458,27067245.0
1781514000,0.001457,0.001464,0.001432,0.001447,12002007.0
1781517600,0.001447,0.001468,0.001425,0.001464,12887595.0
1781521200,0.001465,0.001482,0.001453,0.00146,9283823.0
1781524800,0.001458,0.001561,0.001454,0.001512,29800623.0
1781528400,0.001505,0.001528,0.001485,0.001501,6230175.0
1781532000,0.0015,0.0015,0.001467,0.001473,8230550.0
1781535600,0.001473,0.001513,0.001473,0.001495,5574922.0
1781539200,0.001495,0.001539,0.00149,0.001523,7406846.0
1781542800,0.001523,0.001545,0.001468,0.001469,6761005.0
1781546400,0.001473,0.001484,0.001467,0.00147,1361535.0
1781550000,0.001469,0.001488,0.001454,0.001465,5851181.0
1781553600,0.001466,0.001475,0.001462,0.001464,2647514.0
1781557200,0.001464,0.001467,0.001433,0.001453,18664825.0
1781560800,0.001453,0.001461,0.001434,0.001441,14594838.0
1781564400,0.001443,0.001447,0.001426,0.001441,7378870.0
1781568000,0.001442,0.001456,0.001437,0.001437,6553361.0
1781571600,0.00144,0.001458,0.00143,0.001442,8110451.0
1781575200,0.001441,0.001473,0.001427,0.001454,29704460.0
1781578800,0.001462,0.00158,0.001462,0.001557,45259186.0
1781582400,0.001562,0.001645,0.001514,0.001514,48882582.0
1781586000,0.001524,0.001559,0.001506,0.001511,8964742.0
1781589600,0.001515,0.001697,0.001494,0.001564,39215635.0
1781593200,0.001562,0.001576,0.001523,0.001525,13840468.0
1781596800,0.001528,0.001559,0.001522,0.00154,8535872.0
1781600400,0.001538,0.001717,0.001538,0.001574,44232414.0
1781604000,0.001571,0.001654,0.001559,0.001619,25423176.0
1781607600,0.001617,0.001617,0.001545,0.001563,29259622.0
1781611200,0.001563,0.001603,0.001563,0.001571,8940260.0
1781614800,0.001571,0.00158,0.001538,0.001542,10977460.0
1781618400,0.00155,0.001553,0.001465,0.00149,61749178.0
1781622000,0.001491,0.001503,0.001478,0.00148,2552343.0
1781625600,0.001477,0.001522,0.001476,0.001508,5415400.0
1781629200,0.001511,0.001543,0.001509,0.001516,6699414.0
1781632800,0.001523,0.001546,0.001523,0.001537,2793608.0
1781636400,0.001537,0.001554,0.00152,0.001545,3098806.0
1781640000,0.001544,0.001618,0.001544,0.001584,11706107.0
1781643600,0.001576,0.00158,0.001558,0.001572,4785534.0
1781647200,0.001579,0.001579,0.001536,0.001572,5712835.0
1781650800,0.001575,0.001631,0.001575,0.001609,9714476.0
1781654400,0.001611,0.001613,0.001559,0.001567,11253885.0
1781658000,0.001567,0.00158,0.001563,0.001573,3328516.0
1781661600,0.001574,0.001575,0.001555,0.001559,3527149.0
1781665200,0.001558,0.001558,0.001544,0.001547,4428899.0
1781668800,0.001541,0.00158,0.001539,0.001572,15215223.0
1781672400,0.00157,0.001576,0.001561,0.001574,2724083.0
1781676000,0.001574,0.001663,0.001551,0.001564,47784602.0
1781679600,0.001559,0.001588,0.001541,0.001566,10298309.0
1781683200,0.001565,0.001593,0.001542,0.001557,10957802.0
1781686800,0.001558,0.001586,0.001547,0.00158,4213671.0
1781690400,0.001575,0.001625,0.001559,0.001583,15643010.0
1781694000,0.001588,0.001614,0.001559,0.001562,29218934.0
1781697600,0.00156,0.00156,0.001539,0.001548,6762001.0
1781701200,0.001548,0.001575,0.001543,0.001569,3620075.0
1781704800,0.00157,0.00157,0.001537,0.00155,8496500.0
1781708400,0.001555,0.001562,0.001532,0.00156,8999909.0
1781712000,0.001561,0.001592,0.001559,0.001561,4354939.0
1781715600,0.001566,0.001581,0.001558,0.001572,4894913.0
1781719200,0.001566,0.001597,0.00154,0.001572,19320438.0
1781722800,0.001577,0.001583,0.001548,0.001552,7553372.0
1781726400,0.001549,0.001588,0.001547,0.001556,12478862.0
1781730000,0.001544,0.001563,0.001543,0.001543,1432914.0
1781733600,0.001548,0.001548,0.001524,0.001538,6006518.0
1781737200,0.001536,0.001545,0.00153,0.001545,2365184.0
1781740800,0.001548,0.001562,0.001547,0.001561,825907.0
1781744400,0.001563,0.001563,0.001525,0.00153,6758303.0
1781748000,0.00153,0.001533,0.001514,0.001514,1269041.0
1781751600,0.001516,0.001527,0.001496,0.001515,6571505.0
1781755200,0.001514,0.001516,0.001492,0.001498,2014968.0
1781758800,0.001491,0.001509,0.001489,0.001509,2653313.0
1781762400,0.001517,0.001601,0.001488,0.00149,17058409.0
1781766000,0.001491,0.001499,0.001482,0.001495,2811431.0
1781769600,0.001502,0.001588,0.001481,0.001486,16508034.0
1781773200,0.001487,0.001487,0.001472,0.001475,1339311.0
1781776800,0.001469,0.00149,0.001466,0.00149,602479.0
1781780400,0.00149,0.00149,0.001463,0.00147,3125974.0
1781784000,0.001468,0.001468,0.00145,0.001459,4922034.0
1781787600,0.001454,0.001459,0.001441,0.00145,2789040.0
1781791200,0.001449,0.001449,0.001415,0.001428,4921467.0
1781794800,0.001425,0.001431,0.001408,0.001424,10449862.0
1781798400,0.001418,0.001455,0.001374,0.001439,14643197.0
1781802000,0.001439,0.001494,0.001435,0.001488,15871569.0
1781805600,0.001488,0.001602,0.001485,0.001583,53877449.0
1781809200,0.00158,0.001601,0.00156,0.001596,9786838.0
1781812800,0.001597,0.001657,0.00155,0.001596,23441704.0
1781816400,0.001598,0.001625,0.001596,0.0016,7055301.0
1781820000,0.0016,0.0016,0.001559,0.001584,14366564.0
1781823600,0.001573,0.001618,0.00155,0.001605,6775455.0
1781827200,0.001601,0.001639,0.001599,0.001624,7375959.0
1781830800,0.001623,0.001623,0.001584,0.001594,2805393.0
1781834400,0.001592,0.001623,0.001582,0.001587,3391430.0
1781838000,0.001583,0.001619,0.001583,0.001619,6009938.0
1781841600,0.001617,0.001623,0.001601,0.001601,2669589.0
1781845200,0.0016,0.001672,0.001578,0.001596,33509860.0
1781848800,0.001597,0.001613,0.001582,0.001594,6742194.0
1781852400,0.00159,0.001695,0.001573,0.001664,14211900.0
1781856000,0.001663,0.001663,0.001568,0.001608,26553758.0
1781859600,0.001605,0.001613,0.001589,0.001589,4973932.0
1781863200,0.001594,0.001601,0.001578,0.001578,3017008.0
1781866800,0.001584,0.001668,0.001584,0.001621,38136282.0
1781870400,0.001624,0.001657,0.001611,0.001611,10617106.0
1781874000,0.001609,0.001612,0.001586,0.001602,6898212.0
1781877600,0.001599,0.001623,0.001599,0.00162,4936217.0
1781881200,0.001622,0.001666,0.001612,0.001656,8793832.0
1781884800,0.00164,0.001682,0.001628,0.001667,17452677.0
1781888400,0.001666,0.001677,0.001658,0.001677,7990484.0
1781892000,0.001677,0.001731,0.001661,0.001667,35295692.0
1781895600,0.001667,0.001682,0.001653,0.001655,7139309.0
1781899200,0.001654,0.001654,0.001625,0.001631,9190851.0
1781902800,0.001629,0.00165,0.001615,0.001615,6915793.0
1781906400,0.001618,0.001659,0.001618,0.001655,4333575.0
1781910000,0.001659,0.001676,0.001652,0.001667,16038127.0
1781913600,0.001673,0.001708,0.001665,0.001702,23595964.0
1781917200,0.001707,0.001717,0.00167,0.001672,7048696.0
1781920800,0.001672,0.001692,0.001659,0.001682,5351188.0
1781924400,0.00168,0.001719,0.001679,0.001707,5220711.0
1781928000,0.001705,0.001742,0.001693,0.00174,6921859.0
1781931600,0.001737,0.00176,0.001712,0.001712,8354707.0
1781935200,0.001715,0.001809,0.001704,0.00171,15262930.0
1781938800,0.001708,0.001715,0.001687,0.001691,3277616.0
1781942400,0.001687,0.00169,0.001661,0.001671,4962532.0
1781946000,0.001669,0.001758,0.001669,0.001675,12056567.0
1781949600,0.001674,0.001707,0.001654,0.001682,8899551.0
1781953200,0.001679,0.001695,0.001664,0.001695,3477489.0
1781956800,0.001695,0.001712,0.001692,0.001704,2815066.0
1781960400,0.001691,0.001782,0.00168,0.001763,30904626.0
1781964000,0.001764,0.001845,0.001748,0.001802,30726454.0
1781967600,0.001804,0.001895,0.001799,0.001848,63380975.0
1781971200,0.001838,0.001838,0.001733,0.001744,71384880.0
1781974800,0.001741,0.001778,0.001737,0.001778,4091048.0
1781978400,0.001775,0.001797,0.001747,0.00177,16393819.0
1781982000,0.00177,0.001774,0.001735,0.00176,9551615.0
1781985600,0.00176,0.001762,0.001747,0.001761,1087054.0
1781989200,0.001761,0.001762,0.001743,0.001751,4496495.0
1781992800,0.001753,0.001789,0.001753,0.001784,14502678.0
1781996400,0.001786,0.001792,0.001764,0.00178,3404105.0
1782000000,0.001785,0.001785,0.001761,0.001775,2882639.0
1782003600,0.001775,0.0018,0.001771,0.0018,2355955.0
1782007200,0.001796,0.001801,0.00178,0.001783,1612968.0
1782010800,0.001785,0.001807,0.001768,0.001773,7145621.0
1782014400,0.001777,0.001783,0.00177,0.001772,1806344.0
1782018000,0.00177,0.00177,0.00175,0.00175,8524538.0
1782021600,0.001751,0.001766,0.00175,0.001753,2159574.0
1782025200,0.001754,0.001762,0.001738,0.001741,2488313.0
1782028800,0.00174,0.00174,0.001713,0.001713,2222059.0
1782032400,0.001712,0.001712,0.001698,0.001698,3392776.0
1782036000,0.001697,0.001803,0.001697,0.001755,28642662.0
1782039600,0.001756,0.001822,0.001755,0.001809,19525931.0
1782043200,0.001801,0.001868,0.001795,0.001866,22360087.0
1782046800,0.001866,0.00191,0.001854,0.001901,20471188.0
1782050400,0.001901,0.001911,0.00185,0.00185,11156258.0
1782054000,0.00186,0.001921,0.00184,0.00186,12536014.0
1782057600,0.001857,0.001862,0.001833,0.001843,1888309.0
1782061200,0.00184,0.001885,0.001823,0.001827,12570906.0
1782064800,0.001823,0.00188,0.00182,0.00184,4902571.0
1782068400,0.001842,0.001851,0.001829,0.00183,1142594.0
1782072000,0.001829,0.00185,0.001815,0.00185,862277.0
1782075600,0.001845,0.001863,0.00181,0.001814,2954218.0
1782079200,0.001816,0.001817,0.001794,0.001814,2541761.0
1782082800,0.001812,0.001817,0.001762,0.001767,4006340.0
1782086400,0.001763,0.001835,0.001758,0.001807,6743233.0
1782090000,0.001813,0.001855,0.001805,0.001851,4841265.0
1782093600,0.001853,0.001862,0.0018,0.001828,5888527.0
1782097200,0.001829,0.001829,0.001805,0.001805,2647447.0
1782100800,0.001801,0.001821,0.001784,0.001821,3960260.0
1782104400,0.001822,0.001832,0.001814,0.001817,1549561.0
1782108000,0.001817,0.00192,0.001807,0.001817,30767808.0
1782111600,0.001822,0.00183,0.001807,0.001822,3445077.0
1782115200,0.001821,0.001917,0.001812,0.00183,30439005.0
1782118800,0.001829,0.00186,0.001824,0.001857,5130565.0
1782122400,0.00185,0.001862,0.00183,0.001862,5791857.0
1782126000,0.001856,0.001883,0.001844,0.001881,4794086.0
1782129600,0.001881,0.0019,0.001867,0.001874,9063088.0
1782133200,0.001877,0.001894,0.001865,0.001878,6179360.0
1782136800,0.001875,0.001875,0.001855,0.001861,1122157.0
1782140400,0.00186,0.00186,0.001826,0.001826,2138972.0
1782144000,0.001827,0.001838,0.001822,0.001824,2236559.0
1782147600,0.001822,0.0019,0.00182,0.001887,22041180.0
1782151200,0.001894,0.00199,0.001878,0.001931,41551063.0
1782154800,0.001942,0.00199,0.001906,0.001983,9829818.0
1782158400,0.001984,0.001987,0.001902,0.001934,21113975.0
1782162000,0.001935,0.00195,0.001861,0.001914,18966837.0
1782165600,0.001918,0.001924,0.00188,0.001889,8383309.0
1782169200,0.001893,0.001916,0.001885,0.001894,4751468.0
1782172800,0.0019,0.001916,0.001862,0.001866,7321661.0
1782176400,0.00187,0.001877,0.001841,0.001853,2829055.0
1782180000,0.001853,0.00187,0.001842,0.00187,1940937.0
1782183600,0.00187,0.00187,0.001822,0.001851,18331824.0
1782187200,0.001852,0.001857,0.001823,0.001828,1967223.0
1782190800,0.00183,0.00183,0.00176,0.001798,14573786.0
1782194400,0.001797,0.00192,0.001795,0.001829,20620293.0
1782198000,0.001818,0.001823,0.00178,0.001786,7856459.0
1782201600,0.001785,0.001901,0.001762,0.001829,8508121.0
1782205200,0.001823,0.001836,0.001658,0.00175,30437123.0
1782208800,0.001749,0.001815,0.001745,0.001808,16039916.0
1782212400,0.001815,0.001867,0.001791,0.001836,26647758.0
1782216000,0.001838,0.001896,0.001815,0.001854,25071458.0
1782219600,0.001864,0.001913,0.001831,0.001875,22751454.0
1782223200,0.001864,0.00188,0.001853,0.001853,4065054.0
1782226800,0.001853,0.00191,0.00184,0.001862,10845827.0
1782230400,0.001855,0.00188,0.001853,0.001873,6578811.0
1782234000,0.001869,0.00188,0.001856,0.001878,4873849.0
1782237600,0.00188,0.001926,0.001862,0.001884,10028516.0
1782241200,0.001881,0.001909,0.001864,0.001893,3826033.0
1782244800,0.001898,0.00197,0.001892,0.001939,17919170.0
1782248400,0.001934,0.00199,0.00193,0.00193,6777627.0
1782252000,0.00193,0.001941,0.001893,0.001905,1360066.0
1782255600,0.001905,0.001912,0.001902,0.001902,669315.0
1782259200,0.001909,0.001966,0.001896,0.001942,12307113.0
1782262800,0.001939,0.002032,0.001898,0.002003,24059726.0
1782266400,0.002003,0.002094,0.001958,0.001974,55282476.0
1782270000,0.001982,0.002057,0.001966,0.002028,31073387.0
1782273600,0.002027,0.0021,0.002,0.002064,30243508.0
1782277200,0.002064,0.002086,0.002028,0.002053,13523946.0
1782280800,0.002052,0.002175,0.002028,0.002068,33018927.0
1782284400,0.00207,0.00215,0.002043,0.002093,8009165.0
1782288000,0.00209,0.002153,0.002062,0.002093,8253262.0
1782291600,0.002096,0.002179,0.002093,0.002177,13596180.0
1782295200,0.002177,0.0022,0.002148,0.002155,34594339.0
1782298800,0.002154,0.002165,0.002039,0.002116,52644141.0
1782302400,0.002118,0.002127,0.002044,0.002048,17655130.0
1782306000,0.002043,0.002132,0.001992,0.002055,52706738.0
1782309600,0.002054,0.002064,0.002001,0.002006,9163388.0
1782313200,0.002005,0.002009,0.001663,0.001815,89033201.0
1782316800,0.001806,0.001918,0.00172,0.001724,20909984.0
1782320400,0.00174,0.001821,0.00174,0.001772,11275420.0
1782324000,0.001779,0.001808,0.001764,0.001769,4282609.0
1782327600,0.001769,0.001789,0.001757,0.001772,3601293.0
1782331200,0.001767,0.00183,0.001766,0.00178,6334606.0
1782334800,0.00178,0.001783,0.001754,0.001766,5035084.0
1782338400,0.00178,0.001814,0.001771,0.00181,12622195.0
1782342000,0.001809,0.001834,0.001797,0.0018,7901199.0
1782345600,0.001797,0.001816,0.001796,0.001796,1741640.0
1782349200,0.001796,0.00185,0.001761,0.001831,31121128.0
1782352800,0.001833,0.001899,0.001831,0.001882,22002654.0
1782356400,0.001881,0.001882,0.001841,0.001853,9268167.0
1782360000,0.001853,0.001863,0.001839,0.001851,3074710.0
1782363600,0.001861,0.001884,0.001861,0.001867,2848506.0
1782367200,0.001862,0.001867,0.001852,0.001862,2095946.0
1782370800,0.001863,0.001863,0.00184,0.001844,1456133.0
1782374400,0.001843,0.001847,0.001821,0.001829,2743973.0
1782378000,0.001827,0.001827,0.001818,0.001821,967257.0
1782381600,0.001826,0.001826,0.001801,0.001811,1807585.0
1782385200,0.001805,0.001805,0.001786,0.001792,3298815.0
1782388800,0.001794,0.001821,0.001785,0.001808,6398212.0
1782392400,0.001811,0.00183,0.0017,0.001717,18908698.0
1782396000,0.001723,0.001754,0.0017,0.001708,7662907.0
1782399600,0.001706,0.001706,0.001653,0.001653,8767129.0
1782403200,0.001671,0.001673,0.001558,0.00156,6578250.0
1782406800,0.00156,0.001715,0.001558,0.00168,32224392.0
1782410400,0.001671,0.001701,0.001662,0.001687,2054483.0
1782414000,0.001687,0.001692,0.001655,0.001678,4466526.0
1782417600,0.001681,0.001687,0.00167,0.001681,2680314.0
1782421200,0.001672,0.001739,0.001667,0.001729,11807178.0
1782424800,0.001726,0.00173,0.001684,0.00169,8516551.0
1782428400,0.001689,0.001691,0.001653,0.001669,10549582.0
1782432000,0.001669,0.001673,0.001659,0.001662,558557.0
1782435600,0.001657,0.001657,0.001636,0.001641,1360530.0
1782439200,0.001637,0.001649,0.001591,0.001617,19874495.0
1782442800,0.001609,0.001759,0.001607,0.001736,53442113.0
1782446400,0.001738,0.001744,0.001708,0.001711,3320205.0
1782450000,0.001713,0.001722,0.001698,0.001698,6074397.0
1782453600,0.0017,0.001827,0.001681,0.001713,52078603.0
1782457200,0.00171,0.001832,0.001703,0.001719,17509561.0
1782460800,0.001719,0.001722,0.001704,0.001704,637871.0
1782464400,0.001704,0.001803,0.001703,0.001761,16324762.0
1782468000,0.00176,0.001767,0.001698,0.001704,9097006.0
1782471600,0.001703,0.001718,0.001703,0.00171,2025783.0
1782475200,0.001705,0.001708,0.001654,0.001667,7958600.0
1782478800,0.001667,0.001683,0.001638,0.001683,7566675.0
1782482400,0.001677,0.001702,0.001669,0.001702,4066437.0
1782486000,0.001679,0.001691,0.001661,0.001673,4491494.0
1782489600,0.001678,0.001797,0.001677,0.001703,29352126.0
1782493200,0.001709,0.001711,0.001695,0.001703,2043953.0
1782496800,0.001696,0.001706,0.001685,0.001696,1603015.0
1782500400,0.0017,0.001709,0.001697,0.001697,1022195.0
1782504000,0.001706,0.001711,0.001687,0.001691,1686239.0
1782507600,0.001697,0.001708,0.001691,0.001693,812955.0
1782511200,0.001689,0.001698,0.001674,0.001686,5165273.0
1782514800,0.001687,0.001708,0.001685,0.001706,2308814.0
1782518400,0.001706,0.001765,0.001706,0.001737,16596996.0
1782522000,0.001732,0.001737,0.001727,0.00173,283433.0
1782525600,0.001732,0.001748,0.00173,0.001743,686992.0
1782529200,0.001741,0.001746,0.001736,0.001737,544333.0
1782532800,0.001739,0.001748,0.001722,0.001725,1963071.0
1782536400,0.001723,0.001728,0.001722,0.001727,150010.0
1782540000,0.001729,0.001862,0.001689,0.00171,55106488.0
1782543600,0.001711,0.001812,0.001707,0.001734,37461862.0
1782547200,0.001734,0.001734,0.001715,0.001726,2480093.0
1782550800,0.001725,0.001731,0.001711,0.001715,2861999.0
1782554400,0.001717,0.001719,0.001708,0.001715,1019526.0
1782558000,0.001713,0.001721,0.001708,0.001708,405832.0
1782561600,0.001714,0.001715,0.001701,0.001707,2328169.0
1782565200,0.00171,0.00174,0.00171,0.00173,6054135.0
1782568800,0.001729,0.001733,0.001701,0.001727,3286910.0
1782572400,0.001723,0.00175,0.001723,0.001739,2329470.0
1782576000,0.001733,0.001736,0.001722,0.001722,426608.0
1782579600,0.001724,0.001724,0.00171,0.001714,1199702.0
1782583200,0.001714,0.001714,0.001679,0.001696,6529676.0
1782586800,0.00169,0.001698,0.001675,0.00169,938527.0
1782590400,0.001693,0.001693,0.001674,0.00168,1064242.0
1782594000,0.001679,0.001686,0.001673,0.001674,317677.0
1782597600,0.001669,0.001727,0.001667,0.001712,15397211.0
1782601200,0.001712,0.001712,0.001697,0.001697,887045.0
1782604800,0.001697,0.001699,0.001679,0.001685,4213767.0
1782608400,0.001687,0.001687,0.001679,0.001685,990599.0
1782612000,0.001682,0.0017,0.001675,0.001684,5116115.0
1782615600,0.001683,0.001692,0.001675,0.00168,2782463.0
1782619200,0.001683,0.001689,0.001681,0.001686,614717.0
1782622800,0.001685,0.001702,0.001684,0.001702,3554043.0
1782626400,0.001696,0.001698,0.001691,0.001693,326129.0
1782630000,0.001691,0.001692,0.001685,0.00169,665269.0
1782633600,0.001686,0.001692,0.001684,0.001686,2672143.0
1782637200,0.001684,0.001689,0.001684,0.001685,3151650.0
1782640800,0.001684,0.001696,0.001684,0.001694,3655881.0
1782644400,0.001691,0.001699,0.001687,0.001694,338681.0
1782648000,0.001699,0.001699,0.001684,0.001688,4164936.0
1782651600,0.001684,0.001685,0.001684,0.001684,1741085.0
1782655200,0.001686,0.001689,0.001684,0.001684,1421577.0
1782658800,0.001684,0.001688,0.001684,0.001686,2388153.0
1782662400,0.001684,0.001688,0.001675,0.001683,7865259.0
1782666000,0.001677,0.001684,0.001676,0.001678,650198.0
1782669600,0.001678,0.001678,0.001633,0.001638,25041644.0
1782673200,0.00164,0.001644,0.001633,0.001633,1101462.0
1782676800,0.001641,0.001648,0.001638,0.001639,621676.0
1782680400,0.00164,0.00166,0.001619,0.001619,9412563.0
1782684000,0.001643,0.001643,0.001589,0.00161,15430395.0
1782687600,0.001613,0.001617,0.001609,0.001612,1296792.0
1782691200,0.001607,0.001614,0.0016,0.00161,1050781.0
1782694800,0.001607,0.001611,0.001605,0.001608,45040.0
1782698400,0.001604,0.001606,0.001581,0.001603,2519248.0
1782702000,0.00161,0.001624,0.001592,0.001601,7840879.0
1782705600,0.001606,0.001606,0.001589,0.001594,1466563.0
1782709200,0.001592,0.001611,0.001584,0.001603,1638722.0
1782712800,0.001604,0.001604,0.001594,0.001597,1893590.0
1782716400,0.001596,0.001599,0.001581,0.001594,2352251.0
1782720000,0.001584,0.001595,0.001581,0.001588,1425856.0
1782723600,0.001582,0.00159,0.001582,0.00159,972272.0
1782727200,0.001594,0.001612,0.001593,0.001594,2278480.0
1782730800,0.001593,0.001595,0.001585,0.001593,933803.0
1782734400,0.001599,0.001606,0.001587,0.001587,1223824.0
1782738000,0.00159,0.001602,0.001587,0.001589,2157980.0
1782741600,0.001586,0.0016,0.001585,0.001592,1322666.0
1782745200,0.001592,0.001608,0.001584,0.001603,1466846.0
1782748800,0.001603,0.001608,0.0016,0.001601,1506391.0
1782752400,0.001604,0.001652,0.001604,0.001647,6502348.0
1782756000,0.001649,0.001655,0.001645,0.00165,771179.0
1782759600,0.001652,0.001677,0.001652,0.001674,11531776.0
1782763200,0.001672,0.001676,0.001636,0.001636,5416388.0
1782766800,0.001634,0.001642,0.00161,0.00163,14630075.0
1782770400,0.001636,0.00164,0.00162,0.001627,1669707.0
1782774000,0.00163,0.001631,0.001622,0.001622,2826089.0
1782777600,0.00162,0.001629,0.001594,0.001603,6888678.0
1782781200,0.001601,0.001606,0.001593,0.001594,1410715.0
1782784800,0.001595,0.001606,0.001588,0.001605,1631689.0
1782788400,0.001604,0.001624,0.001598,0.001603,10309528.0
1782792000,0.001603,0.001726,0.001591,0.001712,27733156.0
1782795600,0.001715,0.001715,0.00162,0.001632,5571886.0
1782799200,0.00163,0.001633,0.001621,0.001628,1059454.0
1782802800,0.001628,0.001629,0.001621,0.001621,237477.0
1782806400,0.001614,0.001617,0.001611,0.001611,703281.0
1782810000,0.001613,0.001617,0.00161,0.001617,955925.0
1782813600,0.001616,0.001621,0.001616,0.001621,387634.0
1782817200,0.001616,0.001617,0.001603,0.001603,629054.0
1782820800,0.001611,0.001611,0.001588,0.001591,1636264.0
1782824400,0.001596,0.0016,0.001586,0.001597,1153642.0
1782828000,0.001601,0.001604,0.001595,0.001596,1525862.0
1782831600,0.001592,0.001604,0.001591,0.001593,5684048.0
1782835200,0.001594,0.001623,0.001591,0.001608,8455143.0
1782838800,0.001611,0.001669,0.001607,0.001655,31452529.0
1782842400,0.001656,0.00166,0.001635,0.001641,4659609.0
1782846000,0.001638,0.001643,0.001628,0.00163,2223392.0
1782849600,0.00163,0.001634,0.001617,0.001617,1439494.0
1782853200,0.001616,0.001617,0.001608,0.001616,787162.0
1782856800,0.001611,0.001611,0.001589,0.001592,3706136.0
1782860400,0.001592,0.001596,0.001577,0.001595,6979934.0
1782864000,0.001595,0.001595,0.001587,0.001587,21835.0
1782867600,0.001587,0.001599,0.001571,0.001585,8862098.0
1782871200,0.001577,0.001587,0.001577,0.001587,1397474.0
1782874800,0.001583,0.001594,0.001572,0.001594,6142272.0
1782878400,0.001594,0.001602,0.00159,0.001591,918290.0
1782882000,0.001595,0.001595,0.00159,0.001595,1889889.0
1782885600,0.001585,0.001585,0.001569,0.001573,780728.0
1782889200,0.001568,0.001568,0.001547,0.001555,6396834.0
1782892800,0.001557,0.001633,0.001557,0.001577,26160785.0
1782896400,0.001579,0.001583,0.001561,0.001563,2667881.0
1782900000,0.00156,0.001593,0.001554,0.001566,10160618.0
1782903600,0.001561,0.001565,0.001555,0.001555,423761.0
1782907200,0.001558,0.001569,0.001542,0.001569,5573716.0
1782910800,0.00156,0.00158,0.001551,0.001572,906528.0
1782914400,0.001572,0.001603,0.001564,0.001593,18214114.0
1782918000,0.001582,0.001651,0.001582,0.001636,28344331.0
1782921600,0.001634,0.001662,0.001621,0.00163,16677309.0
1782925200,0.001635,0.001639,0.001614,0.001629,4037481.0
1782928800,0.001625,0.00166,0.001618,0.001636,11079196.0
1782932400,0.001633,0.00166,0.001631,0.001631,7589947.0
1782936000,0.001631,0.001644,0.001615,0.001634,9745375.0
1782939600,0.001634,0.001655,0.001634,0.001655,1586836.0
1782943200,0.001649,0.001656,0.001629,0.001634,9294489.0
1782946800,0.001632,0.001633,0.001623,0.001624,523174.0
1782950400,0.001619,0.00162,0.001617,0.00162,196051.0
1782954000,0.001621,0.001632,0.001602,0.001632,4665869.0
1782957600,0.00163,0.001633,0.001622,0.00163,1438593.0
1782961200,0.001625,0.001651,0.001625,0.001649,1024854.0
1782964800,0.001649,0.00165,0.001636,0.001641,2521024.0
1782968400,0.001638,0.001713,0.001607,0.001619,40990745.0
1782972000,0.001612,0.001622,0.001609,0.001609,1356727.0
1782975600,0.001614,0.001634,0.00161,0.001625,9322425.0
1782979200,0.001627,0.001689,0.001609,0.001626,23337781.0
1782982800,0.001624,0.001648,0.00162,0.001631,1184367.0
1782986400,0.001634,0.001648,0.001622,0.001641,1406690.0
1782990000,0.001644,0.001661,0.001639,0.001639,4597447.0
1782993600,0.001643,0.001663,0.001643,0.001661,1500215.0
1782997200,0.001665,0.001697,0.001656,0.001684,4922988.0
1783000800,0.001687,0.001698,0.001669,0.001677,5611665.0
1783004400,0.001681,0.001681,0.001669,0.001669,984200.0
1783008000,0.001669,0.001695,0.001661,0.001677,5124148.0
1783011600,0.001676,0.001681,0.001662,0.001666,1532293.0
1783015200,0.001669,0.001677,0.001662,0.001667,10517104.0
1783018800,0.00167,0.001695,0.001661,0.001678,7426182.0
1783022400,0.001678,0.001683,0.001666,0.001681,1294999.0
1783026000,0.00168,0.001685,0.001663,0.001674,4153700.0
1783029600,0.001676,0.001683,0.001664,0.001664,846518.0
1783033200,0.001669,0.001682,0.001666,0.001675,2787390.0
1783036800,0.001679,0.001682,0.001669,0.00167,111541.0
1783040400,0.001669,0.00168,0.001668,0.00168,767044.0
1783044000,0.001682,0.001687,0.001676,0.001679,1344588.0
1783047600,0.001683,0.001687,0.001671,0.001674,611196.0
1783051200,0.001674,0.001688,0.00167,0.001682,3031450.0
1783054800,0.001684,0.001696,0.00167,0.001688,5059352.0
1783058400,0.001688,0.001695,0.001673,0.001686,4046496.0
1783062000,0.001693,0.001706,0.001681,0.001697,2734163.0
1783065600,0.001701,0.001786,0.001685,0.001685,20525890.0
1783069200,0.001686,0.001693,0.00168,0.001683,1480377.0
1783072800,0.001685,0.001709,0.001684,0.001695,3499076.0
1783076400,0.001693,0.001695,0.001686,0.001692,836331.0
1783080000,0.001692,0.00171,0.001691,0.0017,3442511.0
1783083600,0.0017,0.001708,0.001694,0.001701,322039.0
1783087200,0.001698,0.001704,0.001683,0.001695,3193280.0
1783090800,0.00169,0.001702,0.001685,0.001686,4447825.0
1783094400,0.001685,0.00169,0.00168,0.001683,4670138.0
1783098000,0.001685,0.001685,0.001655,0.001669,8806044.0
1783101600,0.001669,0.001681,0.001666,0.001667,1595245.0
1783105200,0.001673,0.001682,0.001667,0.001673,1347466.0
1783108800,0.001678,0.001695,0.001677,0.001693,9580619.0
1783112400,0.001699,0.001702,0.001669,0.001676,1750452.0
1783116000,0.001684,0.001695,0.001676,0.001676,5212441.0
1783119600,0.001676,0.001681,0.001668,0.001671,590233.0
1783123200,0.001673,0.001677,0.001665,0.001677,677227.0
1783126800,0.001678,0.001678,0.001654,0.001664,670328.0
1783130400,0.001657,0.001659,0.001654,0.001656,266644.0
1783134000,0.001656,0.001665,0.00165,0.001663,4193999.0
1783137600,0.00166,0.001668,0.001656,0.001659,273841.0
1783141200,0.001658,0.001663,0.001647,0.001663,6524848.0
1783144800,0.001662,0.001688,0.001651,0.001659,3332017.0
1783148400,0.001658,0.001659,0.001654,0.001655,202093.0
1783152000,0.00166,0.00166,0.001644,0.001644,1416205.0
1783155600,0.001646,0.001646,0.00164,0.00164,142263.0
1783159200,0.001642,0.001646,0.00164,0.00164,2610310.0
1783162800,0.00164,0.001643,0.001629,0.001643,1534290.0
1783166400,0.001639,0.00165,0.001639,0.001648,459005.0
1783170000,0.001646,0.001658,0.001643,0.001645,690986.0
1783173600,0.001647,0.001655,0.001644,0.001646,1903803.0
1783177200,0.001655,0.001668,0.001654,0.001657,1939165.0
1783180800,0.001654,0.001662,0.001645,0.001649,2537335.0
1783184400,0.001645,0.001653,0.001642,0.001646,2872943.0
1783188000,0.001648,0.001648,0.001644,0.001644,79101.0
1783191600,0.001646,0.001646,0.001632,0.001635,240186.0
1783195200,0.001635,0.001636,0.001611,0.001612,2201582.0
1783198800,0.001612,0.001627,0.001612,0.001623,504061.0
1783202400,0.00162,0.001621,0.00162,0.001621,13280.0
1783206000,0.001621,0.001621,0.001603,0.001617,304277.0
1783209600,0.001611,0.001611,0.001601,0.001608,1657917.0
1783213200,0.001607,0.00161,0.001606,0.001606,37667.0
1783216800,0.001601,0.001603,0.001594,0.001603,256679.0
1783220400,0.001596,0.001596,0.001577,0.001596,3283709.0
1783224000,0.001589,0.001598,0.001586,0.001598,799783.0
1783227600,0.001595,0.001595,0.001588,0.001588,100337.0
1783231200,0.001587,0.001587,0.001579,0.001581,1025799.0
1783234800,0.001584,0.001593,0.001584,0.001593,37279.0
1783238400,0.001586,0.001587,0.001579,0.001582,1501910.0
1783242000,0.001576,0.001582,0.001575,0.001576,44564.0
1783245600,0.001574,0.001579,0.001563,0.001579,9277449.0
1783249200,0.001576,0.001576,0.001568,0.001576,411220.0
1783252800,0.00157,0.001577,0.001567,0.001571,809235.0
1783256400,0.001571,0.001578,0.001568,0.001575,928749.0
1783260000,0.001577,0.001581,0.00156,0.001571,4202303.0
1783263600,0.001574,0.001577,0.001567,0.00157,548576.0
1783267200,0.001569,0.001569,0.001558,0.001569,1892027.0
1783270800,0.001562,0.001567,0.001559,0.001567,553659.0
1783274400,0.001562,0.001569,0.001562,0.001569,60154.0
1783278000,0.001565,0.001565,0.001557,0.001564,656655.0
1783281600,0.001562,0.001562,0.001556,0.001556,94759.0
1783285200,0.001555,0.001565,0.00155,0.001565,710768.0
1783288800,0.00156,0.001578,0.001558,0.001578,2623616.0
1783292400,0.001577,0.001583,0.001577,0.00158,5117934.0
1783296000,0.001581,0.001582,0.001567,0.001567,502762.0
1783299600,0.001579,0.001586,0.001573,0.001574,744045.0
1783303200,0.001573,0.001577,0.001572,0.001572,69431.0
1783306800,0.001576,0.001576,0.001562,0.001562,1094370.0
1783310400,0.001569,0.001569,0.001562,0.001562,290854.0
1783314000,0.00156,0.001564,0.00156,0.001564,55217.0
1783317600,0.001564,0.001564,0.00156,0.001563,47660.0
1783321200,0.001558,0.001561,0.001555,0.001561,1319178.0
1783324800,0.00156,0.00156,0.001555,0.001558,583396.0
1783328400,0.001555,0.001645,0.001541,0.001561,44062088.0
1783332000,0.001559,0.001568,0.001559,0.001568,1077868.0
1783335600,0.001563,0.001575,0.001559,0.00156,1047782.0
1783339200,0.001558,0.00156,0.001535,0.001544,3934974.0
1783342800,0.001537,0.001548,0.001534,0.001548,811872.0
1783346400,0.001547,0.001558,0.001543,0.00155,4541524.0
1783350000,0.001549,0.001575,0.001548,0.001575,8618585.0
1783353600,0.001571,0.001586,0.001567,0.001581,1163080.0
1783357200,0.001576,0.001588,0.001576,0.001579,465666.0
1783360800,0.001583,0.001588,0.001581,0.001588,546884.0
1783364400,0.001588,0.001591,0.001583,0.001588,141711.0
1783368000,0.001583,0.001588,0.001578,0.001588,467234.0
1783371600,0.001583,0.001604,0.001583,0.001599,1696804.0
1783375200,0.001597,0.001605,0.001578,0.001586,2764501.0
1783378800,0.001581,0.001586,0.001568,0.001574,3669378.0
1783382400,0.001569,0.001581,0.001569,0.001579,69792.0
1783386000,0.001567,0.001578,0.001567,0.001577,201917.0
1783389600,0.001575,0.001576,0.00156,0.001562,1754594.0
1783393200,0.001561,0.001561,0.00155,0.001553,536066.0
1783396800,0.001548,0.001553,0.001529,0.00154,16843119.0
1783400400,0.001541,0.00155,0.001541,0.001548,67265.0
1783404000,0.001539,0.001628,0.001539,0.001564,15946773.0
1783407600,0.001564,0.001576,0.001554,0.001567,7656333.0
1783411200,0.001562,0.001571,0.001562,0.001563,578965.0
1783414800,0.001567,0.001567,0.001554,0.001565,1041628.0
1783418400,0.001567,0.001575,0.001555,0.001559,6788205.0
1783422000,0.001559,0.001571,0.001557,0.001571,2266063.0
1783425600,0.001572,0.001594,0.001571,0.001571,3664339.0
1783429200,0.001575,0.001575,0.001545,0.001548,5557376.0
1783432800,0.001546,0.001567,0.001541,0.001561,8001675.0
1783436400,0.00156,0.001575,0.00156,0.001575,2996534.0
1783440000,0.001572,0.0016,0.001569,0.00159,9669344.0
1783443600,0.001591,0.001598,0.00159,0.00159,6514982.0
1783447200,0.00159,0.001593,0.00159,0.001593,9966681.0
1783450800,0.00159,0.00159,0.001571,0.00158,14421477.0
1783454400,0.001585,0.001596,0.001571,0.001579,1949098.0
1783458000,0.001582,0.001585,0.001565,0.001565,522687.0
1783461600,0.001568,0.001573,0.001564,0.001572,720721.0
1783465200,0.001572,0.001572,0.001566,0.001567,479886.0
1783468800,0.001569,0.001569,0.001544,0.001559,18215450.0
1783472400,0.001559,0.001563,0.001545,0.001545,113465.0
1783476000,0.001545,0.001565,0.001537,0.001548,8761776.0
1783479600,0.001548,0.001558,0.001542,0.001543,11595449.0
1783483200,0.001544,0.001544,0.001534,0.001534,9108187.0
1783486800,0.001536,0.001536,0.001526,0.001533,4677448.0
1783490400,0.001531,0.001542,0.001515,0.001521,48797024.0
1783494000,0.00152,0.001528,0.001517,0.001522,989491.0
1783497600,0.001522,0.001528,0.001505,0.001509,1662451.0
1783501200,0.001509,0.00151,0.001505,0.001506,1495881.0
1783504800,0.001504,0.001513,0.001502,0.001502,1603491.0
1783508400,0.00151,0.001519,0.001476,0.001501,28721840.0
1783512000,0.001497,0.001499,0.001493,0.001499,572653.0
1783515600,0.001495,0.001498,0.00149,0.001495,1061107.0
1783519200,0.001495,0.001496,0.001459,0.001469,6503404.0
1783522800,0.001474,0.001486,0.001461,0.001481,7181443.0
1783526400,0.001475,0.001484,0.001473,0.001479,833786.0
1783530000,0.001482,0.001486,0.001478,0.001481,294928.0
1783533600,0.001481,0.001483,0.001468,0.001483,956310.0
1783537200,0.001483,0.001499,0.001482,0.001489,4694860.0
1783540800,0.001488,0.001489,0.00148,0.00148,786522.0
1783544400,0.00148,0.001481,0.001472,0.001481,3010784.0
1783548000,0.001484,0.001506,0.001477,0.001484,7099365.0
1783558800,0.001491,0.001505,0.001485,0.00149,2848584.0
1783562400,0.001488,0.00149,0.00148,0.001484,1318257.0
1783566000,0.00148,0.001485,0.00148,0.001485,131257.0
1783569600,0.001484,0.00151,0.001484,0.001494,5747203.0
1783573200,0.001494,0.001499,0.001494,0.001498,327429.0
1783576800,0.0015,0.001507,0.001499,0.001507,485685.0
1783580400,0.001504,0.001506,0.001496,0.001496,1312205.0
1783584000,0.001497,0.001502,0.001497,0.001497,219545.0
1783587600,0.001497,0.0015,0.001492,0.0015,1763815.0
1783591200,0.001497,0.001497,0.001493,0.001494,963781.0
1783594800,0.001488,0.001516,0.001485,0.001505,19592786.0
1783598400,0.001508,0.001521,0.001499,0.00151,11048420.0
1783602000,0.001511,0.001513,0.001501,0.001512,1639163.0
1783605600,0.001509,0.001509,0.001499,0.001501,1837507.0
1783609200,0.001502,0.001537,0.001502,0.001515,17496972.0
1783612800,0.001512,0.001516,0.001499,0.001499,889391.0
1783616400,0.001501,0.001508,0.001497,0.001507,1063346.0
1783620000,0.001506,0.001519,0.001506,0.001513,3213204.0
1783623600,0.00151,0.001516,0.00151,0.001515,20648.0
1783627200,0.001518,0.001546,0.001511,0.001521,6622576.0
1783630800,0.001521,0.001521,0.001512,0.001512,1693800.0
1783634400,0.00152,0.00152,0.001513,0.001513,87960.0
1783638000,0.001521,0.001521,0.001509,0.001509,311883.0
1783641600,0.001503,0.001503,0.001499,0.001501,378535.0
1783645200,0.001504,0.001515,0.001504,0.001515,11085846.0
1783648800,0.001515,0.001515,0.001509,0.001515,704251.0
1783652400,0.001514,0.001518,0.001511,0.001515,2773016.0
1783656000,0.001519,0.001519,0.001515,0.001515,565616.0
1783659600,0.001515,0.001518,0.001515,0.001516,91018.0
1783663200,0.001514,0.001517,0.001512,0.001512,1090991.0
1783666800,0.00151,0.001511,0.00151,0.001511,53870.0
1783670400,0.001519,0.00152,0.001512,0.001512,1816349.0
1783674000,0.001518,0.001518,0.0015,0.001513,8930027.0
1783677600,0.001513,0.001519,0.001512,0.001519,1002083.0
1783681200,0.001515,0.001528,0.001515,0.001521,1391087.0
1783684800,0.001524,0.001527,0.001521,0.001521,1092144.0
1783688400,0.001521,0.001534,0.00152,0.001525,5040981.0
1783692000,0.001529,0.001529,0.00152,0.001524,6074949.0
1783695600,0.001531,0.001534,0.00152,0.001524,1435583.0
1783699200,0.001527,0.00153,0.001524,0.00153,688947.0
1783702800,0.001527,0.001527,0.001524,0.001524,107564.0
1783706400,0.001527,0.001527,0.001517,0.001517,7396499.0
1783710000,0.001516,0.001531,0.001515,0.001523,2340799.0
1783713600,0.001528,0.001543,0.001507,0.001523,8678376.0
1783717200,0.001523,0.001525,0.001521,0.001521,1813429.0
1783720800,0.001526,0.001527,0.001519,0.001521,273332.0
1783724400,0.001522,0.001524,0.001511,0.001519,2472577.0
1783728000,0.001525,0.001526,0.001516,0.001516,373183.0
1783731600,0.001521,0.001522,0.001521,0.001522,65854.0
1783735200,0.001517,0.001517,0.001508,0.001511,5523773.0
1783738800,0.001511,0.001516,0.001511,0.001511,575855.0
1783742400,0.001512,0.001521,0.001512,0.001516,1511661.0
1783746000,0.001516,0.001519,0.001514,0.001514,742438.0
1783749600,0.001514,0.001515,0.001514,0.001515,45084.0
1783753200,0.001515,0.001515,0.001515,0.001515,20128.0
1783756800,0.001515,0.001516,0.001515,0.001515,126368.0
1783760400,0.001515,0.001519,0.001514,0.001514,121534.0
1783764000,0.001512,0.001514,0.001507,0.001507,1101977.0
1783767600,0.001511,0.001516,0.001511,0.001513,68906.0
1783771200,0.001513,0.001513,0.001513,0.001513,67381.0
1783774800,0.001519,0.001523,0.001513,0.001521,815676.0
1783778400,0.001517,0.001527,0.001511,0.001527,2894561.0
1783782000,0.001528,0.001559,0.001524,0.001524,7164214.0
1783785600,0.001526,0.001534,0.001524,0.001534,196738.0
1783789200,0.001531,0.001531,0.001506,0.001524,6795772.0
1783792800,0.00153,0.00153,0.00153,0.00153,97059.0
1783796400,0.001526,0.001526,0.00152,0.001526,21003.0
1783800000,0.001522,0.001528,0.001521,0.001528,88625.0
1783803600,0.001524,0.001528,0.001521,0.001523,1323562.0
1783807200,0.001521,0.001529,0.00152,0.001524,90682.0
1783810800,0.001516,0.001516,0.001503,0.001503,1555767.0
1783814400,0.001503,0.001507,0.001499,0.001507,760553.0
1783818000,0.001508,0.001516,0.001505,0.001514,474773.0
1783821600,0.001511,0.001511,0.001506,0.001506,825336.0
1783825200,0.001507,0.001514,0.001507,0.001514,451870.0
1783828800,0.001508,0.001511,0.001508,0.001511,427926.0
1783832400,0.001506,0.001508,0.001506,0.001508,200000.0
1783843200,0.001505,0.001513,0.0015,0.001506,1953159.0
1783846800,0.001503,0.001507,0.001494,0.001494,2394164.0
1783850400,0.001493,0.001493,0.001484,0.001489,1362327.0
1783854000,0.001488,0.001488,0.001483,0.001486,2182418.0
1783857600,0.001486,0.001488,0.001486,0.001488,83401.0
1783861200,0.001484,0.001484,0.001477,0.001477,793499.0
1783864800,0.001482,0.001486,0.001473,0.001485,2630542.0
1783868400,0.001486,0.001487,0.001483,0.001483,411295.0
1783872000,0.001488,0.001488,0.001488,0.001488,332661.0
1783875600,0.001482,0.001483,0.001481,0.001483,369134.0
1783879200,0.001481,0.001484,0.001481,0.001484,76657.0
1783882800,0.001484,0.001489,0.001481,0.001481,353171.0
1783890000,0.001482,0.001482,0.001469,0.00147,1734935.0
1783893600,0.001473,0.001473,0.001462,0.001462,1065654.0
1783897200,0.001462,0.001468,0.001462,0.001468,165792.0
1783900800,0.001466,0.001478,0.001456,0.001462,7541934.0
1783904400,0.001462,0.001462,0.001445,0.001445,1824762.0
1783908000,0.001444,0.001445,0.001439,0.001439,545400.0
1783911600,0.001436,0.001436,0.001429,0.001429,655512.0
1783915200,0.001426,0.001426,0.001426,0.001426,18751.0
1783918800,0.001422,0.001428,0.001422,0.001428,1012933.0
1783926000,0.001428,0.001435,0.001428,0.001435,299275.0
1783929600,0.001433,0.001433,0.001428,0.001428,772966.0
1783936800,0.001429,0.001433,0.001429,0.001433,808481.0
1783944000,0.001424,0.001424,0.001396,0.001407,5335344.0
1783951200,0.001406,0.001406,0.001331,0.001344,22161487.0
1783954800,0.001343,0.001372,0.001343,0.001351,2991652.0
1783958400,0.001348,0.001348,0.001323,0.001335,7842227.0
1783962000,0.001329,0.001336,0.001324,0.001324,421480.0
1783965600,0.001322,0.001328,0.001309,0.001317,4718611.0
1783969200,0.001316,0.001322,0.00127,0.001304,40262330.0
1783972800,0.001304,0.001306,0.001289,0.001299,1118579.0
1783976400,0.001298,0.001298,0.001277,0.001294,4228777.0
1783980000,0.001288,0.001321,0.001285,0.001312,17105804.0
1783983600,0.001317,0.001322,0.001314,0.001322,771409.0
1783987200,0.001325,0.001328,0.001325,0.001326,331484.0
1783990800,0.001329,0.001332,0.001325,0.001329,1820281.0
1783994400,0.00133,0.00133,0.001322,0.001322,171334.0
1783998000,0.001322,0.001322,0.00131,0.001317,1477760.0
1784001600,0.001318,0.001325,0.001316,0.00132,3939824.0
1784005200,0.001323,0.001323,0.001312,0.001316,942907.0
1784008800,0.001312,0.001314,0.001309,0.001314,806062.0
1784012400,0.00131,0.00131,0.001309,0.001309,11800.0
1784016000,0.001309,0.001317,0.001309,0.001317,2717743.0
1784019600,0.001316,0.001316,0.001316,0.001316,7506.0
1784023200,0.00131,0.001318,0.00131,0.001318,67012.0
1784026800,0.001313,0.00132,0.001311,0.001311,489963.0
1784030400,0.001318,0.001337,0.001318,0.001337,9355471.0
1784034000,0.001333,0.001337,0.00133,0.00133,5317197.0
1784037600,0.001326,0.001334,0.001303,0.001327,5648090.0
1784041200,0.001327,0.001337,0.001319,0.001331,5272419.0
1784044800,0.001329,0.001329,0.001322,0.001322,510971.0
1784048400,0.001325,0.001334,0.001303,0.001315,10695280.0
1784052000,0.001314,0.001316,0.00131,0.001311,2076901.0
1784055600,0.001311,0.001317,0.00131,0.001313,417647.0
1784059200,0.001313,0.001313,0.001303,0.00131,1434425.0
1784062800,0.001303,0.001309,0.001299,0.001309,418370.0
1784066400,0.00131,0.001322,0.001309,0.001316,2049795.0
1784070000,0.001319,0.001322,0.001309,0.001318,3526288.0
1784073600,0.001313,0.001317,0.001301,0.001304,916932.0
1784077200,0.0013,0.001305,0.001284,0.001292,3155308.0
1784080800,0.001291,0.001291,0.00128,0.001285,5204525.0
1784084400,0.001284,0.001287,0.00128,0.00128,2397396.0
1784088000,0.00128,0.001284,0.00128,0.001283,949508.0
1784091600,0.001281,0.001285,0.00128,0.001282,5559153.0
1784095200,0.001283,0.001285,0.00128,0.001281,5200933.0
1784098800,0.00128,0.001281,0.001263,0.001264,1506285.0
1784102400,0.001265,0.001265,0.001252,0.00126,2516368.0
1784106000,0.001261,0.001262,0.001259,0.001262,958235.0
1784109600,0.00126,0.001263,0.001248,0.001252,2304890.0
1784113200,0.001248,0.00125,0.001243,0.001247,2859560.0
1784116800,0.001243,0.001259,0.001239,0.001258,40036531.0
1784120400,0.001262,0.001268,0.001254,0.001257,2746698.0
1784124000,0.001258,0.001263,0.001256,0.001263,1486779.0
1784127600,0.001262,0.001262,0.001251,0.001251,1600375.0
1784131200,0.001249,0.00125,0.001245,0.00125,1325390.0
1784134800,0.001252,0.001257,0.001233,0.001239,5134937.0
1784138400,0.001241,0.001241,0.00123,0.001237,3825341.0
1784142000,0.001234,0.001244,0.001234,0.001239,714624.0
1784145600,0.001242,0.001243,0.001238,0.001242,1154767.0
1784149200,0.001239,0.001243,0.001221,0.001235,2757575.0
1784152800,0.001237,0.001237,0.001232,0.001233,1108843.0
1784156400,0.001239,0.00124,0.00123,0.001235,1810200.0
1784160000,0.001232,0.001249,0.001231,0.001243,9978900.0
1784163600,0.001243,0.001243,0.001232,0.001243,1629492.0
1784167200,0.001242,0.001242,0.001238,0.001242,569437.0
1784170800,0.001239,0.001243,0.001235,0.00124,1383169.0
1784174400,0.001237,0.001243,0.001235,0.001242,1440132.0
1784178000,0.001243,0.001246,0.001243,0.001246,790607.0
1784181600,0.001245,0.001246,0.00124,0.001244,681716.0
1784185200,0.001242,0.001245,0.001235,0.001239,985399.0
1784188800,0.001239,0.001241,0.001224,0.00123,3882171.0
1784192400,0.001236,0.001237,0.001226,0.00123,751560.0
1784196000,0.001225,0.001229,0.001223,0.001224,511433.0
1784199600,0.001219,0.00122,0.001214,0.001218,1985925.0
1784203200,0.001212,0.001215,0.001207,0.001207,1147441.0
1784206800,0.001204,0.001216,0.001204,0.001216,162411.0
1784210400,0.001215,0.001217,0.00121,0.00121,804394.0
1784214000,0.001212,0.001214,0.00121,0.001214,420258.0
1784217600,0.001212,0.001214,0.001204,0.001206,3812796.0
1784221200,0.001202,0.001206,0.001201,0.001204,430156.0
1784224800,0.0012,0.001203,0.0012,0.001203,365134.0
1784228400,0.001202,0.001203,0.001199,0.001203,411908.0
1784232000,0.001198,0.001198,0.001198,0.001198,3143.0
1784235600,0.001203,0.001205,0.001199,0.001202,230104.0
1784239200,0.001205,0.001205,0.001197,0.001202,958241.0
1784242800,0.001198,0.001198,0.001191,0.001194,726113.0
1784246400,0.001191,0.001195,0.001178,0.001186,8311906.0
1784253600,0.001183,0.001185,0.001152,0.001172,6680208.0
1784257200,0.001173,0.001174,0.001166,0.001173,1039959.0
1784260800,0.001174,0.001174,0.001164,0.001174,2486665.0
1784264400,0.001174,0.001174,0.001162,0.001162,1442462.0
1784268000,0.001161,0.001164,0.001161,0.001164,376157.0
1784271600,0.001161,0.001162,0.001155,0.001161,1489365.0
1784275200,0.001161,0.001166,0.001159,0.001166,1013627.0
1784278800,0.001166,0.001166,0.001166,0.001166,121021.0
1784282400,0.001166,0.00117,0.001166,0.00117,228660.0
1784286000,0.001169,0.001171,0.001167,0.001171,701528.0
1784289600,0.001166,0.00117,0.001158,0.001158,1494917.0
1784293200,0.00116,0.001161,0.001128,0.001152,16468987.0
1784296800,0.001152,0.001157,0.001152,0.001156,906143.0
1784300400,0.001156,0.001156,0.001146,0.00115,1056540.0
1784304000,0.001153,0.001158,0.00115,0.001154,448581.0
1784307600,0.001155,0.001165,0.001154,0.001159,1418858.0
1784311200,0.001158,0.001158,0.001156,0.001156,141001.0
1784314800,0.001155,0.001159,0.001152,0.001155,1042061.0
1784318400,0.00116,0.001161,0.001154,0.001161,1003291.0
1784322000,0.001163,0.001178,0.001163,0.001171,7409000.0
1784325600,0.001172,0.001172,0.001165,0.001165,760660.0
1784332800,0.001163,0.001163,0.001154,0.001162,1577375.0
1784336400,0.001161,0.001163,0.00116,0.00116,476966.0
1784340000,0.001161,0.001166,0.001161,0.001163,1653745.0
1784343600,0.001158,0.001169,0.001158,0.001163,1396260.0
1784347200,0.001165,0.001171,0.001165,0.001171,52983.0
1784350800,0.001169,0.001174,0.001169,0.001174,324732.0
1784354400,0.001172,0.001173,0.001172,0.001173,334723.0
1784358000,0.001172,0.001174,0.001169,0.001169,125699.0
1784361600,0.001174,0.001175,0.001174,0.001175,94812.0
1784365200,0.00117,0.001173,0.001169,0.00117,1038517.0
1784368800,0.00117,0.001174,0.00117,0.001171,179297.0
1784372400,0.001174,0.001182,0.001174,0.001178,598607.0
1784376000,0.00118,0.00118,0.001174,0.001175,462894.0
1784379600,0.001177,0.001199,0.001175,0.001194,11973264.0
1784383200,0.001202,0.001592,0.001202,0.001476,66407094.0
1784386800,0.001467,0.001546,0.001387,0.001414,139529123.0
1784390400,0.0014,0.0014,0.001295,0.001345,59700410.0
1784394000,0.001348,0.001356,0.001258,0.001285,19879417.0
1784397600,0.00129,0.0013,0.001258,0.001261,8880845.0
1784401200,0.001263,0.001317,0.001263,0.00128,23935785.0
1784404800,0.001278,0.001294,0.001263,0.001273,11827947.0
1784408400,0.001276,0.001279,0.001256,0.001271,6988794.0
1784412000,0.001279,0.00128,0.001255,0.00127,9146465.0
1784415600,0.00127,0.001271,0.001255,0.001263,1775348.0
1784419200,0.001259,0.001423,0.001255,0.001358,93731629.0
1784422800,0.001361,0.001389,0.001297,0.001314,43109054.0
1784426400,0.001315,0.001344,0.001296,0.001333,13183560.0
1784430000,0.00133,0.001397,0.001329,0.00138,26739166.0
1784433600,0.001374,0.001379,0.001352,0.001364,8907298.0
1784437200,0.001364,0.001477,0.001362,0.001452,40063177.0
1784440800,0.001452,0.001593,0.001408,0.00149,123281004.0
1784444400,0.001484,0.001521,0.001431,0.001455,59199080.0
1784448000,0.001452,0.001482,0.001418,0.001425,28946371.0
1784451600,0.00143,0.001448,0.001399,0.001406,27025434.0
1784455200,0.001406,0.001409,0.001366,0.001372,25501487.0
1784458800,0.001379,0.001436,0.001379,0.001434,33035303.0
1784462400,0.001434,0.001447,0.001364,0.00139,50720785.0
1784466000,0.001389,0.001401,0.00135,0.001355,16761614.0
1784469600,0.001354,0.001372,0.001336,0.001342,25274981.0
1784473200,0.001336,0.001351,0.001316,0.001325,14753578.0
1784476800,0.001326,0.001339,0.001308,0.00132,8871623.0
1784480400,0.001313,0.001329,0.001309,0.001309,9728535.0
1784484000,0.001313,0.001319,0.001302,0.001309,2328970.0
1784487600,0.001314,0.001316,0.00129,0.001301,12916658.0
1784491200,0.001302,0.001335,0.001297,0.001313,29387024.0
1784494800,0.001308,0.001314,0.001282,0.001296,3329541.0
1784498400,0.001288,0.001302,0.001288,0.001294,3256868.0
1784502000,0.001294,0.001318,0.001286,0.001317,4271903.0
1784505600,0.001322,0.001352,0.001303,0.001308,7707942.0
1784509200,0.001314,0.001332,0.00131,0.001323,2192704.0
1784512800,0.001318,0.001324,0.001309,0.001324,1478497.0
1784516400,0.001313,0.001363,0.001313,0.001356,15981441.0
1784520000,0.001355,0.001363,0.001353,0.001357,3016426.0
1784523600,0.001359,0.001359,0.001324,0.001324,4015015.0
1784527200,0.001319,0.001327,0.001312,0.001322,2614438.0
1784530800,0.001322,0.001332,0.001321,0.001321,2460824.0
1784534400,0.001321,0.001324,0.00131,0.001315,4033689.0
1784538000,0.001314,0.001315,0.001312,0.001313,484857.0
1784541600,0.001314,0.001323,0.001314,0.001315,1060203.0
1784545200,0.001317,0.001336,0.00131,0.001336,2880448.0
1784548800,0.00133,0.00133,0.001313,0.001313,2022334.0
1784552400,0.001318,0.001318,0.001308,0.001308,317526.0
1784556000,0.001305,0.001309,0.001299,0.001309,2575038.0
1784559600,0.001309,0.001335,0.001302,0.00133,4060303.0
1784563200,0.001328,0.001333,0.001321,0.001322,2184753.0
1784566800,0.001326,0.001332,0.00132,0.001332,788514.0
1784570400,0.001332,0.001336,0.00132,0.00132,369440.0
1784574000,0.001325,0.001327,0.001322,0.001326,218223.0
1784577600,0.001328,0.001331,0.001322,0.001322,774028.0
1784581200,0.001322,0.001325,0.001312,0.001315,6319376.0
1784584800,0.00132,0.00132,0.001312,0.001312,123815.0
1784588400,0.001311,0.001319,0.0013,0.001312,4780139.0
1784592000,0.001312,0.001319,0.001305,0.001319,2270725.0
1784595600,0.001316,0.001316,0.001296,0.001305,2010724.0
1784599200,0.001304,0.001313,0.0013,0.001313,2482093.0
1784602800,0.001316,0.001317,0.001304,0.001305,1840770.0
1784606400,0.001308,0.001308,0.001297,0.001298,2894397.0
1784610000,0.0013,0.001307,0.001298,0.001299,2837746.0
