time,open,high,low,close,volume
1777356000,0.1003,0.10044,0.0991,0.09952,10053427.1
1777359600,0.09953,0.09973,0.09896,0.09964,4064114.1
1777363200,0.0996,0.09996,0.09927,0.09974,6347534.5
1777366800,0.09975,0.09989,0.099,0.09923,4725282.5
1777370400,0.09923,0.0994,0.0991,0.09922,990217.7
1777374000,0.09922,0.09927,0.09851,0.09859,7301262.4
1777377600,0.0986,0.09902,0.09826,0.099,5462363.9
1777381200,0.09898,0.09917,0.0984,0.09867,7312716.8
1777384800,0.09866,0.09887,0.09806,0.09887,7177253.3
1777388400,0.09888,0.09951,0.09872,0.09951,5644727.0
1777392000,0.09952,0.09981,0.09918,0.09971,12851396.5
1777395600,0.09971,0.09972,0.09918,0.09933,2948771.1
1777399200,0.0993,0.09964,0.09919,0.09952,4369553.8
1777402800,0.09951,0.09984,0.09927,0.09969,8302995.7
1777406400,0.09971,0.09988,0.0996,0.09973,2654867.0
1777410000,0.09973,0.09994,0.09914,0.0995,9012227.2
1777413600,0.09951,0.10017,0.09939,0.09948,5656414.6
1777417200,0.09945,0.09945,0.09878,0.09933,10295088.3
1777420800,0.09933,0.10004,0.09922,0.09988,13171047.6
1777424400,0.09986,0.10023,0.09944,0.10012,13373300.6
1777428000,0.10014,0.10031,0.09972,0.09999,2420849.2
1777431600,0.09999,0.10142,0.09993,0.10133,10254140.7
1777435200,0.10134,0.10248,0.10114,0.10178,11671695.1
1777438800,0.1018,0.10241,0.10158,0.10226,13030225.0
1777442400,0.10228,0.10244,0.10179,0.10214,5172957.2
1777446000,0.10215,0.10541,0.10205,0.10491,32653007.5
1777449600,0.10494,0.10595,0.10464,0.10544,18307662.4
1777453200,0.10541,0.112,0.10519,0.10943,57960874.9
1777456800,0.10945,0.1106,0.10922,0.11008,33723695.7
1777460400,0.11007,0.11057,0.10943,0.10967,25053456.3
1777464000,0.10968,0.10968,0.10646,0.1072,39182345.0
1777467600,0.10718,0.10756,0.10521,0.10637,35537497.2
1777471200,0.10636,0.10654,0.10461,0.10534,57351154.0
1777474800,0.10536,0.10565,0.10289,0.10341,63437891.1
1777478400,0.10336,0.10409,0.10176,0.10225,26899805.6
1777482000,0.10226,0.10434,0.10207,0.104,30465465.3
1777485600,0.10394,0.10401,0.10092,0.10214,65391932.9
1777489200,0.10215,0.10219,0.10086,0.10137,54550280.7
1777492800,0.10138,0.10247,0.10125,0.10209,16799547.0
1777496400,0.10208,0.10364,0.10191,0.10312,31685777.2
1777500000,0.10312,0.10377,0.10295,0.10348,8380816.3
1777503600,0.10348,0.10417,0.10337,0.10415,10438973.0
1777507200,0.10413,0.10827,0.10392,0.10792,67430239.1
1777510800,0.10791,0.10839,0.10632,0.10688,45509000.3
1777514400,0.10688,0.10728,0.10452,0.10534,35457799.5
1777518000,0.10534,0.10745,0.10514,0.10675,14830173.2
1777521600,0.10673,0.10681,0.10474,0.10494,16710158.9
1777525200,0.10497,0.10589,0.10431,0.10541,15197425.7
1777528800,0.10541,0.10636,0.10524,0.10623,6240481.3
1777532400,0.10622,0.10705,0.10595,0.10698,8836920.5
1777536000,0.10699,0.10724,0.10639,0.1069,8710608.6
1777539600,0.10688,0.1081,0.10673,0.10741,11800408.0
1777543200,0.10742,0.10781,0.10619,0.10675,12368570.2
1777546800,0.10671,0.10685,0.10565,0.10635,7950913.4
1777550400,0.10637,0.10678,0.10613,0.10631,7874497.5
1777554000,0.10634,0.10747,0.10595,0.10672,15329081.3
1777557600,0.10672,0.10725,0.10574,0.10642,14709237.5
1777561200,0.10639,0.10748,0.10598,0.10702,12753919.0
1777564800,0.10702,0.10711,0.10608,0.10618,10740375.7
1777568400,0.10619,0.10646,0.10539,0.10571,9670394.5
1777572000,0.10571,0.10618,0.10537,0.10544,6572206.4
1777575600,0.10544,0.10624,0.10544,0.10615,6856357.5
1777579200,0.10612,0.10671,0.1058,0.10653,7418583.5
1777582800,0.10654,0.10688,0.10626,0.10626,4435056.5
1777586400,0.10627,0.10663,0.10597,0.10624,3306504.0
1777590000,0.10625,0.1066,0.10606,0.10645,3070250.6
1777593600,0.10643,0.10787,0.10637,0.10755,16191556.0
1777597200,0.10753,0.10922,0.10748,0.10897,22014481.6
1777600800,0.10898,0.10932,0.10829,0.10836,8527520.0
1777604400,0.10835,0.10979,0.10801,0.10907,16871769.1
1777608000,0.10908,0.10941,0.1082,0.10889,13399885.8
1777611600,0.10889,0.10941,0.10882,0.10907,7665899.5
1777615200,0.10908,0.10917,0.10831,0.10837,6431435.5
1777618800,0.10836,0.10845,0.10789,0.10822,8159289.3
1777622400,0.1082,0.10887,0.10798,0.10845,5416143.0
1777626000,0.10847,0.10864,0.10739,0.1077,9242413.4
1777629600,0.1077,0.10837,0.10726,0.1083,5987080.5
1777633200,0.10832,0.10916,0.10827,0.10883,7608643.8
1777636800,0.10884,0.10929,0.10861,0.10891,10844447.6
1777640400,0.10891,0.11052,0.10891,0.10971,22728843.1
1777644000,0.10972,0.10987,0.10898,0.10963,21367669.5
1777647600,0.10962,0.10993,0.10888,0.10945,18823612.4
1777651200,0.10942,0.10968,0.10755,0.10892,16936213.0
1777654800,0.10891,0.1091,0.1085,0.10896,6003313.0
1777658400,0.10896,0.10903,0.10857,0.10898,3550193.4
1777662000,0.10899,0.10922,0.10874,0.10908,5830806.4
1777665600,0.10909,0.10917,0.10824,0.10845,6673833.6
1777669200,0.10845,0.10969,0.10844,0.1094,6510416.7
1777672800,0.10942,0.10957,0.10836,0.10845,3768955.6
1777676400,0.10843,0.1085,0.10775,0.10849,11096276.9
1777680000,0.10851,0.10932,0.10847,0.10861,15027690.6
1777683600,0.10861,0.10896,0.10848,0.10863,4945498.5
1777687200,0.10862,0.10871,0.10819,0.10848,4479828.9
1777690800,0.10844,0.1086,0.10806,0.10814,3448541.4
1777694400,0.10814,0.10837,0.10783,0.10805,7040262.4
1777698000,0.10808,0.10813,0.1074,0.10753,10311275.4
1777701600,0.10752,0.10809,0.10752,0.10804,2333681.9
1777705200,0.10807,0.1081,0.10781,0.10781,1316984.1
1777708800,0.1078,0.10797,0.1076,0.10764,881547.2
1777712400,0.10764,0.10797,0.1075,0.10777,6504893.3
1777716000,0.10775,0.10803,0.10767,0.10767,2274159.1
1777719600,0.10769,0.10784,0.10742,0.10771,3183513.6
1777723200,0.10774,0.10786,0.10712,0.10761,5751941.3
1777726800,0.10761,0.10878,0.10761,0.10858,3647472.6
1777730400,0.10861,0.10913,0.10836,0.10876,8084530.4
1777734000,0.10876,0.10919,0.10866,0.109,3755538.6
1777737600,0.10898,0.10935,0.10862,0.10894,4762441.1
1777741200,0.10901,0.10911,0.10862,0.10874,2635934.2
1777744800,0.10873,0.10873,0.10825,0.10837,3380561.1
1777748400,0.10837,0.10854,0.10825,0.10838,1858478.1
1777752000,0.10839,0.10886,0.10832,0.10885,3962386.3
1777755600,0.10885,0.10904,0.10801,0.10881,11625979.7
1777759200,0.10881,0.10919,0.10842,0.10879,9451653.4
1777762800,0.10877,0.10882,0.10824,0.10849,14734799.4
1777766400,0.1085,0.10859,0.1079,0.10817,11094634.7
1777770000,0.10817,0.10821,0.10753,0.10767,6370199.2
1777773600,0.10764,0.1078,0.10711,0.10751,7043126.1
1777777200,0.10751,0.10795,0.10736,0.10784,5101311.2
1777780800,0.10783,0.1082,0.10773,0.10789,6061545.1
1777784400,0.10787,0.1081,0.10774,0.10787,1145788.6
1777788000,0.10786,0.10796,0.10751,0.10783,2184238.7
1777791600,0.10783,0.10821,0.10782,0.1079,2992599.4
1777795200,0.1079,0.10815,0.1079,0.10798,1196038.7
1777798800,0.10798,0.10833,0.10788,0.10814,4188898.4
1777802400,0.10813,0.10822,0.10762,0.10764,6222009.0
1777806000,0.10763,0.10873,0.10745,0.10873,10558184.6
1777809600,0.10873,0.10933,0.10869,0.1088,8397227.4
1777813200,0.10878,0.109,0.10846,0.10865,6352553.6
1777816800,0.10864,0.10885,0.10846,0.10864,2547779.0
1777820400,0.10867,0.10893,0.10826,0.10845,2013747.3
1777824000,0.10847,0.1086,0.10809,0.10826,2601100.4
1777827600,0.10825,0.10875,0.108,0.10846,1979455.6
1777831200,0.10849,0.10857,0.1083,0.10839,1007241.7
1777834800,0.10839,0.10876,0.10834,0.10861,3057813.6
1777838400,0.10859,0.10925,0.10856,0.10881,3916319.3
1777842000,0.1088,0.10913,0.10775,0.10809,6296207.8
1777845600,0.10813,0.10963,0.10813,0.10925,10036882.4
1777849200,0.10924,0.10944,0.10818,0.10823,12167411.6
1777852800,0.10822,0.10905,0.10765,0.10899,16231461.6
1777856400,0.10899,0.11317,0.10899,0.11251,54155132.8
1777860000,0.11252,0.11342,0.11149,0.113,32010259.3
1777863600,0.11305,0.11373,0.11214,0.11296,17722333.9
1777867200,0.11297,0.11359,0.1128,0.11305,21218533.4
1777870800,0.11306,0.11319,0.11237,0.11249,5603847.2
1777874400,0.11248,0.11262,0.11101,0.11198,11837320.2
1777878000,0.11197,0.11266,0.11189,0.11224,4002059.3
1777881600,0.11223,0.11242,0.11187,0.11201,2710876.9
1777885200,0.112,0.11236,0.11149,0.11186,2554731.0
1777888800,0.11187,0.11191,0.10877,0.11018,37052223.9
1777892400,0.1102,0.11069,0.11001,0.11047,7692611.2
1777896000,0.11046,0.11092,0.11026,0.11037,7106068.1
1777899600,0.11036,0.11132,0.10988,0.11068,15255312.1
1777903200,0.1107,0.11265,0.11018,0.11201,24822699.2
1777906800,0.11201,0.11213,0.1096,0.11024,29616012.4
1777910400,0.11025,0.11092,0.10982,0.11055,17372509.2
1777914000,0.11057,0.11159,0.11047,0.11114,5957552.9
1777917600,0.11118,0.11136,0.11069,0.11106,9204305.6
1777921200,0.11108,0.11109,0.1102,0.11039,12822612.8
1777924800,0.11041,0.11041,0.11,0.11023,10954978.5
1777928400,0.11023,0.11095,0.11013,0.11057,2363122.6
1777932000,0.11054,0.11089,0.1101,0.1103,9338314.4
1777935600,0.11029,0.11032,0.10999,0.11008,5903797.8
1777939200,0.11008,0.11093,0.10996,0.11077,6693618.6
1777942800,0.11079,0.1113,0.11051,0.11097,7657906.4
1777946400,0.11098,0.11167,0.11097,0.1114,10344229.9
1777950000,0.11139,0.11178,0.11121,0.11139,3821273.3
1777953600,0.11142,0.1118,0.11126,0.11143,8329353.2
1777957200,0.11139,0.11193,0.11129,0.11164,10021375.6
1777960800,0.11167,0.11177,0.11125,0.11174,5163627.6
1777964400,0.11175,0.11189,0.11131,0.11144,2085372.1
1777968000,0.11145,0.11166,0.11128,0.11163,4777144.9
1777971600,0.11161,0.11161,0.11074,0.11108,7037195.0
1777975200,0.11109,0.1118,0.11101,0.11178,8875933.9
1777978800,0.11177,0.11215,0.11134,0.11196,6498165.5
1777982400,0.11195,0.11219,0.1118,0.11205,4503072.7
1777986000,0.11206,0.11286,0.11193,0.11242,12110110.2
1777989600,0.11241,0.11285,0.11151,0.11235,15294539.8
1777993200,0.11234,0.11295,0.11222,0.11239,4383594.8
1777996800,0.1124,0.11266,0.11167,0.11261,17005055.9
1778000400,0.11256,0.11449,0.11248,0.1137,21909735.4
1778004000,0.11371,0.11413,0.11331,0.11339,16043505.3
1778007600,0.11337,0.11406,0.11329,0.11354,9029120.7
1778011200,0.11353,0.11426,0.1131,0.11402,12245633.0
1778014800,0.11402,0.11573,0.11355,0.11541,16858128.7
1778018400,0.11542,0.11651,0.11482,0.11534,56559132.6
1778022000,0.11533,0.11594,0.11437,0.11482,21251809.7
1778025600,0.11484,0.11506,0.11379,0.11433,11193338.0
1778029200,0.11435,0.11536,0.11416,0.11496,16280904.8
1778032800,0.115,0.11564,0.1145,0.11564,20366695.5
1778036400,0.11564,0.11609,0.11496,0.11592,18221079.4
1778040000,0.11593,0.11596,0.11493,0.115,17096811.2
1778043600,0.11499,0.1161,0.11483,0.11589,25739209.3
1778047200,0.11588,0.11602,0.1151,0.1154,11364924.1
1778050800,0.11547,0.11641,0.11482,0.11575,27429150.8
1778054400,0.11573,0.11686,0.11561,0.11676,11404543.6
1778058000,0.11679,0.11687,0.11586,0.11634,20567396.9
1778061600,0.11637,0.11663,0.11597,0.11651,12026575.8
1778065200,0.11645,0.11709,0.11626,0.11659,11194947.1
1778068800,0.11658,0.11678,0.11598,0.11602,12945746.6
1778072400,0.116,0.116,0.11137,0.11276,56483228.5
1778076000,0.11275,0.11377,0.11184,0.11283,17291183.0
1778079600,0.11287,0.11358,0.11276,0.11308,6876300.4
1778083200,0.11307,0.11361,0.11257,0.11318,9582582.7
1778086800,0.11317,0.11355,0.11294,0.11311,4145879.9
1778090400,0.11312,0.11334,0.11236,0.11273,13736990.8
1778094000,0.11271,0.113,0.11253,0.11298,3644459.4
1778097600,0.11298,0.11324,0.1123,0.11276,4330193.8
1778101200,0.11277,0.11309,0.11259,0.113,7927799.4
1778104800,0.11301,0.11303,0.11222,0.1124,10293767.2
1778108400,0.1124,0.11251,0.11195,0.11244,3937310.6
1778112000,0.11246,0.11249,0.1113,0.11145,12747983.1
1778115600,0.11146,0.11158,0.11033,0.11111,16412204.2
1778119200,0.11114,0.11119,0.1102,0.11062,8018282.6
1778122800,0.11059,0.11084,0.11009,0.11031,5633553.7
1778126400,0.11027,0.11074,0.11006,0.11064,4486839.1
1778130000,0.11065,0.11134,0.11044,0.11075,16801380.3
1778133600,0.11076,0.11146,0.1104,0.11144,10031358.4
1778137200,0.11144,0.11179,0.11126,0.1117,6858664.4
1778140800,0.1117,0.11186,0.11132,0.11147,6417096.6
1778144400,0.11148,0.11185,0.11127,0.11138,21096026.3
1778148000,0.11137,0.11182,0.11079,0.11103,5116623.1
1778151600,0.11104,0.1114,0.11083,0.1111,3744109.3
1778155200,0.11112,0.11161,0.11111,0.11148,5162963.9
1778158800,0.11147,0.11148,0.10806,0.10945,18811426.1
1778162400,0.10942,0.10978,0.10837,0.109,18364317.0
1778166000,0.109,0.10952,0.10671,0.10799,34655895.0
1778169600,0.10797,0.10828,0.10744,0.10766,17911210.8
1778173200,0.10764,0.10807,0.1071,0.10801,6301756.8
1778176800,0.108,0.10858,0.10783,0.10807,21665646.9
1778180400,0.10808,0.10832,0.10778,0.10793,10151905.4
1778184000,0.10795,0.10842,0.10777,0.1078,11027364.7
1778187600,0.10781,0.10814,0.10736,0.10773,4925064.2
1778191200,0.10772,0.10786,0.10739,0.10769,5772441.6
1778194800,0.10768,0.10794,0.10752,0.10783,4030864.2
1778198400,0.10784,0.10803,0.10671,0.10699,4822127.6
1778202000,0.10703,0.10727,0.10612,0.10612,3273314.6
1778223600,0.10615,0.10642,0.10615,0.10633,230658.2
1778227200,0.1063,0.10717,0.10619,0.10702,1170205.7
1778230800,0.10698,0.10773,0.10683,0.1072,2585474.3
1778234400,0.10722,0.10765,0.10675,0.10742,5399373.6
1778238000,0.10746,0.1077,0.10724,0.10742,4800003.6
1778241600,0.10741,0.1077,0.10659,0.1067,5863422.5
1778245200,0.10666,0.10691,0.10632,0.10672,3134309.4
1778248800,0.10672,0.10787,0.10672,0.10774,21064670.4
1778252400,0.10775,0.10818,0.10688,0.10806,3625742.6
1778256000,0.10808,0.10811,0.10726,0.10738,2374880.2
1778259600,0.10736,0.10844,0.10735,0.10808,7800005.3
1778263200,0.10808,0.10903,0.10805,0.1085,11603207.1
1778266800,0.10852,0.10907,0.10824,0.10895,9376538.2
1778270400,0.10895,0.10947,0.10815,0.10865,7519705.3
1778274000,0.10865,0.10934,0.10859,0.10932,8075093.7
1778277600,0.10931,0.1097,0.10915,0.10961,30206118.5
1778281200,0.10959,0.1097,0.10915,0.10953,18968551.6
1778284800,0.10955,0.10989,0.10939,0.1095,3653796.3
1778288400,0.1095,0.1109,0.10947,0.11048,6519524.1
1778292000,0.11053,0.11123,0.11047,0.11054,6695764.4
1778295600,0.11053,0.11097,0.11019,0.11037,3222383.4
1778299200,0.11039,0.11129,0.11039,0.11065,7070484.5
1778302800,0.11063,0.11078,0.10995,0.11066,4700956.1
1778306400,0.11066,0.11131,0.11035,0.11073,11332504.8
1778310000,0.11068,0.11069,0.10993,0.1102,5976088.1
1778313600,0.1102,0.11065,0.1102,0.11034,1858408.9
1778317200,0.11037,0.11037,0.10967,0.10992,4433137.0
1778320800,0.10993,0.10995,0.10941,0.10967,2639138.7
1778324400,0.10967,0.10989,0.10953,0.10957,3487945.0
1778328000,0.10957,0.10975,0.10918,0.10941,2877851.9
1778331600,0.10941,0.10945,0.1087,0.10921,5547718.2
1778335200,0.1092,0.10921,0.10828,0.10846,9447913.8
1778338800,0.10847,0.1088,0.10808,0.10862,7841343.6
1778342400,0.10861,0.10918,0.10844,0.10888,3752122.0
1778346000,0.10891,0.10965,0.10889,0.10947,6065982.2
1778349600,0.10944,0.10998,0.10944,0.10961,2618285.2
1778353200,0.10963,0.10975,0.1095,0.1097,809582.5
1778356800,0.10969,0.10971,0.10928,0.10938,1297190.5
1778360400,0.10937,0.10955,0.1091,0.10939,3133227.6
1778364000,0.10937,0.10939,0.10899,0.10903,1959087.9
1778367600,0.10903,0.10922,0.10853,0.10872,2293769.8
1778371200,0.1087,0.10893,0.10828,0.10842,5852224.6
1778374800,0.10841,0.10841,0.10782,0.1081,6942349.0
1778378400,0.10807,0.10895,0.10792,0.10859,6027726.5
1778382000,0.10858,0.10883,0.10844,0.1085,1355017.2
1778385600,0.10851,0.10869,0.10833,0.1085,702023.1
1778389200,0.10849,0.10866,0.10834,0.10839,5499187.0
1778392800,0.10843,0.10847,0.10817,0.10839,806154.8
1778396400,0.10842,0.10873,0.10828,0.10851,991401.5
1778400000,0.10852,0.10893,0.10847,0.1087,1439511.7
1778403600,0.10871,0.10916,0.10849,0.10853,4009239.0
1778407200,0.10856,0.10872,0.10786,0.1087,5545835.4
1778410800,0.10869,0.10881,0.10794,0.1082,2999578.1
1778414400,0.10819,0.10832,0.10793,0.10809,5719931.3
1778418000,0.10809,0.10845,0.108,0.10826,6662107.3
1778421600,0.10825,0.10846,0.10783,0.10827,6659205.8
1778425200,0.10828,0.1091,0.10823,0.1091,11098919.8
1778428800,0.10911,0.10975,0.10882,0.10964,16872662.5
1778432400,0.10965,0.11115,0.10946,0.11089,11552588.8
1778436000,0.11092,0.11166,0.11062,0.11098,19821952.9
1778439600,0.11099,0.1115,0.1103,0.1111,11281501.0
1778443200,0.1111,0.11155,0.10638,0.10793,33240094.6
1778446800,0.10789,0.10895,0.10765,0.10833,18980019.8
1778450400,0.10827,0.11211,0.10811,0.11187,43554950.4
1778454000,0.11186,0.11285,0.11136,0.11243,30819563.2
1778457600,0.11244,0.11273,0.10984,0.11044,31917786.4
1778461200,0.11046,0.11177,0.10998,0.11067,26314791.0
1778464800,0.11064,0.11089,0.10946,0.10978,12412996.9
1778468400,0.10979,0.10983,0.10838,0.10899,14002871.4
1778472000,0.10902,0.10999,0.10876,0.10948,11103838.1
1778475600,0.10949,0.10998,0.10936,0.10983,6038208.4
1778479200,0.10982,0.11011,0.10921,0.1095,4563576.4
1778482800,0.1095,0.10952,0.10856,0.10923,6260106.9
1778486400,0.10922,0.10975,0.10872,0.10946,4869910.7
1778490000,0.10945,0.11,0.10944,0.10971,2013906.3
1778493600,0.10973,0.11037,0.10961,0.10999,2401448.3
1778497200,0.10999,0.11037,0.10957,0.11031,5539108.7
1778500800,0.11028,0.11047,0.10938,0.10953,5202596.6
1778504400,0.10954,0.11004,0.10905,0.10993,7189314.9
1778508000,0.10994,0.1107,0.10889,0.10968,17306587.0
1778511600,0.10964,0.11109,0.10922,0.11088,28844462.8
1778515200,0.1109,0.11156,0.11065,0.11116,9987836.4
1778518800,0.11118,0.11173,0.1107,0.11133,8690275.9
1778522400,0.11134,0.11145,0.11051,0.11051,8476717.8
1778526000,0.11055,0.1118,0.11037,0.11156,8492601.0
1778529600,0.11157,0.11177,0.11121,0.11143,10440618.9
1778533200,0.11143,0.11161,0.11098,0.11111,4283459.5
1778536800,0.11108,0.11161,0.11097,0.11142,2506078.2
1778540400,0.11141,0.11143,0.11093,0.11122,3596067.6
1778544000,0.11121,0.11157,0.11107,0.1113,5590883.4
1778547600,0.1113,0.1115,0.10986,0.11079,10621268.1
1778551200,0.11078,0.11144,0.11049,0.11073,10008075.2
1778554800,0.11072,0.11089,0.10993,0.11002,3547956.4
1778558400,0.11001,0.11039,0.10973,0.10979,1997935.7
1778562000,0.10983,0.11049,0.10981,0.11036,4650396.9
1778565600,0.11036,0.11125,0.11025,0.1105,4660953.4
1778569200,0.11047,0.11047,0.10971,0.10985,4971577.3
1778572800,0.10987,0.11027,0.10917,0.10979,9115497.0
1778576400,0.10978,0.10982,0.10921,0.10975,3032124.7
1778580000,0.10974,0.10974,0.10886,0.10912,3263637.1
1778583600,0.10913,0.10947,0.10854,0.10942,8674691.4
1778587200,0.10942,0.10957,0.10873,0.10915,16939466.0
1778590800,0.10916,0.10935,0.10816,0.10841,22386929.3
1778594400,0.10843,0.1092,0.10787,0.10878,9648974.5
1778598000,0.10879,0.10908,0.10815,0.10865,5178197.3
1778601600,0.10865,0.10904,0.10747,0.10788,10162371.9
1778605200,0.10788,0.10921,0.10786,0.10907,10460325.3
1778608800,0.10908,0.10949,0.10891,0.10925,2910769.4
1778612400,0.10925,0.11024,0.10917,0.10983,5630937.8
1778616000,0.10981,0.11027,0.10973,0.11018,5691262.8
1778619600,0.1102,0.11067,0.10988,0.10999,7214189.8
1778623200,0.10999,0.11039,0.10999,0.11024,10588504.5
1778626800,0.11024,0.11044,0.10985,0.11012,4887052.1
1778630400,0.11013,0.11072,0.10992,0.11067,5288487.4
1778634000,0.11068,0.11174,0.11063,0.11111,12510871.4
1778637600,0.11112,0.11146,0.1108,0.11107,5271489.9
1778641200,0.11106,0.11171,0.11103,0.11169,3750459.6
1778644800,0.11169,0.11278,0.11126,0.11217,7394020.4
1778648400,0.11219,0.11267,0.11159,0.11203,6042102.0
1778652000,0.11205,0.11242,0.11176,0.1118,4779165.1
1778655600,0.11178,0.11237,0.11139,0.11228,6478553.9
1778659200,0.11231,0.11244,0.11196,0.11231,2487669.7
1778662800,0.11232,0.11454,0.11232,0.11422,22887133.2
1778666400,0.11424,0.11445,0.11346,0.11376,12163607.3
1778670000,0.11376,0.11405,0.11236,0.11265,18322061.4
1778673600,0.11264,0.11306,0.11085,0.11181,20635524.1
1778677200,0.11181,0.11232,0.11046,0.1105,23994872.3
1778680800,0.11049,0.11182,0.10986,0.11174,19218113.3
1778684400,0.11195,0.11218,0.10961,0.10989,19077248.8
1778688000,0.10988,0.11207,0.10985,0.11192,13059116.1
1778691600,0.11191,0.11329,0.1119,0.11312,9838608.4
1778695200,0.11312,0.11467,0.11312,0.11336,14174551.8
1778698800,0.11334,0.11344,0.11232,0.11292,8592741.3
1778702400,0.11292,0.11346,0.11274,0.11337,6545806.9
1778706000,0.11338,0.11348,0.11232,0.11284,9223974.4
1778709600,0.11286,0.11363,0.11234,0.11355,8554284.7
1778713200,0.11354,0.11396,0.11259,0.11259,6064454.1
1778716800,0.1126,0.11537,0.11232,0.11438,29141950.5
1778720400,0.11436,0.11489,0.11376,0.11449,16267516.1
1778724000,0.11449,0.11489,0.1132,0.11341,5252813.5
1778727600,0.11338,0.11378,0.11212,0.11233,9295998.7
1778731200,0.11236,0.11309,0.11192,0.11298,4399455.5
1778734800,0.11298,0.1152,0.11293,0.11506,8675897.8
1778738400,0.11507,0.11537,0.11375,0.11453,11140942.7
1778742000,0.11451,0.115,0.11377,0.11385,9387976.0
1778745600,0.11386,0.11397,0.11306,0.11341,3548409.4
1778749200,0.11341,0.11357,0.11272,0.11327,4198948.2
1778752800,0.11329,0.11373,0.11297,0.11365,4564706.9
1778756400,0.11363,0.11377,0.11305,0.11312,2767221.3
1778760000,0.11311,0.11568,0.11301,0.11523,12175808.2
1778763600,0.11524,0.11662,0.11411,0.11435,22319671.8
1778767200,0.11427,0.11539,0.114,0.11494,25083298.5
1778770800,0.11501,0.11527,0.1136,0.11393,23885583.4
1778774400,0.11397,0.11616,0.11339,0.11607,27359033.7
1778778000,0.1161,0.11634,0.11505,0.11591,12929883.5
1778781600,0.11589,0.1186,0.11566,0.11735,58868190.3
1778785200,0.11737,0.11783,0.11577,0.11611,10469813.3
1778788800,0.11615,0.1163,0.11496,0.11602,15334395.3
1778792400,0.11603,0.11679,0.11555,0.11672,6509618.1
1778796000,0.11673,0.11684,0.1163,0.11642,6887827.8
1778799600,0.11641,0.11641,0.11508,0.11542,8659370.0
1778803200,0.11542,0.11703,0.11542,0.11672,11928604.1
1778806800,0.11673,0.11745,0.11597,0.11601,12663869.2
1778810400,0.11602,0.11674,0.1152,0.11644,16337702.1
1778814000,0.11645,0.11672,0.11557,0.11606,6850370.5
1778817600,0.11607,0.11608,0.11425,0.11427,17552327.5
1778821200,0.11428,0.11466,0.11269,0.11346,22538398.5
1778824800,0.11345,0.11475,0.11334,0.11457,6189361.0
1778828400,0.11458,0.11516,0.11414,0.11485,11650372.8
1778832000,0.11488,0.11543,0.11383,0.11525,12987050.7
1778835600,0.11526,0.11563,0.1142,0.11439,13821572.4
1778839200,0.11438,0.11548,0.1142,0.11532,7191589.4
1778842800,0.1153,0.1153,0.11438,0.11442,4493220.5
1778846400,0.11442,0.11446,0.11368,0.1142,18197679.5
1778850000,0.11417,0.11417,0.11092,0.11136,29246573.9
1778853600,0.11135,0.1126,0.11096,0.1118,21546114.3
1778857200,0.11181,0.112,0.11072,0.11152,10215681.5
1778860800,0.11153,0.11303,0.11145,0.1126,16992210.2
1778864400,0.1126,0.11302,0.11211,0.11264,5014141.4
1778868000,0.11265,0.11341,0.1126,0.11305,8521028.8
1778871600,0.11304,0.11331,0.11258,0.11292,7934905.7
1778875200,0.11291,0.11328,0.1125,0.11311,4554321.2
1778878800,0.11311,0.11337,0.11273,0.11294,6647059.6
1778882400,0.11295,0.11373,0.11276,0.11358,3350175.8
1778886000,0.11359,0.11374,0.11317,0.11328,1619765.0
1778889600,0.11327,0.11344,0.11274,0.11285,9134035.0
1778893200,0.11283,0.11289,0.11219,0.11263,7429085.5
1778896800,0.11263,0.11285,0.11227,0.11247,3644021.1
1778900400,0.11247,0.11276,0.11232,0.11256,4043056.0
1778904000,0.11256,0.1126,0.11091,0.11167,12573221.2
1778907600,0.11165,0.11206,0.11126,0.11162,10470725.0
1778911200,0.1116,0.1117,0.11024,0.11057,8440908.8
1778914800,0.11057,0.11057,0.10905,0.11005,7897186.9
1778918400,0.11007,0.11042,0.10996,0.11005,2542443.9
1778922000,0.11006,0.11022,0.10872,0.10922,8775958.7
1778925600,0.10922,0.10937,0.10816,0.10884,12691015.0
1778929200,0.10886,0.10942,0.10882,0.10893,2832803.1
1778932800,0.10892,0.1091,0.10847,0.10863,3615221.0
1778936400,0.10864,0.10867,0.10772,0.10858,10081522.9
1778940000,0.10859,0.1097,0.1083,0.10896,8958221.7
1778943600,0.10896,0.1099,0.1089,0.10967,5645121.5
1778947200,0.10963,0.11009,0.10941,0.10971,4556827.3
1778950800,0.10975,0.11,0.1095,0.10952,1793182.7
1778954400,0.10952,0.10964,0.10925,0.10939,6367011.9
1778958000,0.10941,0.10973,0.10933,0.10966,4382146.9
1778961600,0.10966,0.10982,0.10937,0.10958,1115012.2
1778965200,0.10955,0.11016,0.10945,0.10978,5717126.3
1778968800,0.10977,0.10978,0.10939,0.10939,2363610.3
1778972400,0.10938,0.1095,0.10919,0.10931,1674382.8
1778976000,0.10934,0.10961,0.10886,0.10911,5874768.0
1778979600,0.10911,0.10916,0.10805,0.10808,8388109.6
1778983200,0.10806,0.10873,0.10797,0.10861,6944312.1
1778986800,0.1086,0.10945,0.1086,0.10916,2789257.6
1778990400,0.10915,0.10982,0.1091,0.10963,2148407.2
1778994000,0.10965,0.11034,0.10964,0.10993,6783645.0
1778997600,0.10994,0.11013,0.1094,0.10963,9030132.5
1779001200,0.10965,0.11025,0.10953,0.11017,1195384.9
1779004800,0.11019,0.11035,0.10974,0.1102,2429108.3
1779008400,0.11018,0.1111,0.1101,0.1111,5496653.2
1779012000,0.11111,0.11188,0.11102,0.11166,7002486.0
1779015600,0.11167,0.1117,0.11118,0.11145,4356099.3
1779019200,0.11148,0.11274,0.11147,0.11185,7141388.3
1779022800,0.11186,0.11193,0.11096,0.1116,6064498.9
1779026400,0.1116,0.11167,0.11044,0.11064,7299149.2
1779030000,0.11063,0.11103,0.11019,0.11037,8198932.9
1779033600,0.11039,0.11061,0.10986,0.10999,7123741.4
1779037200,0.11002,0.1102,0.10953,0.10991,8656918.5
1779040800,0.10991,0.11042,0.10957,0.1104,4857638.3
1779044400,0.11037,0.11093,0.11031,0.11068,8254545.7
1779048000,0.11067,0.11085,0.1104,0.11051,1531552.2
1779051600,0.1105,0.11126,0.11031,0.11122,10420566.3
1779055200,0.11119,0.1112,0.10927,0.10942,10224054.4
1779058800,0.10939,0.10952,0.10561,0.10893,54358254.4
1779062400,0.10892,0.10902,0.10643,0.10686,31987300.4
1779066000,0.10687,0.10701,0.10581,0.10665,17501184.1
1779069600,0.10663,0.10712,0.10626,0.1066,8123495.1
1779073200,0.10657,0.10708,0.10617,0.10652,12617628.6
1779076800,0.10653,0.1069,0.10597,0.10683,4232082.1
1779080400,0.10684,0.10699,0.10587,0.10604,12194467.9
1779084000,0.10604,0.10619,0.10354,0.10462,31711690.1
1779087600,0.10463,0.10491,0.10363,0.10426,15594830.6
1779091200,0.10426,0.10464,0.10396,0.10432,4329192.0
1779094800,0.10433,0.1044,0.10392,0.10404,1499853.1
1779098400,0.10402,0.10444,0.10372,0.104,4430890.9
1779102000,0.10401,0.10578,0.10377,0.10501,9879964.8
1779105600,0.10503,0.10638,0.10503,0.10632,16426199.8
1779109200,0.1063,0.10641,0.10421,0.10508,15898727.1
1779112800,0.10501,0.10501,0.10381,0.10418,15411938.7
1779116400,0.10418,0.10436,0.103,0.10384,18843573.9
1779120000,0.10384,0.1043,0.1032,0.10358,9950395.8
1779123600,0.10357,0.10421,0.10342,0.10394,3539653.3
1779127200,0.10395,0.10397,0.10246,0.10259,11855472.0
1779130800,0.1026,0.10488,0.10255,0.10469,12906072.8
1779134400,0.1047,0.10516,0.10385,0.1041,9268979.5
1779138000,0.10409,0.10509,0.10383,0.10506,5538358.7
1779141600,0.10507,0.10549,0.10461,0.10493,3353641.5
1779145200,0.10491,0.10513,0.10455,0.10471,1477051.6
1779148800,0.10471,0.10545,0.10458,0.10506,2298270.4
1779152400,0.10506,0.10506,0.10412,0.10415,2918732.7
1779156000,0.10416,0.1047,0.10381,0.10408,3645488.6
1779159600,0.10407,0.10458,0.10394,0.10429,1964911.6
1779163200,0.10427,0.10528,0.10413,0.10525,3672827.5
1779166800,0.10526,0.10532,0.10412,0.10446,8909077.1
1779170400,0.10446,0.10462,0.10405,0.10439,5489360.2
1779174000,0.10439,0.10515,0.10414,0.1051,10510262.0
1779177600,0.10513,0.10516,0.10441,0.10441,5429357.5
1779181200,0.10442,0.10462,0.10365,0.10408,7241733.9
1779184800,0.10407,0.10436,0.10352,0.10412,4167397.8
1779188400,0.10414,0.1043,0.1036,0.10363,1066769.1
1779192000,0.10365,0.10423,0.10337,0.10406,6890150.0
1779195600,0.10406,0.10454,0.10342,0.10417,7964879.5
1779199200,0.10415,0.10441,0.10275,0.10333,11724087.4
1779202800,0.10332,0.10381,0.1032,0.10352,3580866.1
1779206400,0.10352,0.1041,0.1033,0.10403,7446365.7
1779210000,0.10402,0.10415,0.10339,0.10359,6564694.8
1779213600,0.10357,0.10371,0.10326,0.1034,4128865.6
1779217200,0.10341,0.10381,0.10305,0.1032,1272377.2
1779220800,0.1032,0.10361,0.1032,0.10355,743095.3
1779224400,0.10355,0.10372,0.10335,0.10335,933196.8
1779228000,0.10334,0.10334,0.10258,0.1026,7179448.4
1779231600,0.10259,0.10322,0.10256,0.10291,4155574.3
1779235200,0.1029,0.10301,0.10182,0.10267,10094570.4
1779238800,0.10267,0.10293,0.10212,0.10267,3067290.4
1779242400,0.10268,0.10296,0.10234,0.10247,1598590.2
1779246000,0.10247,0.10301,0.10231,0.10276,5664590.3
1779249600,0.10277,0.10285,0.10208,0.10245,8161209.7
1779253200,0.10246,0.10362,0.1024,0.10348,7798145.7
1779256800,0.10349,0.10403,0.10338,0.10391,6382358.3
1779260400,0.1039,0.10398,0.10339,0.10349,4725607.9
1779264000,0.1035,0.10396,0.10337,0.10361,1900914.7
1779267600,0.10361,0.10384,0.1034,0.10357,969476.7
1779271200,0.10358,0.10403,0.10358,0.10377,4419071.8
1779274800,0.10378,0.10391,0.10339,0.10361,1447355.3
1779278400,0.10361,0.1044,0.10339,0.10405,4323932.9
1779282000,0.10407,0.10419,0.10295,0.10356,9056646.6
1779285600,0.10356,0.10447,0.10313,0.10426,14094714.0
1779289200,0.10425,0.10488,0.1038,0.10412,11261903.1
1779292800,0.10411,0.10449,0.10354,0.10431,11226727.7
1779296400,0.1043,0.10475,0.10405,0.1044,5817412.1
1779300000,0.10437,0.10454,0.10389,0.10397,6792516.6
1779303600,0.10394,0.1044,0.10392,0.10415,2584053.9
1779307200,0.10413,0.10432,0.10363,0.10403,3626495.9
1779310800,0.10405,0.10414,0.10368,0.10369,2254972.7
1779314400,0.10362,0.10364,0.10289,0.10341,12221263.1
1779318000,0.1034,0.10364,0.10318,0.1036,3305050.1
1779321600,0.1036,0.10454,0.10356,0.10447,14645330.2
1779325200,0.10447,0.10483,0.10431,0.10456,3659444.4
1779328800,0.10453,0.10518,0.1045,0.10501,3707356.4
1779332400,0.105,0.10574,0.10484,0.10559,7229628.6
1779336000,0.1056,0.10604,0.105,0.10548,9954563.4
1779339600,0.10547,0.10586,0.10527,0.10583,4132014.8
1779343200,0.1058,0.10597,0.10471,0.10497,9936418.8
1779346800,0.10495,0.10569,0.10479,0.10555,1725670.7
1779350400,0.10554,0.10629,0.10549,0.10568,5739732.8
1779354000,0.10568,0.10576,0.10501,0.10516,3846425.5
1779357600,0.10515,0.10526,0.10374,0.10396,10244387.1
1779361200,0.10395,0.10453,0.10379,0.1043,2281368.9
1779364800,0.10431,0.10476,0.10398,0.10445,3727358.9
1779368400,0.10447,0.10477,0.10373,0.10467,8089483.8
1779372000,0.10468,0.10483,0.10376,0.10414,9137089.6
1779375600,0.10412,0.10488,0.10387,0.10458,6833633.4
1779379200,0.1046,0.1048,0.10413,0.1044,3986600.7
1779382800,0.1044,0.10644,0.10426,0.10607,23822869.1
1779386400,0.10607,0.10622,0.10488,0.1054,11006520.2
1779390000,0.1054,0.10586,0.10533,0.10565,15428550.9
1779393600,0.10567,0.10599,0.1055,0.10557,7723213.6
1779397200,0.10558,0.10567,0.10533,0.1054,2119749.8
1779400800,0.1054,0.1055,0.10505,0.10528,10188267.2
1779404400,0.10527,0.10562,0.10507,0.10558,7018543.7
1779408000,0.10558,0.10561,0.10503,0.10505,5420466.0
1779411600,0.10503,0.10595,0.10493,0.10591,6945340.3
1779415200,0.10591,0.10622,0.10567,0.1059,3969800.8
1779418800,0.10592,0.10614,0.10564,0.10586,1909940.9
1779422400,0.10587,0.10608,0.10558,0.10564,3072604.2
1779426000,0.10566,0.10603,0.10541,0.10551,4220804.0
1779429600,0.1055,0.10561,0.10509,0.10519,2177902.0
1779433200,0.10517,0.10572,0.10481,0.10547,6031350.6
1779436800,0.10548,0.10589,0.10534,0.10569,7345076.5
1779440400,0.10567,0.10592,0.10542,0.10564,1322782.6
1779444000,0.10563,0.10579,0.10541,0.10568,818417.9
1779447600,0.10571,0.10633,0.10548,0.1063,2940612.0
1779451200,0.10633,0.10666,0.10605,0.10651,3987974.3
1779454800,0.10651,0.10661,0.1059,0.1064,5149224.1
1779458400,0.10637,0.10637,0.10515,0.10532,5479659.3
1779462000,0.10531,0.10625,0.10512,0.10597,8119962.6
1779465600,0.10595,0.10627,0.10559,0.1059,2007896.8
1779469200,0.10591,0.10614,0.1053,0.10533,3913403.8
1779472800,0.10534,0.1054,0.10314,0.10413,20839224.7
1779476400,0.1041,0.10437,0.10262,0.10331,24597162.0
1779480000,0.10334,0.104,0.1033,0.10388,8516181.4
1779483600,0.10384,0.10425,0.10379,0.10417,1807327.1
1779487200,0.10415,0.10422,0.10306,0.10339,3257701.0
1779490800,0.10339,0.10365,0.10145,0.10225,13037374.6
1779494400,0.10224,0.10226,0.1006,0.10122,21976636.4
1779498000,0.10124,0.10178,0.10124,0.10167,8587452.4
1779501600,0.10167,0.10174,0.10138,0.10163,9411585.5
1779505200,0.10163,0.1018,0.10153,0.10157,1227918.4
1779508800,0.10157,0.10164,0.10126,0.10137,4112051.9
1779512400,0.10137,0.10155,0.10101,0.10112,7941779.7
1779516000,0.10113,0.10121,0.10028,0.10075,13565783.1
1779519600,0.10076,0.10088,0.09722,0.0988,30340338.7
1779523200,0.09879,0.09968,0.09869,0.0996,18349261.6
1779526800,0.09961,0.09976,0.09928,0.09929,2576313.9
1779530400,0.09928,0.0996,0.09927,0.09943,1959899.0
1779534000,0.09939,0.09959,0.09914,0.09914,2790082.6
1779537600,0.09913,0.09917,0.09881,0.09904,3082177.3
1779541200,0.09904,0.10054,0.09904,0.10046,10891504.7
1779544800,0.10047,0.10105,0.1001,0.10094,11282861.0
1779548400,0.10096,0.10188,0.10077,0.10097,17512285.4
1779552000,0.10099,0.10134,0.10066,0.10106,9697630.3
1779555600,0.10107,0.10128,0.1009,0.10123,2226968.6
1779559200,0.10122,0.10265,0.10117,0.1022,10641655.1
1779562800,0.10222,0.10258,0.10203,0.10243,2093765.5
1779566400,0.10245,0.1047,0.10218,0.1047,19679594.7
1779570000,0.10471,0.10493,0.10307,0.10349,9147485.3
1779573600,0.10351,0.10383,0.10244,0.10277,14021172.2
1779577200,0.10279,0.10317,0.10274,0.103,4282349.2
1779580800,0.10302,0.10321,0.10263,0.103,9754586.9
1779584400,0.10301,0.10324,0.10295,0.10314,1731399.8
1779588000,0.10317,0.10326,0.10268,0.10301,3447121.0
1779591600,0.103,0.1032,0.10265,0.10282,2546416.5
1779595200,0.1029,0.10317,0.1028,0.10298,3110896.0
1779598800,0.10297,0.10298,0.10234,0.10275,5206530.3
1779602400,0.10278,0.1031,0.10254,0.10303,4358544.8
1779606000,0.10303,0.10311,0.10273,0.10277,1198594.7
1779609600,0.10278,0.10283,0.10253,0.10275,1212062.3
1779613200,0.10275,0.10318,0.10264,0.10312,4116694.0
1779616800,0.10311,0.10382,0.10279,0.10295,6105580.6
1779620400,0.10291,0.10352,0.1028,0.10321,8411389.0
1779624000,0.10322,0.10322,0.10266,0.10288,3364902.7
1779627600,0.10287,0.10319,0.10251,0.10278,2704713.5
1779631200,0.10277,0.10284,0.10112,0.10203,15122135.5
1779634800,0.10202,0.1021,0.10175,0.10182,2143753.8
1779638400,0.10182,0.10231,0.1018,0.10217,4031360.0
1779642000,0.10216,0.1024,0.10199,0.10227,3267778.0
1779645600,0.10228,0.10234,0.10178,0.10187,3801800.1
1779649200,0.10188,0.10206,0.10173,0.10197,1559734.3
1779652800,0.10197,0.10203,0.10156,0.10169,2862429.4
1779656400,0.10168,0.10193,0.1004,0.10052,13754089.4
1779660000,0.10054,0.10199,0.10053,0.10163,10563327.6
1779663600,0.10164,0.10241,0.10162,0.10215,3154100.6
1779667200,0.10216,0.10272,0.10216,0.10253,3112178.9
1779670800,0.1025,0.10254,0.10162,0.10168,2364789.9
1779674400,0.10168,0.10253,0.10168,0.10207,3152901.3
1779678000,0.10207,0.10219,0.10162,0.10188,7151303.3
1779681600,0.10192,0.10262,0.10169,0.10245,8403716.5
1779685200,0.10244,0.10297,0.10241,0.10284,2270600.7
1779688800,0.10286,0.10304,0.10232,0.10282,3122764.9
1779692400,0.10283,0.10317,0.10238,0.10268,3034009.3
1779696000,0.10268,0.10274,0.10247,0.10262,3419494.3
1779699600,0.10265,0.10281,0.10226,0.1026,5367338.5
1779703200,0.10259,0.10291,0.10253,0.10281,882766.9
1779706800,0.10281,0.10298,0.10256,0.10279,2378198.6
1779710400,0.10278,0.10301,0.10257,0.10273,4248079.3
1779714000,0.10273,0.10285,0.10261,0.10282,877906.7
1779717600,0.10283,0.10321,0.10275,0.10315,4620200.9
1779721200,0.10315,0.10352,0.10274,0.10289,7860043.5
1779724800,0.10289,0.10371,0.10272,0.1034,6406833.0
1779728400,0.10342,0.10355,0.10307,0.10315,2148562.8
1779732000,0.10313,0.10344,0.10295,0.10296,1088952.0
1779735600,0.10298,0.10304,0.10257,0.10268,2701344.8
1779739200,0.10268,0.1028,0.10226,0.10228,1874762.9
1779742800,0.10227,0.10255,0.10212,0.10225,5581754.1
1779746400,0.10225,0.10236,0.10161,0.10166,5199784.2
1779750000,0.10165,0.10219,0.10156,0.10205,3178595.4
1779753600,0.10204,0.10212,0.10055,0.10112,8031407.7
1779757200,0.10112,0.10127,0.10035,0.10058,6905296.7
1779760800,0.10058,0.1009,0.10042,0.10081,2801125.4
1779764400,0.10079,0.10104,0.1004,0.10104,3105371.3
1779768000,0.10102,0.10144,0.10087,0.10129,3562806.8
1779771600,0.1013,0.10201,0.10115,0.10167,1695150.0
1779775200,0.10166,0.10172,0.10123,0.10149,1312073.1
1779778800,0.10149,0.10149,0.10082,0.10107,2306133.4
1779782400,0.10107,0.10129,0.1009,0.10116,1335424.1
1779786000,0.10116,0.10137,0.10094,0.101,1560537.0
1779789600,0.10099,0.10244,0.10091,0.10222,6321031.6
1779793200,0.10221,0.10249,0.10202,0.10228,2630580.6
1779796800,0.10229,0.10269,0.10209,0.10263,3987033.9
1779800400,0.10263,0.10289,0.10176,0.10265,10099553.4
1779804000,0.10266,0.10374,0.10226,0.10276,9766286.2
1779807600,0.10276,0.10292,0.10127,0.10192,18853878.6
1779811200,0.10191,0.10199,0.10105,0.10136,10080293.4
1779814800,0.10134,0.10159,0.10016,0.10093,8880936.2
1779818400,0.10092,0.10134,0.10055,0.10069,4545425.7
1779822000,0.1007,0.10118,0.10034,0.10095,8538775.0
1779825600,0.10097,0.10126,0.10088,0.1011,2153197.0
1779829200,0.10109,0.10112,0.10048,0.10068,16721101.4
1779832800,0.10064,0.10107,0.10051,0.10086,2607909.3
1779836400,0.10087,0.10117,0.10087,0.10092,2436411.3
1779840000,0.10091,0.10173,0.1009,0.10166,4596074.8
1779843600,0.10165,0.10174,0.10124,0.10142,2421417.4
1779847200,0.10142,0.10145,0.10096,0.10142,4879684.7
1779850800,0.10144,0.1016,0.10092,0.10103,2853633.8
1779854400,0.10102,0.1015,0.10014,0.10145,13093708.9
1779858000,0.10146,0.10163,0.1012,0.10155,4033952.9
1779861600,0.10157,0.10214,0.10129,0.10207,4930511.7
1779865200,0.10207,0.10218,0.1018,0.10201,965639.6
1779868800,0.10202,0.10241,0.10186,0.10199,1748646.6
1779872400,0.102,0.10208,0.1015,0.10179,2220170.5
1779876000,0.10179,0.10205,0.10141,0.10155,1865512.2
1779879600,0.10154,0.10182,0.10149,0.10153,1841548.0
1779883200,0.10155,0.10225,0.10103,0.10193,5698844.1
1779886800,0.10194,0.10198,0.10054,0.1014,10358749.7
1779890400,0.10142,0.10171,0.10068,0.10141,8346092.2
1779894000,0.10141,0.10318,0.10137,0.10239,15807487.3
1779897600,0.1024,0.10266,0.10143,0.10185,8234270.8
1779901200,0.10185,0.10185,0.10079,0.10108,6570097.2
1779904800,0.10107,0.10168,0.10073,0.10165,11468384.5
1779908400,0.10165,0.1021,0.10156,0.10199,4170332.4
1779912000,0.102,0.10222,0.10171,0.10197,2687811.7
1779915600,0.10195,0.10195,0.09921,0.10027,13639253.2
1779919200,0.10027,0.10084,0.09998,0.10027,13812287.0
1779922800,0.10027,0.1006,0.09986,0.10035,6381800.3
1779926400,0.10034,0.10069,0.10018,0.10039,5798885.0
1779930000,0.1004,0.10046,0.09966,0.10034,6436060.2
1779933600,0.10035,0.10047,0.09995,0.10003,3494928.3
1779937200,0.10003,0.10004,0.09784,0.09807,35193525.8
1779940800,0.09806,0.0982,0.09696,0.09806,25741043.8
1779944400,0.09806,0.09815,0.09703,0.09738,12886685.6
1779948000,0.09737,0.09799,0.09726,0.09783,4020531.6
1779951600,0.09785,0.09867,0.09765,0.09859,6984796.8
1779955200,0.09857,0.09858,0.09796,0.09811,4032370.3
1779958800,0.09813,0.09863,0.09812,0.09853,2014091.5
1779962400,0.09852,0.09868,0.09794,0.09794,4040952.4
1779966000,0.09796,0.09807,0.09762,0.09793,4941534.4
1779969600,0.09794,0.098,0.09727,0.09793,8875256.1
1779973200,0.09793,0.09821,0.09719,0.09759,11655585.8
1779976800,0.09758,0.09854,0.09635,0.09815,29516826.3
1779980400,0.09812,0.09855,0.09741,0.09829,8843292.2
1779984000,0.09828,0.09929,0.09778,0.09926,15918415.0
1779987600,0.09927,0.10025,0.09902,0.09981,15109534.8
1779991200,0.0998,0.10037,0.09977,0.10007,9903876.2
1779994800,0.10005,0.10007,0.09935,0.09937,5740087.1
1779998400,0.09938,0.09995,0.099,0.0996,6390057.8
1780002000,0.09962,0.10036,0.09954,0.09987,11680736.8
1780005600,0.09988,0.10008,0.09912,0.09933,7221825.9
1780009200,0.09933,0.09969,0.09928,0.0995,5948596.0
1780012800,0.09951,0.09997,0.09946,0.09976,4083781.0
1780016400,0.09977,0.09995,0.09922,0.09942,4422481.6
1780020000,0.09942,0.09956,0.09872,0.09882,5757788.3
1780023600,0.09883,0.09943,0.09883,0.09892,3993472.2
1780027200,0.09894,0.09912,0.09849,0.09911,3341024.2
1780030800,0.09912,0.09949,0.09904,0.09944,2777929.7
1780034400,0.09944,0.09973,0.09913,0.09944,3992823.1
1780038000,0.09945,0.09961,0.09894,0.0995,8436714.4
1780041600,0.0995,0.09978,0.09931,0.09936,4324365.7
1780045200,0.09936,0.09974,0.09929,0.0996,1424678.7
1780048800,0.09959,0.0996,0.09928,0.09957,1898536.1
1780052400,0.09953,0.09956,0.09857,0.09898,2646419.9
1780056000,0.09896,0.09899,0.09831,0.09851,6372691.9
1780059600,0.0985,0.09862,0.09788,0.09825,14313023.0
1780063200,0.09826,0.09898,0.0973,0.09877,29021091.8
1780066800,0.09878,0.10105,0.09863,0.10029,29417716.2
1780070400,0.10026,0.1008,0.09975,0.10044,17607172.3
1780074000,0.10045,0.10074,0.10006,0.10021,11114858.3
1780077600,0.1002,0.10043,0.09921,0.09959,6617102.3
1780081200,0.09959,0.10008,0.09906,0.09995,3870033.3
1780084800,0.09996,0.1002,0.09978,0.09997,2121724.1
1780088400,0.09996,0.10037,0.09944,0.09945,3662016.7
1780092000,0.09946,0.09984,0.09927,0.09967,7954858.2
1780095600,0.09969,0.09989,0.09933,0.09967,8262624.2
1780099200,0.09966,0.10008,0.09935,0.09998,6108682.3
1780102800,0.09999,0.10089,0.09989,0.10089,6912950.1
1780106400,0.1009,0.10148,0.10089,0.10142,7759900.9
1780110000,0.10143,0.10168,0.10089,0.10095,9552329.4
1780113600,0.10098,0.10121,0.10007,0.10064,8939932.8
1780117200,0.10062,0.10132,0.10058,0.10131,4434453.0
1780120800,0.10132,0.10161,0.10111,0.10127,4412049.3
1780124400,0.10127,0.10132,0.10089,0.10114,1933904.0
1780128000,0.10112,0.10119,0.10067,0.10067,2958506.7
1780131600,0.10068,0.10092,0.10057,0.10081,1172922.9
1780135200,0.10081,0.10092,0.10062,0.10069,2225191.7
1780138800,0.10068,0.10081,0.10042,0.10072,1029480.0
1780142400,0.10071,0.10082,0.10057,0.10081,914619.9
1780146000,0.10081,0.10099,0.10059,0.10084,1865021.9
1780149600,0.10085,0.10143,0.10085,0.10106,6496324.7
1780153200,0.10108,0.1014,0.10095,0.10119,3221561.4
1780156800,0.1012,0.10153,0.10115,0.1014,2014784.3
1780160400,0.10141,0.10146,0.10102,0.10142,2139875.2
1780164000,0.10142,0.10154,0.10112,0.10135,4553846.9
1780167600,0.10136,0.10137,0.10107,0.10125,1329521.2
1780171200,0.10126,0.1014,0.10107,0.10116,6092706.3
1780174800,0.10115,0.10139,0.10109,0.10113,1237551.0
1780178400,0.10114,0.10114,0.10029,0.10054,6440271.8
1780182000,0.10053,0.10068,0.10023,0.10047,2263141.3
1780185600,0.10047,0.10079,0.10031,0.10072,3238534.8
1780189200,0.10072,0.10106,0.10067,0.1007,2070177.9
1780192800,0.1007,0.10126,0.10064,0.10105,4335069.2
1780196400,0.10104,0.10122,0.10096,0.10116,9625613.3
1780200000,0.10117,0.10121,0.10095,0.1011,3906254.6
1780203600,0.10112,0.10112,0.1007,0.10079,700079.0
1780207200,0.10078,0.1008,0.10059,0.10071,3900763.6
1780210800,0.10072,0.10072,0.10007,0.10046,1710040.4
1780214400,0.10047,0.10065,0.10033,0.10047,689360.4
1780218000,0.10048,0.10067,0.10029,0.1004,978004.3
1780221600,0.10041,0.10049,0.1001,0.10049,673623.5
1780225200,0.10049,0.10087,0.10049,0.10065,847589.2
1780228800,0.10067,0.10082,0.10049,0.10074,909403.2
1780232400,0.10074,0.10107,0.10067,0.10073,1025702.0
1780236000,0.10072,0.10076,0.09944,0.09989,10339943.5
1780239600,0.09987,0.10029,0.09972,0.09973,5980945.7
1780243200,0.09971,0.09985,0.09895,0.09918,6747069.3
1780246800,0.09918,0.09948,0.09899,0.09931,4503010.6
1780250400,0.09933,0.09944,0.09913,0.09938,1859239.1
1780254000,0.09939,0.09948,0.09901,0.09945,2056351.7
1780257600,0.09945,0.09983,0.09943,0.09974,3495714.7
1780261200,0.09973,0.10031,0.09952,0.10021,5143421.4
1780264800,0.10022,0.1005,0.0999,0.1003,2759079.0
1780268400,0.10031,0.10086,0.09975,0.10029,3338447.8
1780272000,0.10029,0.101,0.10009,0.10078,7360871.3
1780275600,0.10079,0.10082,0.09968,0.09968,4141236.5
1780279200,0.09968,0.10108,0.09958,0.10089,7102481.2
1780282800,0.10088,0.10141,0.10086,0.10099,6423486.9
1780286400,0.10097,0.10117,0.09995,0.10056,6563074.2
1780290000,0.10056,0.1006,0.09986,0.10015,3199075.4
1780293600,0.10018,0.10023,0.09961,0.10003,2790797.4
1780297200,0.10003,0.10009,0.09901,0.09907,8391244.9
1780300800,0.09909,0.09976,0.09897,0.0997,5346805.9
1780304400,0.09971,0.10017,0.09971,0.09994,5051504.7
1780308000,0.09995,0.10022,0.09965,0.10007,5320206.4
1780311600,0.10008,0.10018,0.09957,0.09981,2421202.8
1780315200,0.09982,0.1,0.09911,0.09982,5646351.9
1780318800,0.09983,0.09997,0.09826,0.09899,24339789.2
1780322400,0.099,0.09926,0.09834,0.09853,13870674.4
1780326000,0.09854,0.09878,0.09783,0.09816,16776720.1
1780329600,0.09815,0.09944,0.09761,0.09941,9450879.0
1780333200,0.09942,0.1003,0.09933,0.1,9603613.2
1780336800,0.09999,0.10028,0.09962,0.09981,5090189.7
1780340400,0.09981,0.1005,0.09963,0.1005,6422606.9
1780344000,0.10049,0.10074,0.10019,0.1005,8754156.4
1780347600,0.10049,0.1005,0.09963,0.0997,8563896.7
1780351200,0.09975,0.10083,0.09939,0.1007,9635043.1
1780354800,0.1007,0.10099,0.10033,0.10098,6734030.2
1780358400,0.10095,0.1011,0.10048,0.10073,4297606.4
1780362000,0.10074,0.10089,0.09984,0.09996,8865141.4
1780365600,0.1,0.10068,0.0993,0.10068,7283980.8
1780369200,0.10069,0.10085,0.10042,0.10077,6055099.1
1780372800,0.1008,0.1009,0.10007,0.10012,8131408.2
1780376400,0.10011,0.10016,0.09931,0.09937,7472988.1
1780380000,0.09938,0.09955,0.09876,0.0991,8009250.5
1780383600,0.09911,0.09943,0.0985,0.09908,3924020.0
1780387200,0.09909,0.09934,0.09889,0.09908,3207339.4
1780390800,0.09909,0.09913,0.09836,0.09865,5193707.4
1780394400,0.09865,0.09923,0.09848,0.09918,4106563.0
1780398000,0.09914,0.0992,0.09856,0.09864,7939270.3
1780401600,0.09863,0.09883,0.0983,0.09858,4257171.2
1780405200,0.0986,0.09885,0.09808,0.09827,10858430.0
1780408800,0.09824,0.09824,0.09523,0.09614,34161433.2
1780412400,0.09617,0.0963,0.09346,0.09472,28521934.0
1780416000,0.0947,0.09621,0.09444,0.09513,16337578.2
1780419600,0.09515,0.09594,0.09511,0.09548,6087524.7
1780423200,0.0955,0.09577,0.09391,0.09435,11655823.8
1780426800,0.09436,0.09454,0.09235,0.09393,20260384.8
1780430400,0.09394,0.09439,0.0932,0.09409,8425250.7
1780434000,0.09408,0.09481,0.0938,0.09409,7531199.9
1780437600,0.0941,0.09411,0.09171,0.0921,22255960.3
1780441200,0.09211,0.09276,0.09106,0.09262,24607550.5
1780444800,0.09263,0.09342,0.09243,0.09309,9396110.7
1780448400,0.09308,0.09324,0.09224,0.09305,9004344.8
1780452000,0.09303,0.09304,0.09238,0.09263,10705509.8
1780455600,0.09265,0.09277,0.09071,0.09144,19203697.1
1780459200,0.09145,0.09277,0.09145,0.09275,9911546.3
1780462800,0.09276,0.09415,0.09276,0.09387,20714200.6
1780466400,0.09388,0.09441,0.09367,0.09373,9738852.3
1780470000,0.09372,0.09441,0.0936,0.094,5072390.7
1780473600,0.09401,0.09407,0.09361,0.09387,4384575.7
1780477200,0.09387,0.0941,0.09332,0.09368,8907952.9
1780480800,0.09369,0.09436,0.09363,0.09416,7038837.5
1780484400,0.09415,0.0944,0.09361,0.09384,8284465.6
1780488000,0.09385,0.0942,0.09358,0.094,4573369.3
1780491600,0.09401,0.09427,0.09364,0.09406,9368251.7
1780495200,0.09404,0.09412,0.093,0.09358,10012380.9
1780498800,0.09358,0.09373,0.09261,0.09264,8449492.1
1780502400,0.09266,0.0929,0.09145,0.09228,14717879.4
1780506000,0.09229,0.09294,0.09149,0.09248,14439305.2
1780509600,0.09249,0.0929,0.09192,0.09275,7363337.7
1780513200,0.09276,0.09285,0.09147,0.09167,10126425.5
1780516800,0.09165,0.09227,0.09045,0.09102,22865988.8
1780520400,0.09102,0.09296,0.09078,0.09284,17491916.2
1780524000,0.09283,0.09314,0.09169,0.09196,10776451.1
1780527600,0.09197,0.09199,0.091,0.09126,20797575.7
1780531200,0.09125,0.09173,0.08976,0.09059,24303317.5
1780534800,0.09059,0.09101,0.0881,0.08841,26500824.6
1780538400,0.08842,0.08984,0.08574,0.08928,55268609.2
1780542000,0.08929,0.09143,0.08928,0.09123,17146342.5
1780545600,0.09119,0.09149,0.09056,0.09066,9527102.1
1780549200,0.09065,0.09065,0.08941,0.08996,11354636.0
1780552800,0.08996,0.09088,0.08956,0.08969,6785819.9
1780556400,0.0897,0.08976,0.08866,0.08866,10001847.6
1780560000,0.08868,0.0891,0.08788,0.08867,8948596.4
1780563600,0.08868,0.08868,0.08684,0.08789,11757399.9
1780567200,0.08789,0.08789,0.08658,0.08696,37110507.0
1780570800,0.08697,0.08799,0.08675,0.08784,14677332.1
1780574400,0.08783,0.08959,0.08756,0.08943,16320281.4
1780578000,0.08943,0.0895,0.08794,0.08933,18035804.6
1780581600,0.08934,0.08961,0.08886,0.08925,13326709.9
1780585200,0.08924,0.09007,0.08906,0.08945,13771117.4
1780588800,0.08944,0.08948,0.08864,0.0891,8158947.9
1780592400,0.08908,0.08947,0.08834,0.08922,14098654.5
1780596000,0.08926,0.08992,0.08846,0.0894,10207926.7
1780599600,0.08938,0.08971,0.08869,0.08894,12546064.4
1780603200,0.08895,0.08898,0.08827,0.08865,7812754.0
1780606800,0.08865,0.08896,0.08694,0.08719,7833969.0
1780610400,0.08718,0.08811,0.08688,0.08803,14519545.1
1780614000,0.08802,0.08856,0.08744,0.08834,12543784.2
1780617600,0.08832,0.08867,0.08763,0.08772,13627844.1
1780621200,0.0877,0.0882,0.08691,0.08784,8860400.3
1780624800,0.08783,0.08788,0.08601,0.08609,11507289.2
1780628400,0.08612,0.08683,0.08573,0.08584,14740377.4
1780632000,0.08585,0.08706,0.08562,0.08673,25735075.6
1780635600,0.08674,0.08695,0.0848,0.08499,21757394.3
1780639200,0.085,0.08518,0.08197,0.08367,56224537.1
1780642800,0.08364,0.08499,0.08223,0.0849,29914385.4
1780646400,0.08491,0.08491,0.08324,0.0835,12515834.5
1780650000,0.08351,0.08493,0.08351,0.08493,21734051.4
1780653600,0.08493,0.08529,0.08438,0.08466,7285124.8
1780657200,0.08465,0.08489,0.08394,0.08395,12749641.8
1780660800,0.08394,0.08424,0.0828,0.08352,19504255.0
1780664400,0.08355,0.08483,0.08191,0.08195,29609880.9
1780668000,0.08197,0.08353,0.08131,0.08267,34051161.8
1780671600,0.08271,0.08281,0.08086,0.0815,35271835.5
1780675200,0.08149,0.08336,0.08021,0.08316,38128428.9
1780678800,0.08315,0.0834,0.08211,0.08254,14863827.8
1780682400,0.08254,0.08291,0.07963,0.07995,47146427.7
1780686000,0.07994,0.08177,0.07894,0.08098,39687157.4
1780689600,0.08098,0.08278,0.08004,0.0825,24757516.7
1780693200,0.08249,0.08356,0.08236,0.08311,21576282.4
1780696800,0.0831,0.08313,0.08201,0.08278,17249240.3
1780700400,0.08278,0.08312,0.08048,0.08145,20478447.1
1780704000,0.08145,0.083,0.08145,0.08276,6774514.1
1780707600,0.08276,0.08294,0.08179,0.08188,4043681.1
1780711200,0.08187,0.08195,0.08106,0.08145,4641659.0
1780714800,0.08144,0.08144,0.0805,0.08103,7648798.2
1780718400,0.08102,0.08145,0.07782,0.07856,24468649.8
1780722000,0.07862,0.08076,0.07764,0.08047,25934384.5
1780725600,0.08047,0.08144,0.08022,0.08031,9960599.5
1780729200,0.08032,0.08174,0.08019,0.0814,5145682.1
1780732800,0.08139,0.08242,0.0811,0.08217,3168556.2
1780736400,0.08217,0.08251,0.08108,0.08132,3912823.9
1780740000,0.08129,0.08129,0.07987,0.08055,17393241.0
1780743600,0.08054,0.08156,0.08047,0.08122,7296298.4
1780747200,0.08123,0.08235,0.08091,0.08194,16985525.3
1780750800,0.08193,0.08237,0.08143,0.0818,4513639.0
1780754400,0.08181,0.08259,0.08171,0.08193,9957407.5
1780758000,0.08194,0.08208,0.08085,0.08157,18238713.5
1780761600,0.08156,0.082,0.08065,0.0812,7562523.2
1780765200,0.08117,0.08133,0.08042,0.08063,23838508.6
1780768800,0.08064,0.08131,0.08051,0.08094,4313768.4
1780772400,0.08093,0.08136,0.08064,0.08067,5220173.2
1780776000,0.08066,0.08094,0.08043,0.08084,6637415.7
1780779600,0.08085,0.08167,0.08083,0.08115,8556699.3
1780783200,0.08113,0.08159,0.08098,0.08131,2580679.5
1780786800,0.0813,0.08192,0.08117,0.0819,6818218.3
1780790400,0.08191,0.0821,0.08161,0.08171,2360207.2
1780794000,0.08171,0.0838,0.08166,0.08347,11156132.6
1780797600,0.08348,0.08364,0.08278,0.08339,4366663.7
1780801200,0.08339,0.08368,0.08319,0.08351,3157144.0
1780804800,0.08352,0.08393,0.08293,0.08383,4527100.1
1780808400,0.08384,0.08421,0.0836,0.08389,7771254.0
1780812000,0.08388,0.08482,0.08364,0.08456,8803010.1
1780815600,0.08454,0.08498,0.08436,0.08485,3984326.9
1780819200,0.08486,0.08564,0.08449,0.08551,10269851.2
1780822800,0.08551,0.086,0.0847,0.08474,7089475.4
1780826400,0.08475,0.08482,0.08411,0.08434,2910285.4
1780830000,0.08435,0.08479,0.08415,0.08454,3199329.6
1780833600,0.08454,0.08459,0.08318,0.08375,13216300.3
1780837200,0.08372,0.08399,0.0836,0.08382,3298254.6
1780840800,0.08382,0.08494,0.08381,0.0845,4426672.7
1780844400,0.08449,0.08491,0.08424,0.08461,2686125.1
1780848000,0.08461,0.08493,0.08447,0.08476,5403460.5
1780851600,0.08476,0.08525,0.0846,0.08481,4309077.2
1780855200,0.08482,0.08495,0.0843,0.08431,1380165.1
1780858800,0.08432,0.08435,0.08293,0.08332,7677032.5
1780862400,0.08329,0.08428,0.08309,0.08414,3610262.0
1780866000,0.08413,0.08418,0.08352,0.08398,1912002.8
1780869600,0.08399,0.08756,0.08376,0.08548,45630984.1
1780873200,0.08547,0.08643,0.08542,0.08625,9672216.1
1780876800,0.08622,0.08679,0.08573,0.08636,9908853.3
1780880400,0.08636,0.08647,0.08478,0.08566,11916904.0
1780884000,0.08567,0.0859,0.08534,0.08585,4555229.9
1780887600,0.08585,0.08627,0.08551,0.08589,6110016.0
1780891200,0.0859,0.08593,0.08481,0.08488,7117215.4
1780894800,0.08488,0.08508,0.08432,0.08475,3364922.5
1780898400,0.08475,0.08535,0.08475,0.08519,3469313.3
1780902000,0.08518,0.08573,0.08491,0.08559,3276281.0
1780905600,0.08557,0.08557,0.08484,0.0851,2174026.4
1780909200,0.08512,0.08587,0.08506,0.08586,5550548.7
1780912800,0.08587,0.08595,0.08521,0.08559,10688362.9
1780916400,0.08558,0.08674,0.08541,0.08632,6239913.6
1780920000,0.08634,0.08694,0.08574,0.08678,12507852.6
1780923600,0.08679,0.08689,0.086,0.08629,9569362.0
1780927200,0.08631,0.08678,0.08609,0.08665,11670348.1
1780930800,0.08667,0.08743,0.08665,0.08693,12020917.2
1780934400,0.08694,0.08747,0.08635,0.08642,8831581.4
1780938000,0.08644,0.0868,0.08608,0.08677,6363799.6
1780941600,0.08678,0.08721,0.08657,0.0868,3388987.5
1780945200,0.08679,0.08706,0.08663,0.08678,4240341.6
1780948800,0.08679,0.08681,0.08629,0.08674,6482604.0
1780952400,0.08675,0.08748,0.08674,0.08706,22039744.3
1780956000,0.08705,0.08709,0.08666,0.08698,31120263.1
1780959600,0.08697,0.08719,0.08611,0.08631,9524015.4
1780963200,0.08629,0.08645,0.08458,0.0848,19940963.0
1780966800,0.08479,0.08533,0.08471,0.08509,3451080.0
1780970400,0.08508,0.08529,0.08454,0.08529,2839196.1
1780974000,0.0853,0.08546,0.08489,0.08525,2278261.5
1780977600,0.08524,0.08641,0.08503,0.08611,10792128.0
1780981200,0.08614,0.08668,0.0859,0.08647,1532369.0
1780984800,0.08643,0.08668,0.08625,0.08634,2028987.4
1780988400,0.08635,0.0866,0.08593,0.08639,3029283.3
1780992000,0.08639,0.08639,0.08571,0.08579,4673883.8
1780995600,0.08579,0.08601,0.08522,0.0854,3569455.5
1780999200,0.08539,0.08556,0.08519,0.08547,5708607.2
1781002800,0.08545,0.08555,0.08513,0.08548,2051036.2
1781006400,0.08547,0.08589,0.08545,0.08582,4561631.9
1781010000,0.08581,0.08609,0.08519,0.08564,8544456.3
1781013600,0.08563,0.08586,0.08428,0.08498,22333339.5
1781017200,0.08498,0.08526,0.08402,0.08405,16481942.0
1781020800,0.08404,0.0844,0.08309,0.08428,22282283.0
1781024400,0.0843,0.08541,0.08426,0.08472,9289862.6
1781028000,0.08474,0.08518,0.08453,0.08484,3822322.0
1781031600,0.08483,0.0853,0.08464,0.08515,9550644.8
1781035200,0.08514,0.08554,0.08507,0.08552,3915479.6
1781038800,0.08552,0.08561,0.08456,0.0848,8566050.5
1781042400,0.0848,0.08507,0.08445,0.08449,2464039.2
1781046000,0.08449,0.08489,0.08438,0.08475,3848327.0
1781049600,0.08475,0.08511,0.08414,0.08501,3110640.2
1781053200,0.08499,0.0851,0.08441,0.08462,2144824.2
1781056800,0.08462,0.08474,0.08363,0.08377,4375312.1
1781060400,0.08376,0.0842,0.08376,0.0839,1295000.8
1781064000,0.0839,0.08406,0.08342,0.08355,1932402.7
1781067600,0.08355,0.08369,0.08321,0.0835,4728527.2
1781071200,0.08349,0.08379,0.08322,0.08356,10073956.5
1781074800,0.08357,0.08432,0.08354,0.08415,5225780.6
1781078400,0.08418,0.08418,0.08316,0.08335,7938233.0
1781082000,0.08336,0.08358,0.08269,0.08345,3247411.8
1781085600,0.08345,0.08384,0.08319,0.08365,1898310.4
1781089200,0.08364,0.08368,0.08278,0.08317,7210052.2
1781092800,0.08317,0.08452,0.08298,0.08381,12163375.7
1781096400,0.08381,0.08513,0.08371,0.08453,8531115.1
1781100000,0.08454,0.08471,0.08392,0.08448,5991512.7
1781103600,0.08446,0.0854,0.08395,0.08508,8868773.8
1781107200,0.08508,0.08516,0.08368,0.08408,8076220.1
1781110800,0.08408,0.08443,0.0833,0.08383,6435288.2
1781114400,0.08383,0.08397,0.0832,0.08383,4946705.4
1781118000,0.08383,0.08386,0.08295,0.08306,5352134.5
1781121600,0.08306,0.08324,0.0826,0.08279,9187533.3
1781125200,0.08278,0.08278,0.08175,0.08209,5337468.8
1781128800,0.08209,0.08261,0.08179,0.08228,8424176.3
1781132400,0.08229,0.08304,0.08207,0.08288,10527795.4
1781136000,0.08289,0.08357,0.08289,0.08334,7854562.2
1781139600,0.08336,0.08439,0.08334,0.08418,4435163.3
1781143200,0.0842,0.08428,0.08352,0.08405,3972384.7
1781146800,0.08406,0.08519,0.0838,0.08493,6124554.3
1781150400,0.08494,0.08531,0.08471,0.08508,2106535.7
1781154000,0.08507,0.08507,0.08469,0.08471,1872109.4
1781157600,0.08471,0.08506,0.08451,0.08463,2433734.3
1781161200,0.08464,0.08494,0.08457,0.08476,1681428.8
1781164800,0.08477,0.08538,0.08477,0.08514,1695471.9
1781168400,0.08515,0.08516,0.08469,0.085,1724824.8
1781172000,0.085,0.08517,0.08485,0.08508,4181738.4
1781175600,0.08507,0.0855,0.08486,0.08521,5805195.6
1781179200,0.0852,0.08525,0.08416,0.0847,12701851.0
1781182800,0.08467,0.08515,0.08442,0.08491,7768690.1
1781186400,0.08492,0.08535,0.08455,0.08492,5372639.2
1781190000,0.08491,0.08511,0.08451,0.08484,7697868.8
1781193600,0.08485,0.08502,0.08451,0.08464,3470443.0
1781197200,0.08462,0.08674,0.08429,0.08663,14208758.1
1781200800,0.08665,0.08691,0.08614,0.08639,6714769.1
1781204400,0.08639,0.08698,0.08609,0.08642,10278480.1
1781208000,0.08641,0.08654,0.08592,0.08623,5108753.2
1781211600,0.08624,0.08665,0.08621,0.08635,3888174.9
1781215200,0.08633,0.08661,0.08619,0.08623,2736251.2
1781218800,0.08623,0.08642,0.0859,0.08598,4076915.5
1781222400,0.08599,0.0861,0.08577,0.08581,2859677.2
1781226000,0.0858,0.08605,0.08544,0.08581,4295747.8
1781229600,0.08582,0.08645,0.08582,0.08627,4378061.2
1781233200,0.08628,0.08647,0.08605,0.08647,5253880.6
1781236800,0.08648,0.087,0.08633,0.08689,8042894.3
1781240400,0.08688,0.08732,0.08656,0.08665,13705543.8
1781244000,0.08663,0.08695,0.085,0.08531,11744475.3
1781247600,0.08531,0.08591,0.08531,0.08583,7716643.8
1781251200,0.08585,0.08661,0.08585,0.08658,4349148.5
1781254800,0.08656,0.08718,0.08645,0.08693,3215504.1
1781258400,0.08691,0.08697,0.08625,0.08651,3474149.3
1781262000,0.08652,0.08687,0.08638,0.08686,3147401.1
1781265600,0.08683,0.08719,0.08669,0.08694,3742378.3
1781269200,0.08695,0.08726,0.08657,0.08691,11971677.2
1781272800,0.08692,0.09239,0.08687,0.09053,52480828.0
1781276400,0.09051,0.09077,0.08714,0.08739,35278816.4
1781280000,0.0874,0.08872,0.08716,0.08872,18126211.2
1781283600,0.08873,0.08899,0.08772,0.08785,7694022.8
1781287200,0.08786,0.08804,0.08741,0.08754,6480412.9
1781290800,0.08756,0.08808,0.08729,0.08739,4628234.9
1781294400,0.08739,0.0878,0.08731,0.08744,4527058.8
1781298000,0.08744,0.08768,0.0865,0.08667,9399873.0
1781301600,0.08667,0.08679,0.08612,0.08628,5121975.0
1781305200,0.0863,0.0863,0.08554,0.08594,8150235.7
1781308800,0.08593,0.08617,0.08576,0.08608,3385536.1
1781312400,0.08607,0.08675,0.08605,0.08671,4658082.6
1781316000,0.08673,0.08686,0.0862,0.08642,3010672.0
1781319600,0.0864,0.08653,0.08604,0.08625,2233784.0
1781323200,0.08624,0.08643,0.08599,0.0861,1371887.2
1781326800,0.08611,0.08625,0.08577,0.08611,3962310.7
1781330400,0.08612,0.08672,0.08605,0.0866,3672925.1
1781334000,0.0866,0.08717,0.0864,0.08702,6122355.6
1781337600,0.08701,0.08733,0.08685,0.08712,1678434.5
1781341200,0.08713,0.0874,0.08691,0.08712,2529579.1
1781344800,0.0871,0.08745,0.08708,0.08726,1263657.7
1781348400,0.08726,0.08792,0.0872,0.08788,2104873.9
1781352000,0.08787,0.0887,0.08767,0.0885,6729298.8
1781355600,0.08851,0.08852,0.08796,0.08806,9159245.3
1781359200,0.08805,0.08838,0.088,0.0883,4149921.8
1781362800,0.08831,0.08877,0.08822,0.0883,3856678.8
1781366400,0.08831,0.08832,0.08748,0.08786,6986516.0
1781370000,0.08782,0.08788,0.08731,0.08759,6140912.8
1781373600,0.08758,0.08784,0.08753,0.08764,1713196.9
1781377200,0.08763,0.08785,0.08746,0.08759,2660718.5
1781380800,0.08759,0.08774,0.08748,0.08764,1343706.9
1781384400,0.08763,0.08858,0.08758,0.08814,4618039.5
1781388000,0.08812,0.08815,0.08776,0.0878,1906888.9
1781391600,0.0878,0.088,0.0877,0.08785,1544653.2
1781395200,0.08781,0.08789,0.08754,0.08766,1951399.3
1781398800,0.08765,0.08797,0.08755,0.08777,1553646.3
1781402400,0.08776,0.08805,0.08773,0.08788,1576863.0
1781406000,0.08787,0.08812,0.08776,0.08805,1188042.9
1781409600,0.08806,0.0881,0.08737,0.08756,1097918.4
1781413200,0.08757,0.08773,0.08722,0.08758,927402.0
1781416800,0.08759,0.08781,0.08737,0.08747,1040601.4
1781420400,0.08746,0.08746,0.08698,0.08715,3356172.7
1781424000,0.08714,0.08741,0.087,0.08715,2606243.1
1781427600,0.08717,0.08739,0.08672,0.08737,1519780.5
1781431200,0.08736,0.08743,0.08703,0.08707,605421.5
1781434800,0.08706,0.08722,0.08697,0.08699,498560.1
1781438400,0.08699,0.08704,0.08635,0.08653,3233986.4
1781442000,0.08652,0.08664,0.08617,0.08645,4378489.5
1781445600,0.08646,0.0865,0.08565,0.08602,6347141.8
1781449200,0.08603,0.08628,0.08587,0.08625,4487492.4
1781452800,0.08625,0.08662,0.08625,0.08641,3620036.6
1781456400,0.0864,0.08659,0.0862,0.08631,2555259.5
1781460000,0.08632,0.08641,0.0861,0.08631,2358077.5
1781463600,0.08631,0.08658,0.08619,0.08637,1052352.1
1781467200,0.08637,0.0869,0.08626,0.08661,1713536.6
1781470800,0.08661,0.08904,0.08656,0.0885,10709216.4
1781474400,0.08852,0.08875,0.08793,0.08834,10185582.6
1781478000,0.08834,0.08892,0.08804,0.08883,5267061.1
1781481600,0.08884,0.08911,0.08847,0.08877,6877939.1
1781485200,0.08877,0.08884,0.08821,0.08837,5222898.0
1781488800,0.08837,0.08916,0.08832,0.0887,3716470.2
1781492400,0.0887,0.08909,0.08863,0.08893,3930044.8
1781496000,0.08892,0.08897,0.0885,0.0885,1951611.6
1781499600,0.0885,0.08891,0.08843,0.08868,1690491.3
1781503200,0.08868,0.08893,0.08856,0.08867,1442699.8
1781506800,0.08867,0.08873,0.08833,0.08847,2377075.2
1781510400,0.08847,0.08888,0.08839,0.08847,1515921.5
1781514000,0.08848,0.08869,0.08809,0.08853,2722014.0
1781517600,0.08853,0.08933,0.0884,0.08914,12898645.6
1781521200,0.08913,0.09005,0.08898,0.08967,10604337.3
1781524800,0.08966,0.09017,0.08948,0.09002,7033686.4
1781528400,0.09004,0.09085,0.08993,0.09027,11691806.5
1781532000,0.09027,0.09027,0.08904,0.08944,17025855.4
1781535600,0.08945,0.09069,0.08915,0.09063,6177378.0
1781539200,0.09063,0.09063,0.09,0.09001,6695059.5
1781542800,0.09004,0.09004,0.08925,0.08962,11896399.8
1781546400,0.08963,0.08969,0.08919,0.0892,7683276.1
1781550000,0.08921,0.08969,0.08853,0.08894,9237429.2
1781553600,0.08892,0.08919,0.08867,0.08894,4773401.0
1781557200,0.08894,0.08914,0.0886,0.0888,4289145.3
1781560800,0.08881,0.08892,0.08778,0.08796,15349892.1
1781564400,0.08798,0.08821,0.08774,0.08806,4030585.0
1781568000,0.08806,0.08826,0.08762,0.08771,2327023.1
1781571600,0.08769,0.08807,0.08768,0.08779,2217449.8
1781575200,0.08778,0.08793,0.08674,0.08693,8913993.6
1781578800,0.08693,0.08749,0.08683,0.08744,6248471.1
1781582400,0.08745,0.08754,0.08669,0.08689,2607644.1
1781586000,0.08688,0.08729,0.08687,0.08722,3565038.8
1781589600,0.08727,0.08768,0.08723,0.08758,2367327.7
1781593200,0.08759,0.08779,0.08742,0.08779,1928731.3
1781596800,0.08778,0.08903,0.08757,0.0888,23198034.4
1781600400,0.08877,0.08889,0.08837,0.08848,3573391.6
1781604000,0.08848,0.0886,0.08817,0.0882,2482328.3
1781607600,0.08824,0.08837,0.08778,0.08813,3480249.1
1781611200,0.08813,0.08885,0.08787,0.08836,8484690.7
1781614800,0.08834,0.08843,0.08715,0.08733,13348566.6
1781618400,0.08736,0.08768,0.08615,0.08658,12452900.2
1781622000,0.08656,0.08733,0.08649,0.08711,5029734.7
1781625600,0.0871,0.08723,0.08631,0.08649,6519226.4
1781629200,0.0865,0.08731,0.08645,0.0872,2429772.9
1781632800,0.0872,0.08779,0.08715,0.0875,5318059.1
1781636400,0.08748,0.08761,0.08693,0.08721,5339378.5
1781640000,0.08718,0.0877,0.08702,0.0876,2344430.1
1781643600,0.0876,0.08767,0.08721,0.08734,3212971.6
1781647200,0.08739,0.08754,0.08714,0.08727,2099599.8
1781650800,0.08728,0.08734,0.0869,0.08708,1763295.2
1781654400,0.08709,0.08742,0.08705,0.08734,4004269.9
1781658000,0.08734,0.08781,0.08691,0.08768,3238963.2
1781661600,0.08771,0.08803,0.08745,0.08769,3534235.5
1781665200,0.0877,0.0877,0.08721,0.08739,2530874.4
1781668800,0.0874,0.08776,0.08729,0.08742,725875.5
1781672400,0.08744,0.0876,0.08714,0.08732,1794102.4
1781676000,0.0873,0.08744,0.08667,0.08692,4127084.2
1781679600,0.08691,0.08713,0.08651,0.08682,2259012.7
1781683200,0.0868,0.08682,0.08567,0.0859,7619759.0
1781686800,0.0859,0.08616,0.08584,0.086,1509042.1
1781690400,0.08598,0.0861,0.08582,0.08595,1340008.5
1781694000,0.08596,0.08602,0.0854,0.08577,7725443.0
1781697600,0.0858,0.08621,0.08543,0.0862,3332414.9
1781701200,0.08618,0.08653,0.08588,0.08621,5793390.2
1781704800,0.0862,0.0865,0.08558,0.08601,7629778.8
1781708400,0.08602,0.08721,0.08594,0.08721,11578614.6
1781712000,0.08722,0.08769,0.08697,0.08701,4170308.1
1781715600,0.08701,0.08751,0.08687,0.08751,4074291.0
1781719200,0.0875,0.08779,0.08582,0.08698,19790759.7
1781722800,0.087,0.08716,0.08494,0.08537,18139025.7
1781726400,0.08535,0.08619,0.08521,0.08615,5506673.5
1781730000,0.08616,0.08619,0.08538,0.08552,1678635.3
1781733600,0.0855,0.0859,0.08459,0.08577,5043298.7
1781737200,0.08578,0.08609,0.0857,0.08585,1430863.3
1781740800,0.08585,0.08627,0.08584,0.08615,2886895.4
1781744400,0.08615,0.08649,0.08599,0.08613,4136063.3
1781748000,0.08615,0.08629,0.08595,0.0861,934137.9
1781751600,0.08609,0.0861,0.08513,0.08522,3815942.3
1781755200,0.08522,0.08533,0.08429,0.08458,4201383.0
1781758800,0.08457,0.08459,0.08387,0.08414,3225557.1
1781762400,0.08413,0.08467,0.08398,0.08458,16258626.2
1781766000,0.08458,0.08505,0.08436,0.08484,2087338.1
1781769600,0.08485,0.08515,0.08472,0.08497,2008765.3
1781773200,0.08497,0.08514,0.08481,0.08502,1015623.4
1781776800,0.08503,0.08504,0.08449,0.08482,1819734.7
1781780400,0.08483,0.08495,0.08424,0.08448,2315053.4
1781784000,0.08446,0.08479,0.08437,0.08474,3151055.6
1781787600,0.08472,0.0848,0.0835,0.08395,7288402.8
1781791200,0.08396,0.08438,0.08353,0.08379,6919545.6
1781794800,0.0838,0.0838,0.08173,0.0819,30107063.2
1781798400,0.08189,0.08266,0.08183,0.08255,6514499.5
1781802000,0.08258,0.08259,0.0819,0.08226,6093413.4
1781805600,0.08226,0.08256,0.08215,0.08233,4654022.6
1781809200,0.0823,0.08292,0.08226,0.08278,6342901.9
1781812800,0.08278,0.08344,0.08278,0.08334,3507548.4
1781816400,0.08333,0.08343,0.08299,0.08329,3665907.0
1781820000,0.08328,0.08341,0.08292,0.08332,2547462.4
1781823600,0.08334,0.08351,0.08305,0.08345,1519074.1
1781827200,0.08344,0.0837,0.0833,0.08355,3528504.5
1781830800,0.08356,0.08381,0.08337,0.08378,1613401.0
1781834400,0.08377,0.08387,0.08341,0.08355,2246676.4
1781838000,0.08358,0.08363,0.08251,0.08281,7022745.5
1781841600,0.08279,0.08294,0.08198,0.08216,2877944.9
1781845200,0.08218,0.08265,0.08217,0.08252,1653354.5
1781848800,0.08253,0.08271,0.08239,0.08264,1209028.2
1781852400,0.08264,0.08268,0.08192,0.08226,2260316.7
1781856000,0.08223,0.08258,0.08222,0.08245,1493734.6
1781859600,0.08246,0.08253,0.082,0.08217,1248358.8
1781863200,0.08216,0.08237,0.08198,0.08225,2697316.3
1781866800,0.08226,0.08242,0.08208,0.08233,1766663.1
1781870400,0.08234,0.08265,0.08181,0.08258,3937683.6
1781874000,0.0826,0.0834,0.08239,0.08315,4514929.6
1781877600,0.08316,0.08333,0.08292,0.08305,1623119.8
1781881200,0.08304,0.08332,0.08291,0.08311,1448067.5
1781884800,0.08312,0.08332,0.0828,0.08285,1897649.0
1781888400,0.08286,0.08337,0.0827,0.08328,1327303.2
1781892000,0.08328,0.08331,0.08286,0.08307,1189750.7
1781895600,0.08308,0.08308,0.08266,0.08283,1312158.6
1781899200,0.08286,0.08317,0.08264,0.08314,1104584.8
1781902800,0.08314,0.08323,0.08271,0.08273,2086914.6
1781906400,0.08275,0.08321,0.08275,0.08317,1150146.5
1781910000,0.08317,0.08364,0.08304,0.08347,2469631.3
1781913600,0.08346,0.08383,0.08338,0.0834,3999703.5
1781917200,0.08342,0.08352,0.08321,0.08339,2970921.0
1781920800,0.08341,0.08348,0.08294,0.08298,1173883.1
1781924400,0.08298,0.08326,0.08298,0.08318,603617.8
1781928000,0.08319,0.08345,0.08312,0.08345,1987516.8
1781931600,0.08345,0.08411,0.08339,0.08387,1983331.0
1781935200,0.08388,0.08418,0.08382,0.08413,1039245.0
1781938800,0.08412,0.08423,0.08385,0.084,2287861.6
1781942400,0.08399,0.08405,0.08373,0.08389,784035.0
1781946000,0.0839,0.08422,0.0839,0.08409,640939.8
1781949600,0.08411,0.08414,0.0838,0.08387,600003.4
1781953200,0.08387,0.08393,0.08371,0.08379,772795.4
1781956800,0.0838,0.08393,0.08364,0.08377,651901.5
1781960400,0.08376,0.08379,0.08314,0.08323,1210614.5
1781964000,0.08322,0.08408,0.08257,0.08366,5865119.6
1781967600,0.08366,0.08412,0.08346,0.08365,4508244.4
1781971200,0.08365,0.08365,0.08324,0.08336,900804.5
1781974800,0.08337,0.08338,0.08274,0.083,2209271.0
1781978400,0.08301,0.08333,0.08301,0.08306,1159512.5
1781982000,0.08304,0.08336,0.08304,0.08325,658670.2
1781985600,0.08326,0.08334,0.08317,0.08329,346490.1
1781989200,0.08329,0.08354,0.08328,0.08342,1375507.3
1781992800,0.08341,0.08392,0.0833,0.08375,6433517.6
1781996400,0.08375,0.08396,0.08357,0.08361,2201336.1
1782000000,0.08363,0.08365,0.08346,0.08356,1348228.8
1782003600,0.08357,0.08361,0.0834,0.08352,770118.4
1782007200,0.08352,0.08358,0.08348,0.08348,374217.0
1782010800,0.08348,0.08376,0.08335,0.08359,863833.5
1782014400,0.08358,0.0837,0.08319,0.08323,1763514.3
1782018000,0.08322,0.08332,0.08304,0.08315,5390765.6
1782021600,0.08316,0.08338,0.08313,0.08336,387464.1
1782025200,0.08334,0.08364,0.08321,0.08342,1587923.8
1782028800,0.08343,0.08346,0.08281,0.08306,1313213.6
1782032400,0.08307,0.08328,0.08293,0.08326,1086660.4
1782036000,0.08326,0.08345,0.08317,0.08319,1161953.2
1782039600,0.08319,0.08324,0.0827,0.08294,2077447.1
1782043200,0.08295,0.0833,0.08287,0.08324,1743519.9
1782046800,0.08324,0.08337,0.08307,0.08337,2134309.9
1782050400,0.08338,0.08344,0.08318,0.08335,661476.2
1782054000,0.08336,0.08354,0.08331,0.08334,1415857.9
1782057600,0.08333,0.08349,0.08307,0.08348,3217089.5
1782061200,0.08348,0.08366,0.08315,0.0833,10663760.1
1782064800,0.0833,0.08357,0.08307,0.0834,831473.1
1782068400,0.08337,0.08355,0.08336,0.08352,1545691.4
1782072000,0.08354,0.08355,0.08299,0.08304,5777464.3
1782075600,0.08306,0.0831,0.08221,0.08264,11149255.1
1782079200,0.08266,0.08303,0.08254,0.08278,2958664.5
1782082800,0.08277,0.08277,0.08201,0.08213,2976930.7
1782086400,0.08215,0.0831,0.08215,0.08309,2034108.5
1782090000,0.08307,0.08414,0.08294,0.0836,4911275.8
1782093600,0.08362,0.08368,0.08314,0.08316,2012785.1
1782097200,0.08317,0.08342,0.08273,0.08281,2641691.7
1782100800,0.08282,0.08314,0.08268,0.08312,1277819.9
1782104400,0.08315,0.08337,0.08309,0.08323,1875210.1
1782108000,0.08323,0.08341,0.08302,0.08311,1435170.3
1782111600,0.08308,0.0836,0.08307,0.0834,5584726.5
1782115200,0.08341,0.08368,0.08325,0.0835,3690569.8
1782118800,0.08349,0.08369,0.08346,0.08363,1592309.9
1782122400,0.08361,0.08388,0.08343,0.08358,1580738.5
1782126000,0.08359,0.08436,0.08358,0.08419,3820281.3
1782129600,0.08417,0.08457,0.08408,0.0845,2998601.5
1782133200,0.08454,0.08498,0.08426,0.08494,3475200.4
1782136800,0.08496,0.08496,0.08361,0.08386,7399188.6
1782140400,0.08386,0.08406,0.0834,0.08354,6934792.9
1782144000,0.08355,0.08358,0.08302,0.08329,8292596.5
1782147600,0.08328,0.08333,0.08287,0.08321,2071182.7
1782151200,0.08322,0.08339,0.0827,0.0828,3285805.2
1782154800,0.08281,0.08284,0.0824,0.08267,3006212.0
1782158400,0.08266,0.08293,0.08255,0.08276,822134.1
1782162000,0.08275,0.08277,0.08229,0.08259,702137.8
1782165600,0.0826,0.08277,0.0818,0.08211,5164724.6
1782169200,0.0821,0.08245,0.08206,0.08233,1809985.4
1782172800,0.08233,0.08251,0.0819,0.0825,2655399.1
1782176400,0.08249,0.08262,0.0811,0.08181,7715410.1
1782180000,0.0818,0.08228,0.08165,0.08219,2405768.4
1782183600,0.08219,0.08221,0.08176,0.08215,950736.2
1782187200,0.08215,0.08215,0.08154,0.08159,1451364.5
1782190800,0.0816,0.08172,0.08129,0.08157,2984763.4
1782194400,0.08155,0.08156,0.07962,0.08013,19030899.1
1782198000,0.08013,0.08035,0.07982,0.07983,1746722.8
1782201600,0.07987,0.07994,0.07832,0.07905,19560223.4
1782205200,0.07904,0.07921,0.07889,0.07893,2968119.9
1782208800,0.07894,0.07928,0.07883,0.07901,2959659.6
1782212400,0.07901,0.07952,0.079,0.07946,3844141.9
1782216000,0.07947,0.07956,0.07922,0.07935,3038963.5
1782219600,0.07936,0.07973,0.07894,0.07952,8137464.7
1782223200,0.07953,0.07973,0.07882,0.07887,6846527.4
1782226800,0.07888,0.07894,0.07829,0.07872,4942582.9
1782230400,0.07873,0.07926,0.07863,0.07883,4645207.8
1782234000,0.07882,0.07902,0.07845,0.07849,4216933.7
1782237600,0.07851,0.07877,0.07821,0.07851,5058872.5
1782241200,0.07851,0.07869,0.07827,0.07835,6087379.6
1782244800,0.07838,0.07874,0.0783,0.07841,2926114.8
1782248400,0.07842,0.0787,0.07841,0.07869,1650437.2
1782252000,0.0787,0.07903,0.07862,0.07887,2234400.5
1782255600,0.07886,0.07901,0.07866,0.0788,1991104.5
1782259200,0.0788,0.07917,0.07876,0.07903,1504077.4
1782262800,0.07904,0.07968,0.07885,0.07956,5195824.8
1782266400,0.07955,0.07955,0.07897,0.07902,2689809.0
1782270000,0.07903,0.07924,0.07871,0.07901,3186384.7
1782273600,0.07901,0.07912,0.07836,0.07908,2412185.1
1782277200,0.07909,0.07936,0.079,0.07911,1209555.2
1782280800,0.07909,0.07915,0.07888,0.07891,765074.6
1782284400,0.07892,0.07895,0.07867,0.07875,2260166.4
1782288000,0.07876,0.07911,0.07875,0.07907,1284940.5
1782291600,0.07907,0.07907,0.07862,0.07886,991709.7
1782295200,0.07885,0.07885,0.07841,0.07851,1093595.2
1782298800,0.07852,0.07951,0.07793,0.07893,5354911.2
1782302400,0.07892,0.07896,0.07848,0.07851,1179245.1
1782306000,0.07852,0.07854,0.07658,0.07665,24993590.8
1782309600,0.07665,0.07706,0.07637,0.07662,12646455.0
1782313200,0.07664,0.07688,0.07452,0.07466,25036818.9
1782316800,0.07466,0.07556,0.07351,0.0741,19840293.1
1782320400,0.07412,0.07445,0.07267,0.07298,22047080.5
1782324000,0.07294,0.07432,0.07281,0.07379,9872189.6
1782327600,0.0738,0.07408,0.07352,0.07401,9471483.0
1782331200,0.07401,0.0757,0.07388,0.07545,13831154.7
1782334800,0.07547,0.07604,0.07502,0.07597,11834951.3
1782338400,0.07596,0.07637,0.0757,0.07576,8815908.8
1782342000,0.07574,0.07608,0.07566,0.07608,4204179.0
1782345600,0.07605,0.07632,0.07591,0.07602,2571878.9
1782349200,0.07603,0.07629,0.07597,0.0762,1423499.6
1782352800,0.07617,0.07629,0.07591,0.0761,1440463.1
1782356400,0.07609,0.0762,0.0758,0.07594,1637020.0
1782360000,0.07595,0.07668,0.07568,0.07664,2499880.5
1782363600,0.07663,0.07734,0.07658,0.07718,4310806.9
1782367200,0.07719,0.07738,0.07695,0.0772,1669807.8
1782370800,0.07719,0.07725,0.07697,0.07724,923346.2
1782374400,0.07722,0.07726,0.07692,0.07696,893694.9
1782378000,0.07696,0.07707,0.07673,0.07687,848339.6
1782381600,0.07686,0.07688,0.076,0.0761,2591686.2
1782385200,0.07611,0.07622,0.07565,0.07583,2838531.0
1782388800,0.07583,0.07628,0.07526,0.07593,3703377.2
1782392400,0.07593,0.07633,0.07133,0.07163,31655942.0
1782396000,0.07164,0.07447,0.07164,0.07302,51911656.5
1782399600,0.07303,0.07339,0.07207,0.07331,22961680.3
1782403200,0.07332,0.07408,0.07302,0.07331,13526567.7
1782406800,0.07332,0.07519,0.07329,0.07483,16085136.3
1782410400,0.07485,0.07486,0.07337,0.0735,5978098.7
1782414000,0.07351,0.07355,0.07283,0.07325,3276444.2
1782417600,0.07326,0.07391,0.07326,0.07349,3176800.5
1782421200,0.07349,0.07479,0.07348,0.07478,7394184.5
1782424800,0.07477,0.07488,0.07442,0.07458,4665143.4
1782428400,0.0746,0.07518,0.07451,0.07479,3845494.0
1782432000,0.07481,0.075,0.07453,0.07456,2220608.5
1782435600,0.07457,0.07468,0.07373,0.07393,3023657.1
1782439200,0.07393,0.07396,0.07239,0.07259,18350929.5
1782442800,0.07259,0.07472,0.07205,0.07455,13293450.0
1782446400,0.07457,0.07469,0.07405,0.07417,3418077.4
1782450000,0.07418,0.0744,0.07384,0.07431,2436666.4
1782453600,0.0743,0.07512,0.07386,0.07466,13181283.6
1782457200,0.07466,0.07517,0.07456,0.07499,3351023.8
1782460800,0.07501,0.07504,0.07418,0.07432,4246537.1
1782464400,0.07431,0.07444,0.07379,0.07393,7476137.4
1782468000,0.0739,0.07403,0.07351,0.07362,1701167.1
1782471600,0.0736,0.07391,0.07321,0.07338,1565985.7
1782475200,0.07339,0.07416,0.07284,0.07325,3481988.6
1782478800,0.07326,0.07462,0.07273,0.07462,11169750.8
1782482400,0.07462,0.07478,0.07375,0.07387,28517220.3
1782486000,0.07385,0.07526,0.07375,0.0749,20774256.7
1782489600,0.0749,0.07553,0.07451,0.07519,9965884.4
1782493200,0.07517,0.07561,0.0751,0.07554,2810304.6
1782496800,0.07552,0.07571,0.07497,0.07506,2925889.3
1782500400,0.07504,0.07599,0.07494,0.07544,4393268.9
1782504000,0.07547,0.07601,0.07521,0.07538,5274777.1
1782507600,0.07535,0.07578,0.07513,0.07534,1628792.2
1782511200,0.07533,0.07562,0.07508,0.07558,1072246.2
1782514800,0.07558,0.07582,0.07549,0.07568,2238384.1
1782518400,0.07568,0.07591,0.075,0.07532,2700389.4
1782522000,0.07532,0.07538,0.07515,0.07531,1238131.2
1782525600,0.07531,0.07595,0.07529,0.07572,2018445.0
1782529200,0.07571,0.07584,0.07548,0.07555,1954131.5
1782532800,0.07555,0.07588,0.07546,0.0755,2004167.0
1782536400,0.07552,0.07566,0.07529,0.07563,718601.6
1782540000,0.07562,0.07574,0.07536,0.07562,1625237.3
1782543600,0.07561,0.07575,0.07546,0.07571,769448.5
1782547200,0.07569,0.07569,0.0753,0.07544,930160.1
1782550800,0.07546,0.07553,0.07518,0.07529,1013493.4
1782554400,0.07529,0.07534,0.07514,0.07523,1077443.6
1782558000,0.07522,0.07526,0.07486,0.0752,1245214.8
1782561600,0.0752,0.07551,0.07513,0.07546,1762647.0
1782565200,0.07545,0.07582,0.07536,0.0757,3808435.1
1782568800,0.07568,0.07593,0.0756,0.07584,1446822.0
1782572400,0.07585,0.07631,0.07577,0.07611,3134901.0
1782576000,0.07612,0.07623,0.07583,0.07612,2131024.7
1782579600,0.07609,0.07614,0.07549,0.07556,3546507.2
1782583200,0.07557,0.07557,0.0751,0.07525,6192123.3
1782586800,0.07525,0.07533,0.07438,0.07464,5064474.7
1782590400,0.07465,0.07482,0.07458,0.07465,1163247.3
1782594000,0.07466,0.07488,0.07422,0.07448,3166319.8
1782597600,0.07447,0.07475,0.07398,0.07472,3667938.1
1782601200,0.07474,0.07475,0.0743,0.07437,3543344.8
1782604800,0.07436,0.07459,0.07435,0.07449,1140154.0
1782608400,0.07448,0.07455,0.07427,0.07437,1291533.3
1782612000,0.0744,0.07452,0.07398,0.07406,8885916.2
1782615600,0.07406,0.07435,0.07402,0.07419,1615298.3
1782619200,0.07416,0.07416,0.07388,0.07393,1259877.0
1782622800,0.0739,0.07392,0.0734,0.07377,7245090.8
1782626400,0.07378,0.07379,0.07313,0.07337,6614879.9
1782630000,0.07337,0.07368,0.07334,0.07367,1070329.5
1782633600,0.07365,0.07417,0.07356,0.07399,1038299.6
1782637200,0.07397,0.07416,0.07342,0.07347,1150500.7
1782640800,0.07348,0.07364,0.0732,0.07341,1814596.0
1782644400,0.0734,0.07378,0.07325,0.07374,1210076.8
1782648000,0.07372,0.07393,0.07334,0.07367,837839.8
1782651600,0.07369,0.07369,0.0733,0.07342,816676.2
1782655200,0.07343,0.0739,0.07342,0.07356,1409167.1
1782658800,0.07358,0.07377,0.07329,0.07347,1923112.1
1782662400,0.07348,0.07352,0.07285,0.07308,4216388.3
1782666000,0.07308,0.07331,0.07263,0.07308,3741532.3
1782669600,0.07307,0.0732,0.07287,0.07315,904111.4
1782673200,0.07316,0.07325,0.07252,0.07282,1977028.1
1782676800,0.0728,0.07333,0.07278,0.07311,3600827.6
1782680400,0.07311,0.07315,0.07238,0.07267,3334968.5
1782684000,0.07268,0.0736,0.07206,0.07229,7282306.2
1782687600,0.07231,0.07335,0.07228,0.07301,4984978.6
1782691200,0.073,0.07325,0.07208,0.07318,8500999.9
1782694800,0.0732,0.07321,0.07244,0.07271,4207342.8
1782698400,0.0727,0.07308,0.07184,0.073,5682013.9
1782702000,0.073,0.07353,0.07293,0.07318,10045632.8
1782705600,0.07318,0.0732,0.07222,0.07249,10862703.0
1782709200,0.07247,0.07297,0.07196,0.07297,2461136.1
1782712800,0.07298,0.07337,0.0729,0.07306,1922328.8
1782716400,0.07295,0.0732,0.07266,0.07267,6173944.6
1782720000,0.07267,0.07283,0.07213,0.07242,7959286.3
1782723600,0.07244,0.07285,0.07243,0.07271,1633923.9
1782727200,0.07272,0.0731,0.07272,0.07284,2098514.2
1782730800,0.07285,0.07305,0.07237,0.07274,3253157.5
1782734400,0.07274,0.07378,0.07235,0.07296,6446089.4
1782738000,0.07296,0.07328,0.07215,0.07261,6956201.1
1782741600,0.07262,0.0728,0.0719,0.07246,10615351.8
1782745200,0.07247,0.07285,0.07187,0.07271,6261135.6
1782748800,0.0727,0.07286,0.072,0.07268,9854637.1
1782752400,0.07269,0.07415,0.07267,0.07375,15466652.1
1782756000,0.07374,0.07398,0.07362,0.07376,4505836.1
1782759600,0.07377,0.07401,0.07359,0.0738,3188657.1
1782763200,0.07379,0.07384,0.0736,0.0736,6709253.5
1782766800,0.07362,0.07402,0.07348,0.07386,2291849.3
1782770400,0.07384,0.07391,0.07334,0.07334,1680969.0
1782774000,0.07336,0.0734,0.07311,0.07335,1461843.3
1782777600,0.0733,0.07347,0.07243,0.07244,6092606.1
1782781200,0.07244,0.07266,0.07217,0.07245,5401954.0
1782784800,0.07244,0.07261,0.07221,0.07252,5729780.1
1782788400,0.07254,0.07268,0.07226,0.07232,2277552.6
1782792000,0.07233,0.07246,0.07203,0.07232,1489158.9
1782795600,0.07232,0.07235,0.07196,0.07235,8900454.1
1782799200,0.07234,0.07247,0.07219,0.07236,1077490.0
1782802800,0.07237,0.0725,0.07221,0.07229,820943.7
1782806400,0.07227,0.07235,0.0719,0.07223,4475416.8
1782810000,0.07223,0.07246,0.07212,0.07245,1825296.8
1782813600,0.07245,0.07253,0.07218,0.07238,2753346.5
1782817200,0.07237,0.07244,0.07084,0.07133,11006597.7
1782820800,0.07131,0.07131,0.06937,0.06955,31191542.3
1782824400,0.06955,0.07074,0.06955,0.07066,13672819.7
1782828000,0.07065,0.07118,0.07011,0.07023,8583473.3
1782831600,0.07022,0.07097,0.07008,0.07059,8967431.6
1782835200,0.0706,0.07142,0.07047,0.0713,5628710.3
1782838800,0.07129,0.07152,0.07104,0.07125,6061992.9
1782842400,0.07123,0.07276,0.07114,0.07227,18766414.1
1782846000,0.07227,0.07244,0.072,0.07219,4756184.2
1782849600,0.07218,0.07227,0.07181,0.07195,2344291.6
1782853200,0.07196,0.07215,0.07183,0.07209,2958742.4
1782856800,0.07208,0.07223,0.07172,0.07188,2348428.4
1782860400,0.07186,0.07204,0.07172,0.07196,1589808.2
1782864000,0.07196,0.07208,0.07152,0.07169,5343103.0
1782867600,0.07169,0.07198,0.0704,0.07177,19901082.5
1782871200,0.07178,0.07217,0.07162,0.07192,4589570.7
1782874800,0.07192,0.07239,0.07176,0.07222,2893370.8
1782878400,0.07224,0.07257,0.07216,0.07243,2257347.6
1782882000,0.07244,0.07247,0.07213,0.07222,1276488.2
1782885600,0.07224,0.07226,0.071,0.07136,13489885.8
1782889200,0.07134,0.07152,0.0712,0.07138,1879184.6
1782892800,0.07135,0.07147,0.07081,0.07138,3387264.0
1782896400,0.07136,0.07152,0.07107,0.07121,5628394.6
1782900000,0.07119,0.0713,0.07072,0.07089,2496628.8
1782903600,0.07089,0.07118,0.07074,0.07106,2046601.0
1782907200,0.07109,0.07138,0.07077,0.07138,2709031.6
1782910800,0.07139,0.0724,0.07112,0.07231,14394719.0
1782914400,0.07229,0.0729,0.07206,0.07261,8665018.9
1782918000,0.07261,0.0735,0.07259,0.0733,8370806.9
1782921600,0.0733,0.07348,0.07285,0.07298,4076972.0
1782925200,0.073,0.07356,0.07271,0.0734,6050118.1
1782928800,0.07339,0.07354,0.07294,0.07304,4657653.9
1782932400,0.07303,0.07329,0.07264,0.07276,10329308.9
1782936000,0.07277,0.07283,0.07246,0.07275,4191212.3
1782939600,0.07276,0.07351,0.07274,0.07337,4694222.8
1782943200,0.07337,0.0739,0.07293,0.073,7606296.2
1782946800,0.07298,0.07298,0.07209,0.07215,7655709.9
1782950400,0.07213,0.07223,0.0716,0.07188,6759330.0
1782954000,0.07187,0.07278,0.07184,0.07248,2517190.0
1782957600,0.07247,0.07275,0.0722,0.07266,3810443.3
1782961200,0.07265,0.07343,0.07226,0.07333,12994386.5
1782964800,0.07332,0.07334,0.07282,0.0732,9159252.6
1782968400,0.07318,0.07318,0.07252,0.07266,6955989.2
1782972000,0.07266,0.07279,0.07233,0.07239,1505882.0
1782975600,0.0724,0.07254,0.07222,0.07244,1279799.1
1782979200,0.07243,0.073,0.07241,0.07293,1516982.3
1782982800,0.07292,0.0737,0.07268,0.07336,13943078.1
1782986400,0.07336,0.074,0.07328,0.07386,2815862.7
1782990000,0.07387,0.07425,0.07371,0.07402,5678761.5
1782993600,0.07401,0.07463,0.07398,0.07428,5959448.7
1782997200,0.07428,0.07548,0.07415,0.07497,12957631.6
1783000800,0.07496,0.07552,0.07421,0.0744,13722029.0
1783004400,0.07441,0.07467,0.07396,0.07444,6286437.1
1783008000,0.07446,0.07473,0.07403,0.07421,6847100.3
1783011600,0.07418,0.07453,0.07407,0.0742,4280088.6
1783015200,0.0742,0.07448,0.07419,0.07433,1977111.1
1783018800,0.07431,0.07443,0.07406,0.07416,3992613.5
1783022400,0.07416,0.07419,0.07392,0.07407,2627564.1
1783026000,0.07405,0.0741,0.07377,0.07396,2322618.6
1783029600,0.07397,0.07404,0.07367,0.07391,2213953.6
1783033200,0.0739,0.07429,0.07378,0.07412,1424740.7
1783036800,0.07413,0.07423,0.07386,0.0739,4123029.3
1783040400,0.07392,0.07486,0.07389,0.07473,9815498.1
1783044000,0.07473,0.07483,0.07431,0.07463,2242299.2
1783047600,0.07462,0.07478,0.07416,0.07471,3657494.1
1783051200,0.07471,0.07473,0.07439,0.07442,1879203.7
1783054800,0.07441,0.07532,0.07438,0.07495,3495233.8
1783058400,0.07497,0.07525,0.07494,0.0751,3485351.8
1783062000,0.07514,0.0753,0.07503,0.07523,1850216.0
1783065600,0.07523,0.07551,0.07476,0.07483,8427370.2
1783069200,0.07483,0.07506,0.07468,0.07492,1520436.9
1783072800,0.07492,0.0755,0.07489,0.07527,4749685.7
1783076400,0.07526,0.07603,0.0752,0.07584,7399048.5
1783080000,0.07586,0.07606,0.07556,0.076,3743692.3
1783083600,0.076,0.07662,0.07585,0.07653,5578475.8
1783087200,0.07653,0.07674,0.07585,0.07672,3881107.1
1783090800,0.07671,0.07728,0.07612,0.07628,12351710.5
1783094400,0.0763,0.0767,0.07609,0.07635,3050384.8
1783098000,0.07637,0.07699,0.07634,0.07691,4690099.9
1783101600,0.07692,0.07693,0.07663,0.07682,3513117.1
1783105200,0.07681,0.0776,0.07667,0.07712,8120527.3
1783108800,0.07711,0.07814,0.07706,0.07795,7052571.2
1783112400,0.07796,0.0784,0.07742,0.07807,7171376.1
1783116000,0.0781,0.07815,0.07747,0.07775,2795569.1
1783119600,0.07775,0.07775,0.07715,0.07747,4020415.4
1783123200,0.07747,0.07766,0.07723,0.0773,1949073.5
1783126800,0.07727,0.07727,0.07665,0.07678,10401782.1
1783130400,0.07679,0.07696,0.07655,0.07693,3001418.4
1783134000,0.07694,0.07739,0.0767,0.07725,1842045.6
1783137600,0.07725,0.07807,0.07708,0.07773,4930367.7
1783141200,0.07772,0.07772,0.077,0.07711,1435899.6
1783144800,0.07712,0.07739,0.07662,0.07696,3339822.2
1783148400,0.07699,0.07702,0.07669,0.07686,3501159.4
1783152000,0.07687,0.07698,0.07672,0.07694,900873.4
1783155600,0.07695,0.07716,0.07655,0.07678,3678696.9
1783159200,0.07677,0.0771,0.07666,0.07707,3334692.0
1783162800,0.07705,0.07709,0.07685,0.07685,2510136.5
1783166400,0.07685,0.07708,0.07677,0.07707,1798050.9
1783170000,0.07708,0.0774,0.07689,0.07713,1655458.0
1783173600,0.07709,0.07772,0.07708,0.07763,2598288.9
1783177200,0.07767,0.07867,0.07762,0.07844,13906552.0
1783180800,0.07845,0.07886,0.07813,0.07836,3492651.3
1783184400,0.07835,0.07916,0.07802,0.07906,7306412.9
1783188000,0.07905,0.07923,0.07883,0.07911,3546324.4
1783191600,0.07912,0.0793,0.07839,0.07848,5857951.2
1783195200,0.07848,0.07866,0.07791,0.07801,8052025.0
1783198800,0.07799,0.07849,0.07795,0.07815,2865783.1
1783202400,0.07814,0.0782,0.07777,0.07788,2606505.6
1783206000,0.07789,0.0779,0.07733,0.07758,5694872.9
1783209600,0.07757,0.07757,0.07694,0.07709,4755409.3
1783213200,0.0771,0.07729,0.07664,0.07678,5137111.1
1783216800,0.07676,0.07676,0.0756,0.07582,5026757.8
1783220400,0.07583,0.07616,0.07579,0.07591,3868240.1
1783224000,0.07588,0.07631,0.07579,0.07604,2586116.8
1783227600,0.07602,0.07602,0.07558,0.07577,3605384.0
1783231200,0.07576,0.07592,0.07557,0.07582,1055658.6
1783234800,0.07583,0.07618,0.07568,0.0761,2973947.2
1783238400,0.07609,0.07619,0.07593,0.07595,993754.6
1783242000,0.07596,0.07597,0.07529,0.07549,2360755.8
1783245600,0.07548,0.07588,0.07526,0.07579,1172155.8
1783249200,0.07579,0.07593,0.07571,0.07586,1022730.6
1783252800,0.07585,0.07653,0.07564,0.07646,5918203.3
1783256400,0.07647,0.07664,0.07631,0.07655,2141744.1
1783260000,0.07654,0.07711,0.07644,0.077,1576983.4
1783263600,0.077,0.07728,0.07674,0.07709,2390288.0
1783267200,0.0771,0.07742,0.07684,0.07699,2432752.6
1783270800,0.07698,0.07778,0.07695,0.07723,3634098.8
1783274400,0.07725,0.07773,0.07716,0.07753,2285845.3
1783278000,0.07754,0.07772,0.07715,0.07723,3033906.1
1783281600,0.07721,0.07744,0.07695,0.07704,2582780.1
1783285200,0.07705,0.07828,0.07685,0.07784,10291502.5
1783288800,0.07784,0.07871,0.07768,0.07831,9366271.0
1783292400,0.07832,0.07874,0.07767,0.0778,5086046.3
1783296000,0.07781,0.07806,0.07699,0.07805,5998341.8
1783299600,0.07803,0.07818,0.07759,0.07768,2836572.4
1783303200,0.07769,0.07798,0.07735,0.07761,2526038.9
1783306800,0.07759,0.0777,0.07713,0.07738,13263167.6
1783310400,0.07737,0.07738,0.07702,0.07704,7187333.0
1783314000,0.07702,0.07702,0.07635,0.07657,2700759.5
1783317600,0.07657,0.07666,0.07644,0.07657,1524130.8
1783321200,0.07656,0.07702,0.07646,0.07689,664986.8
1783324800,0.07692,0.07711,0.07676,0.07695,1544424.1
1783328400,0.07694,0.07697,0.07649,0.07663,1168706.4
1783332000,0.07663,0.07718,0.07662,0.07706,2294603.7
1783335600,0.07706,0.07734,0.07665,0.07665,5105716.4
1783339200,0.07664,0.07664,0.07488,0.07488,21746263.2
1783342800,0.07489,0.07549,0.0743,0.07522,9074833.6
1783346400,0.07522,0.07586,0.075,0.07553,6499991.3
1783350000,0.07554,0.07649,0.07553,0.07619,11865237.1
1783353600,0.07617,0.07703,0.07592,0.07672,9233092.9
1783357200,0.07673,0.07707,0.07638,0.07658,2398243.1
1783360800,0.07657,0.07697,0.0764,0.07676,1463460.4
1783364400,0.07675,0.07714,0.0767,0.07688,3295616.6
1783368000,0.07689,0.07702,0.07664,0.07683,1523894.5
1783371600,0.0768,0.0783,0.0768,0.07747,8081184.1
1783375200,0.07752,0.07755,0.07694,0.07701,2110191.9
1783378800,0.07702,0.07714,0.07652,0.07661,2313808.8
1783382400,0.07662,0.07696,0.07643,0.07669,2939367.3
1783386000,0.07669,0.07675,0.07584,0.07601,3830651.0
1783389600,0.07602,0.07613,0.07519,0.07529,3092435.8
1783393200,0.0753,0.07535,0.0749,0.07509,3040231.3
1783396800,0.07507,0.07512,0.07446,0.07466,4693714.4
1783400400,0.07465,0.07493,0.0742,0.07481,2421238.7
1783404000,0.0748,0.07545,0.07468,0.07533,6637502.3
1783407600,0.07533,0.07557,0.0749,0.07492,1373216.9
1783411200,0.07491,0.07498,0.07467,0.07472,2345946.9
1783414800,0.07471,0.07501,0.07469,0.07491,1598047.4
1783418400,0.07487,0.07513,0.07453,0.07459,1878986.3
1783422000,0.07457,0.07483,0.0743,0.07475,3618047.3
1783425600,0.07475,0.07536,0.07468,0.07474,1710212.7
1783429200,0.07473,0.07482,0.07401,0.0742,6349786.3
1783432800,0.07419,0.07488,0.07367,0.07472,10228941.8
1783436400,0.07474,0.07534,0.07449,0.07515,3835919.3
1783440000,0.07513,0.07566,0.07476,0.0753,2878248.2
1783443600,0.07532,0.07551,0.07513,0.07539,2039441.8
1783447200,0.07539,0.07539,0.07441,0.07445,3177302.6
1783450800,0.07443,0.07487,0.07407,0.07467,3344487.6
1783454400,0.07468,0.0748,0.07421,0.0744,2280517.2
1783458000,0.0744,0.07452,0.0739,0.07399,7022185.5
1783461600,0.07397,0.07447,0.07356,0.07442,2201415.9
1783465200,0.07442,0.07468,0.07408,0.07413,1473466.1
1783468800,0.07414,0.07442,0.0741,0.07431,3113411.5
1783472400,0.07431,0.07436,0.07277,0.07295,16140731.0
1783476000,0.07294,0.07303,0.07228,0.07291,10299998.2
1783479600,0.07292,0.07308,0.0725,0.07255,4868375.1
1783483200,0.07254,0.07267,0.07228,0.07259,6306495.2
1783486800,0.07259,0.07272,0.07233,0.07249,1354463.0
1783490400,0.07247,0.07249,0.07168,0.07209,7326564.6
1783494000,0.07207,0.07262,0.07186,0.07234,3179316.2
1783497600,0.07235,0.07248,0.07096,0.07121,11203151.2
1783501200,0.07121,0.07158,0.07104,0.07135,3158588.8
1783504800,0.07131,0.07166,0.07109,0.07158,969154.9
1783508400,0.07157,0.0721,0.07148,0.07199,5930697.1
1783512000,0.072,0.07221,0.07176,0.07177,5045540.1
1783515600,0.07177,0.07225,0.07166,0.07193,5991663.4
1783519200,0.07193,0.07213,0.07138,0.07182,7165241.1
1783522800,0.0718,0.07186,0.0712,0.07178,3406823.7
1783526400,0.07178,0.0725,0.07177,0.07248,4287411.8
1783530000,0.07249,0.07287,0.07224,0.07243,2130588.7
1783533600,0.07242,0.07273,0.07215,0.0724,1749418.2
1783537200,0.07241,0.07263,0.07224,0.0726,1005809.5
1783540800,0.07259,0.07266,0.07225,0.07234,4291874.6
1783544400,0.07234,0.07252,0.07201,0.07246,3611883.8
1783548000,0.07248,0.07271,0.07226,0.07238,1652134.6
1783551600,0.07236,0.07244,0.07208,0.07237,1813520.9
1783555200,0.07238,0.07239,0.07208,0.07224,1215466.8
1783558800,0.07223,0.07294,0.07205,0.07207,4073571.5
1783562400,0.07206,0.07256,0.07191,0.07211,3343347.1
1783566000,0.07212,0.07233,0.07194,0.0722,1064030.2
1783569600,0.07222,0.0726,0.07216,0.07259,1769588.4
1783573200,0.07258,0.0728,0.07226,0.07273,4899511.6
1783576800,0.07271,0.07298,0.07243,0.07293,11193279.9
1783580400,0.07293,0.07313,0.07262,0.07274,3351148.1
1783584000,0.07271,0.073,0.07266,0.07278,2146743.2
1783587600,0.07277,0.07279,0.07251,0.07271,1166064.5
1783591200,0.0727,0.07277,0.07224,0.07233,6225457.8
1783594800,0.07236,0.07245,0.07219,0.07241,2084752.0
1783598400,0.07241,0.07247,0.072,0.07223,4613000.1
1783602000,0.07223,0.07269,0.07199,0.07257,3109722.0
1783605600,0.07257,0.07267,0.07214,0.07264,2537035.2
1783609200,0.07265,0.07284,0.07248,0.07258,2402140.6
1783612800,0.07259,0.07274,0.0723,0.07266,1308729.6
1783616400,0.07268,0.07302,0.0726,0.07291,8806134.2
1783620000,0.07289,0.07336,0.07285,0.07312,4365254.8
1783623600,0.07311,0.07329,0.07284,0.07302,2342438.8
1783627200,0.07302,0.07333,0.07292,0.07325,1202831.9
1783630800,0.07326,0.07352,0.07316,0.07327,1824404.1
1783634400,0.07329,0.07338,0.07302,0.07302,3740647.5
1783638000,0.07301,0.07314,0.07275,0.07287,2677670.4
1783641600,0.07285,0.0729,0.07261,0.07284,2756146.8
1783645200,0.07285,0.07417,0.07268,0.07377,7431549.9
1783648800,0.07378,0.07412,0.07374,0.07401,4488266.1
1783652400,0.074,0.07413,0.07378,0.07396,2971559.4
1783656000,0.07397,0.07417,0.07383,0.07395,3188502.5
1783659600,0.07394,0.07417,0.07379,0.0741,1180599.7
1783663200,0.07408,0.07421,0.07382,0.07391,1148760.1
1783666800,0.07388,0.07402,0.07367,0.07373,1155497.9
1783670400,0.07375,0.0744,0.07372,0.07416,2258548.9
1783674000,0.07415,0.07442,0.07398,0.07436,1121091.7
1783677600,0.07437,0.07464,0.07422,0.0744,3278790.7
1783681200,0.07438,0.07457,0.07411,0.07431,2543387.3
1783684800,0.07431,0.07446,0.07394,0.07394,5748115.3
1783688400,0.07394,0.07445,0.07386,0.07425,4054911.6
1783692000,0.07425,0.07435,0.0733,0.07379,7965221.8
1783695600,0.07378,0.07405,0.07368,0.074,5433767.1
1783699200,0.074,0.07429,0.07383,0.07418,3594501.2
1783702800,0.07417,0.07431,0.07376,0.07385,3085071.7
1783706400,0.07385,0.07408,0.0736,0.07369,3462905.5
1783710000,0.07368,0.0743,0.07365,0.07411,2727573.3
1783713600,0.07412,0.07422,0.07391,0.07414,1490471.7
1783717200,0.07412,0.07422,0.07403,0.07409,1378108.9
1783720800,0.07406,0.07419,0.07396,0.07409,1240137.1
1783724400,0.07408,0.07415,0.07392,0.07405,1630277.0
1783728000,0.07407,0.0742,0.07382,0.07418,2585067.4
1783731600,0.07417,0.07433,0.074,0.07404,1114716.4
1783735200,0.07405,0.07423,0.07399,0.07417,969710.0
1783738800,0.07419,0.07434,0.07405,0.07427,736940.6
1783742400,0.07427,0.07438,0.07419,0.07427,2862596.2
1783746000,0.07425,0.07448,0.07419,0.07428,601316.9
1783749600,0.07427,0.07463,0.07427,0.07428,1851029.8
1783753200,0.07427,0.07437,0.07414,0.07423,936436.4
1783756800,0.07424,0.07425,0.07408,0.07418,558014.8
1783760400,0.07418,0.07438,0.07408,0.07408,783733.9
1783764000,0.0741,0.07467,0.0741,0.07443,2351969.6
1783767600,0.07442,0.07452,0.07436,0.07439,1391570.0
1783771200,0.07441,0.07459,0.07432,0.07456,737485.5
1783774800,0.07453,0.07493,0.07446,0.07461,929281.4
1783778400,0.07464,0.07542,0.07463,0.07516,6833433.2
1783782000,0.07516,0.07553,0.07488,0.0753,4455025.2
1783785600,0.07531,0.07531,0.07487,0.07497,1239632.4
1783789200,0.07499,0.07526,0.07491,0.07503,3713065.8
1783792800,0.07502,0.0752,0.07497,0.07516,1567589.7
1783796400,0.07517,0.07548,0.07511,0.07531,3203589.8
1783800000,0.07531,0.07536,0.07511,0.07513,657213.6
1783803600,0.07511,0.07528,0.07507,0.07514,334927.7
1783807200,0.07514,0.07514,0.07454,0.07458,3520928.2
1783810800,0.07458,0.07465,0.07314,0.07318,10591963.1
1783814400,0.07317,0.07327,0.07224,0.07259,10698307.2
1783818000,0.0726,0.07332,0.07254,0.07329,6768921.5
1783821600,0.07329,0.07331,0.07305,0.07316,1019648.8
1783825200,0.07316,0.07342,0.073,0.07337,1139273.3
1783828800,0.07338,0.0735,0.073,0.07309,1340852.8
1783832400,0.07307,0.07324,0.07299,0.07309,540130.5
1783836000,0.07308,0.07308,0.07252,0.07283,1938849.2
1783839600,0.07283,0.07299,0.07272,0.07285,632862.4
1783843200,0.07289,0.07319,0.07287,0.07298,738645.8
1783846800,0.07298,0.0731,0.07268,0.07293,434092.4
1783850400,0.07294,0.073,0.07285,0.07295,276058.0
1783854000,0.07297,0.07324,0.07282,0.07321,359317.9
1783857600,0.0732,0.07344,0.07312,0.07334,1039691.6
1783861200,0.07333,0.0735,0.07322,0.07323,1383367.9
1783864800,0.07322,0.07384,0.07315,0.07368,2718223.5
1783868400,0.0737,0.07382,0.07355,0.07367,1430812.9
1783872000,0.07368,0.07374,0.07344,0.07358,778856.5
1783875600,0.0736,0.07364,0.07329,0.07337,1175543.9
1783879200,0.07338,0.07363,0.0733,0.07362,829892.8
1783882800,0.07362,0.07369,0.07341,0.07362,187506.6
1783886400,0.07361,0.07362,0.07338,0.07338,508031.6
1783890000,0.07339,0.07352,0.07283,0.07291,3141390.8
1783893600,0.07289,0.07289,0.07235,0.07267,8143113.1
1783897200,0.07266,0.07277,0.07251,0.07268,3616477.3
1783900800,0.07266,0.07412,0.07258,0.07339,7313608.6
1783904400,0.07337,0.07345,0.07242,0.07245,4208229.4
1783908000,0.07245,0.07287,0.07235,0.07266,8093992.1
1783911600,0.07265,0.07272,0.07157,0.07197,11382229.1
1783915200,0.07196,0.07224,0.07187,0.07198,1819617.8
1783918800,0.07199,0.0724,0.07182,0.07228,3209716.9
1783922400,0.07229,0.07235,0.07206,0.07231,711034.0
1783926000,0.07229,0.07247,0.07219,0.07233,955256.5
1783929600,0.07233,0.07263,0.07225,0.0725,879648.6
1783933200,0.07249,0.0725,0.07227,0.07232,1841534.5
1783936800,0.0723,0.0723,0.07203,0.07218,1681153.4
1783940400,0.07218,0.07241,0.07215,0.07224,906993.7
1783944000,0.07223,0.07229,0.07189,0.07207,1682671.6
1783947600,0.07207,0.07231,0.07182,0.07204,3219486.3
1783951200,0.07204,0.0725,0.07183,0.0725,4680930.1
1783954800,0.0725,0.07253,0.07199,0.07199,1409098.4
1783958400,0.07202,0.07212,0.07145,0.07158,3947744.1
1783962000,0.07159,0.07173,0.07084,0.07088,5169134.5
1783965600,0.07091,0.07141,0.07088,0.07131,2384500.2
1783969200,0.07131,0.07181,0.07126,0.07174,4156373.5
1783972800,0.07174,0.07189,0.07148,0.07171,1833840.3
1783976400,0.07171,0.07174,0.07101,0.07144,4122085.9
1783980000,0.07145,0.07177,0.07123,0.07126,1323824.3
1783983600,0.07125,0.07194,0.07115,0.07191,1934518.8
1783987200,0.07194,0.07235,0.07177,0.07227,4407263.4
1783990800,0.07229,0.07229,0.07183,0.07185,2102074.6
1783994400,0.07183,0.07196,0.07169,0.07176,1212466.2
1783998000,0.07177,0.07198,0.07136,0.07196,3636352.7
1784001600,0.07196,0.07208,0.07185,0.07201,1152676.5
1784005200,0.07202,0.07234,0.07201,0.07227,5981608.4
1784008800,0.07228,0.07236,0.07217,0.07223,1149322.1
1784012400,0.07219,0.07226,0.07201,0.07206,2756458.8
1784016000,0.07208,0.0722,0.07196,0.07203,1262549.7
1784019600,0.07203,0.07217,0.07199,0.072,804146.6
1784023200,0.07202,0.07228,0.07189,0.07219,887980.1
1784026800,0.07218,0.07225,0.07211,0.07219,587402.5
1784030400,0.07219,0.0734,0.07205,0.07329,13644485.2
1784034000,0.0733,0.07404,0.07303,0.07381,8256981.4
1784037600,0.07383,0.0746,0.0736,0.07449,9197638.8
1784041200,0.07448,0.07511,0.07428,0.07483,9823848.2
1784044800,0.07484,0.07533,0.0745,0.0745,9909749.9
1784048400,0.07449,0.07458,0.07403,0.07452,4312630.9
1784052000,0.07453,0.07457,0.07413,0.0744,5265451.9
1784055600,0.07439,0.07452,0.07407,0.07413,3779733.9
1784059200,0.0742,0.07428,0.07398,0.07405,3118221.8
1784062800,0.07404,0.07462,0.07403,0.07427,2813803.5
1784066400,0.07426,0.07455,0.07397,0.07433,4471631.0
1784070000,0.07434,0.07461,0.07419,0.0744,3522323.4
1784073600,0.07441,0.07446,0.0739,0.07409,3278219.6
1784077200,0.07407,0.07416,0.07383,0.07396,2040526.3
1784080800,0.07395,0.07405,0.07357,0.07367,3214556.8
1784084400,0.07369,0.07416,0.07366,0.07399,1804380.9
1784088000,0.07398,0.07419,0.07376,0.07401,964397.2
1784091600,0.07403,0.07446,0.07378,0.07436,1671417.9
1784095200,0.07436,0.07486,0.0743,0.07438,2542020.8
1784098800,0.07436,0.07436,0.07382,0.07389,1630549.0
1784102400,0.07392,0.07424,0.07387,0.07416,1021813.1
1784106000,0.07415,0.07445,0.07342,0.07364,18658969.3
1784109600,0.07365,0.07382,0.07358,0.07374,1259679.9
1784113200,0.07372,0.07381,0.07352,0.0738,2058843.0
1784116800,0.07379,0.07473,0.07362,0.07465,5483684.9
1784120400,0.07467,0.07518,0.07422,0.07449,6993166.6
1784124000,0.0745,0.07512,0.07443,0.0748,8941930.7
1784127600,0.07481,0.07494,0.07427,0.07458,8958769.7
1784131200,0.07459,0.07461,0.07329,0.07389,7033272.7
1784134800,0.07391,0.07432,0.07376,0.07419,9853798.7
1784138400,0.07417,0.0747,0.0739,0.07399,5293619.1
1784142000,0.07399,0.07412,0.07361,0.07375,3691819.1
1784145600,0.07376,0.07413,0.07371,0.07399,7885516.9
1784149200,0.07399,0.07414,0.07389,0.07397,2060412.3
1784152800,0.07399,0.07419,0.07388,0.074,2765118.3
1784156400,0.07401,0.07414,0.07392,0.07401,1283170.4
1784160000,0.07404,0.07423,0.07372,0.07389,3970073.7
1784163600,0.07388,0.07416,0.07356,0.07407,2355527.6
1784167200,0.07409,0.07432,0.074,0.07432,1012448.7
1784170800,0.07432,0.07444,0.07389,0.07394,2518005.6
1784174400,0.07395,0.07404,0.07373,0.07375,556590.8
1784178000,0.07376,0.07422,0.07375,0.07419,3084671.7
1784181600,0.07419,0.0743,0.07385,0.07407,2021158.8
1784185200,0.07406,0.07408,0.07327,0.07346,4876237.3
1784188800,0.07345,0.0735,0.07259,0.07309,9926787.8
1784192400,0.0731,0.0732,0.07299,0.07306,2144970.2
1784196000,0.07307,0.07336,0.07302,0.07325,655390.9
1784199600,0.07323,0.07324,0.07297,0.07318,2469543.3
1784203200,0.07319,0.07325,0.07269,0.07283,5086535.1
1784206800,0.07282,0.07367,0.07278,0.0736,3761227.9
1784210400,0.07362,0.07389,0.07327,0.07355,3212985.0
1784214000,0.07355,0.07387,0.0731,0.07356,1921070.7
1784217600,0.07357,0.07367,0.0733,0.07339,1718052.3
1784221200,0.07338,0.07342,0.0729,0.07318,5040170.8
1784224800,0.07316,0.07359,0.07314,0.07337,1889434.0
1784228400,0.07336,0.07344,0.07302,0.07311,6150584.8
1784232000,0.0731,0.07316,0.07299,0.07301,1606948.2
1784235600,0.07299,0.07321,0.07288,0.07309,1777106.4
1784239200,0.07309,0.07327,0.07257,0.07266,5567997.6
1784242800,0.07265,0.0727,0.07207,0.07233,5337638.8
1784246400,0.07231,0.0727,0.07205,0.07268,2487697.5
1784250000,0.07267,0.0728,0.07199,0.0721,2064425.5
1784253600,0.07212,0.07222,0.07181,0.07207,3487880.8
1784257200,0.07207,0.07258,0.07202,0.07234,3457080.6
1784260800,0.07233,0.07239,0.07195,0.07219,5707749.4
1784264400,0.07218,0.07221,0.07136,0.07144,3925103.2
1784268000,0.07143,0.07194,0.07134,0.07177,1746107.0
1784271600,0.07175,0.07183,0.07155,0.07163,1001694.2
1784275200,0.07164,0.0717,0.07109,0.0714,2289544.5
1784278800,0.07139,0.07167,0.07138,0.07164,1808056.7
1784282400,0.07166,0.072,0.07166,0.07191,1221543.4
1784286000,0.07191,0.07205,0.0718,0.07195,1647072.7
1784289600,0.07195,0.07198,0.07161,0.07163,2104675.8
1784293200,0.07163,0.0719,0.07094,0.07187,7227151.4
1784296800,0.07185,0.07222,0.07168,0.07186,5891076.1
1784300400,0.07187,0.0721,0.07149,0.07208,9775456.0
1784304000,0.07209,0.07251,0.07194,0.07233,4037953.8
1784307600,0.07234,0.07293,0.07234,0.07253,2785903.0
1784311200,0.07253,0.07282,0.07232,0.07274,2250843.2
1784314800,0.07273,0.07273,0.07233,0.0726,1686311.5
1784318400,0.07259,0.07267,0.07227,0.07266,1710756.8
1784322000,0.07267,0.07286,0.07259,0.07261,2407625.3
1784325600,0.07262,0.07267,0.07238,0.0725,678967.3
1784329200,0.0725,0.07257,0.07229,0.07252,640326.7
1784332800,0.07253,0.07266,0.07244,0.07244,1128171.6
1784336400,0.07245,0.07259,0.07236,0.07253,384258.3
1784340000,0.07254,0.07274,0.07248,0.07255,2490115.7
1784343600,0.07253,0.07274,0.0725,0.07265,1681082.5
1784347200,0.07263,0.07265,0.07244,0.07247,737857.7
1784350800,0.07245,0.07247,0.07206,0.07215,3649598.1
1784354400,0.07215,0.07238,0.07212,0.07232,1359003.0
1784358000,0.07233,0.07235,0.07222,0.07225,587115.4
1784361600,0.07224,0.0724,0.07216,0.0722,583598.6
1784365200,0.07221,0.07222,0.07191,0.07213,4332414.5
1784368800,0.07212,0.07227,0.07209,0.07215,539049.4
1784372400,0.07215,0.07225,0.07213,0.0722,1523516.2
1784376000,0.07221,0.07246,0.072,0.07227,3601800.8
1784379600,0.07227,0.07227,0.07191,0.07207,707467.7
1784383200,0.07208,0.07231,0.07203,0.07223,1321117.9
1784386800,0.07224,0.07227,0.0721,0.07214,911478.9
1784390400,0.07213,0.0723,0.07204,0.07222,2417270.1
1784394000,0.07224,0.07243,0.07213,0.07234,2029650.0
1784397600,0.07236,0.0726,0.07223,0.07229,1593311.2
1784401200,0.0723,0.07239,0.07226,0.07236,905100.5
1784404800,0.07237,0.07252,0.07226,0.07237,1791652.8
1784408400,0.07236,0.07252,0.07222,0.07231,4062584.7
1784412000,0.07231,0.0725,0.07229,0.07243,2046738.2
1784415600,0.07244,0.07252,0.07235,0.07251,1091944.2
1784419200,0.07251,0.07252,0.07236,0.07248,715544.1
1784422800,0.07249,0.07252,0.07237,0.07237,684245.3
1784426400,0.07238,0.07278,0.07236,0.07262,2687466.9
1784430000,0.0726,0.0726,0.07231,0.07239,1468896.4
1784433600,0.07238,0.07244,0.07223,0.07232,597375.1
1784437200,0.07232,0.07245,0.07227,0.07229,581620.5
1784440800,0.07228,0.07248,0.07228,0.07243,636799.9
1784444400,0.07244,0.07259,0.07235,0.07242,992919.3
1784448000,0.07241,0.07268,0.07237,0.07261,555495.1
1784451600,0.07261,0.07273,0.07234,0.07244,765492.7
1784455200,0.07243,0.07273,0.07232,0.07257,1722956.0
1784458800,0.07258,0.07269,0.07244,0.07248,965496.5
1784462400,0.07246,0.07257,0.07226,0.07239,1239457.0
1784466000,0.07241,0.07249,0.07217,0.07238,1877343.4
1784469600,0.07237,0.07274,0.0723,0.07256,1873055.5
1784473200,0.07258,0.0726,0.07233,0.07242,1154366.5
1784476800,0.07243,0.07248,0.07225,0.07225,742994.4
1784480400,0.07224,0.07241,0.07181,0.0722,5477099.4
1784484000,0.07219,0.07219,0.07165,0.07201,4153394.1
1784487600,0.07202,0.07227,0.07192,0.07227,841096.8
1784491200,0.07228,0.07238,0.07221,0.07238,3266811.3
1784494800,0.07239,0.07239,0.07184,0.07195,1701646.3
1784498400,0.07193,0.07255,0.07188,0.07221,2976414.6
1784502000,0.0722,0.07241,0.072,0.0723,3916027.8
1784505600,0.07234,0.07304,0.07218,0.07243,3689475.1
1784509200,0.07244,0.07309,0.07217,0.07226,3138666.7
1784512800,0.07228,0.07278,0.07226,0.07266,3118610.0
1784516400,0.07266,0.07289,0.0725,0.07266,2651635.9
1784520000,0.07267,0.07271,0.07226,0.07227,1866235.7
1784523600,0.07227,0.07229,0.07142,0.07167,4310661.7
1784527200,0.07165,0.07174,0.07103,0.07128,6580513.5
1784530800,0.07129,0.07181,0.07126,0.07179,2081729.7
1784534400,0.07178,0.07193,0.07147,0.07174,2329620.8
1784538000,0.07174,0.07207,0.07167,0.07198,1174151.3
1784541600,0.07196,0.07224,0.07192,0.07213,1339009.9
1784545200,0.07214,0.07289,0.07208,0.07279,6411746.1
1784548800,0.07279,0.07282,0.07243,0.07248,4480774.2
1784552400,0.07249,0.07269,0.07187,0.07198,6340539.6
1784556000,0.07198,0.07248,0.07173,0.07231,9674699.5
1784559600,0.07232,0.07343,0.07228,0.0733,10014880.2
1784563200,0.07331,0.07353,0.07293,0.07319,10162585.3
1784566800,0.0732,0.07324,0.07276,0.07306,11513140.2
1784570400,0.07304,0.07323,0.07231,0.07238,26802618.6
1784574000,0.07236,0.07241,0.07141,0.07207,15680559.1
1784577600,0.0721,0.07232,0.0719,0.07212,4360073.3
1784581200,0.07211,0.07229,0.07204,0.07205,1899113.4
1784584800,0.07204,0.07204,0.07164,0.07175,2244738.4
1784588400,0.07175,0.07218,0.07169,0.07204,2052382.8
1784592000,0.07207,0.07235,0.07185,0.07226,1683135.0
1784595600,0.07224,0.0724,0.07214,0.0722,3712131.4
1784599200,0.07222,0.07256,0.07207,0.07246,1796263.2
1784602800,0.07247,0.07279,0.07246,0.07275,2726131.8
1784606400,0.07276,0.07282,0.07249,0.07265,2149987.7
1784610000,0.07264,0.07306,0.07264,0.07292,3425832.1
