time,open,high,low,close,volume
1777356000,3.89e-06,3.9e-06,3.84e-06,3.86e-06,25991409390.0
1777359600,3.85e-06,3.86e-06,3.82e-06,3.85e-06,30158199165.0
1777363200,3.85e-06,3.89e-06,3.84e-06,3.87e-06,30090752333.0
1777366800,3.87e-06,3.88e-06,3.84e-06,3.86e-06,13400067113.0
1777370400,3.86e-06,3.86e-06,3.83e-06,3.85e-06,10950612720.0
1777374000,3.84e-06,3.85e-06,3.82e-06,3.83e-06,32721077711.0
1777377600,3.83e-06,3.85e-06,3.82e-06,3.85e-06,46643229236.0
1777381200,3.85e-06,3.87e-06,3.81e-06,3.86e-06,68500336782.0
1777384800,3.85e-06,3.86e-06,3.82e-06,3.86e-06,75968186338.0
1777388400,3.87e-06,3.87e-06,3.85e-06,3.87e-06,40724705297.0
1777392000,3.87e-06,3.87e-06,3.84e-06,3.86e-06,37088713382.0
1777395600,3.86e-06,3.87e-06,3.83e-06,3.87e-06,13390767816.0
1777399200,3.87e-06,3.9e-06,3.86e-06,3.89e-06,64981112256.0
1777402800,3.89e-06,3.9e-06,3.88e-06,3.9e-06,88429639654.0
1777406400,3.9e-06,3.9e-06,3.88e-06,3.9e-06,22405346101.0
1777410000,3.91e-06,3.91e-06,3.87e-06,3.88e-06,20096275108.0
1777413600,3.89e-06,3.9e-06,3.87e-06,3.87e-06,40996586708.0
1777417200,3.88e-06,3.88e-06,3.86e-06,3.88e-06,36992889807.0
1777420800,3.88e-06,3.9e-06,3.87e-06,3.88e-06,22693752422.0
1777424400,3.89e-06,3.89e-06,3.86e-06,3.89e-06,27178886002.0
1777428000,3.89e-06,3.89e-06,3.86e-06,3.88e-06,21631240889.0
1777431600,3.88e-06,3.91e-06,3.87e-06,3.91e-06,45299257041.0
1777435200,3.91e-06,3.95e-06,3.9e-06,3.94e-06,94024771196.0
1777438800,3.94e-06,3.94e-06,3.92e-06,3.93e-06,30143080932.0
1777442400,3.92e-06,3.93e-06,3.89e-06,3.9e-06,13934737424.0
1777446000,3.9e-06,3.96e-06,3.9e-06,3.95e-06,23748189385.0
1777449600,3.95e-06,3.96e-06,3.93e-06,3.94e-06,33506935256.0
1777453200,3.94e-06,4.06e-06,3.94e-06,4.04e-06,198749669313.0
1777456800,4.05e-06,4.16e-06,4.04e-06,4.12e-06,181631107956.0
1777460400,4.12e-06,4.14e-06,4.08e-06,4.11e-06,100385767598.0
1777464000,4.11e-06,4.11e-06,3.96e-06,3.96e-06,94289216802.0
1777467600,3.96e-06,3.97e-06,3.87e-06,3.9e-06,109636042076.0
1777471200,3.9e-06,3.91e-06,3.86e-06,3.87e-06,90391231083.0
1777474800,3.87e-06,3.88e-06,3.81e-06,3.81e-06,124491507094.0
1777478400,3.82e-06,3.84e-06,3.81e-06,3.84e-06,109963885907.0
1777482000,3.84e-06,3.88e-06,3.83e-06,3.87e-06,45070515574.0
1777485600,3.87e-06,3.87e-06,3.74e-06,3.82e-06,138407996944.0
1777489200,3.82e-06,3.82e-06,3.78e-06,3.81e-06,24824632984.0
1777492800,3.81e-06,3.84e-06,3.79e-06,3.82e-06,49055346391.0
1777496400,3.83e-06,3.86e-06,3.82e-06,3.84e-06,27883902615.0
1777500000,3.84e-06,3.86e-06,3.83e-06,3.84e-06,40093235540.0
1777503600,3.84e-06,3.86e-06,3.83e-06,3.85e-06,32747440634.0
1777507200,3.85e-06,3.93e-06,3.85e-06,3.92e-06,213216285625.0
1777510800,3.92e-06,3.94e-06,3.9e-06,3.91e-06,73130219233.0
1777514400,3.91e-06,3.92e-06,3.82e-06,3.84e-06,87403245844.0
1777518000,3.84e-06,3.87e-06,3.83e-06,3.85e-06,41918231495.0
1777521600,3.85e-06,3.85e-06,3.81e-06,3.81e-06,43909214966.0
1777525200,3.81e-06,3.85e-06,3.8e-06,3.83e-06,31044676770.0
1777528800,3.83e-06,3.88e-06,3.82e-06,3.87e-06,39065646564.0
1777532400,3.88e-06,3.92e-06,3.88e-06,3.91e-06,59766775484.0
1777536000,3.91e-06,3.92e-06,3.88e-06,3.9e-06,44995917347.0
1777539600,3.9e-06,3.94e-06,3.89e-06,3.93e-06,73850002750.0
1777543200,3.92e-06,3.94e-06,3.9e-06,3.91e-06,52015532377.0
1777546800,3.92e-06,3.94e-06,3.88e-06,3.9e-06,37124855634.0
1777550400,3.9e-06,3.91e-06,3.87e-06,3.88e-06,29329566201.0
1777554000,3.88e-06,3.89e-06,3.86e-06,3.87e-06,25253593060.0
1777557600,3.87e-06,3.88e-06,3.82e-06,3.87e-06,118696105642.0
1777561200,3.87e-06,3.9e-06,3.85e-06,3.89e-06,37668855242.0
1777564800,3.89e-06,3.9e-06,3.86e-06,3.87e-06,64879188755.0
1777568400,3.88e-06,3.89e-06,3.86e-06,3.89e-06,48393402439.0
1777572000,3.89e-06,3.9e-06,3.87e-06,3.88e-06,88836143643.0
1777575600,3.88e-06,3.9e-06,3.88e-06,3.88e-06,13147349018.0
1777579200,3.88e-06,3.89e-06,3.86e-06,3.88e-06,21987346603.0
1777582800,3.88e-06,3.89e-06,3.85e-06,3.86e-06,11738172697.0
1777586400,3.87e-06,3.88e-06,3.85e-06,3.85e-06,132227508220.0
1777590000,3.86e-06,3.88e-06,3.84e-06,3.88e-06,34313760490.0
1777593600,3.88e-06,3.9e-06,3.88e-06,3.89e-06,86468045964.0
1777597200,3.89e-06,3.93e-06,3.89e-06,3.93e-06,65365516134.0
1777600800,3.92e-06,3.94e-06,3.91e-06,3.92e-06,85992508160.0
1777604400,3.92e-06,3.98e-06,3.92e-06,3.95e-06,97857193015.0
1777608000,3.95e-06,3.97e-06,3.94e-06,3.95e-06,54426486464.0
1777611600,3.95e-06,3.98e-06,3.94e-06,3.95e-06,22579017204.0
1777615200,3.96e-06,3.96e-06,3.91e-06,3.92e-06,15173803334.0
1777618800,3.92e-06,3.93e-06,3.91e-06,3.92e-06,15567458527.0
1777622400,3.92e-06,3.95e-06,3.92e-06,3.94e-06,15137242511.0
1777626000,3.93e-06,3.94e-06,3.9e-06,3.91e-06,6988519544.0
1777629600,3.91e-06,3.93e-06,3.9e-06,3.92e-06,7140418202.0
1777633200,3.92e-06,3.93e-06,3.91e-06,3.93e-06,25819162085.0
1777636800,3.92e-06,3.97e-06,3.92e-06,3.95e-06,41160629324.0
1777640400,3.96e-06,4e-06,3.96e-06,3.99e-06,78613152703.0
1777644000,3.98e-06,4e-06,3.97e-06,3.98e-06,122468353757.0
1777647600,3.98e-06,4.02e-06,3.97e-06,4e-06,104057053045.0
1777651200,4e-06,4.01e-06,3.97e-06,3.98e-06,83334738747.0
1777654800,3.98e-06,3.99e-06,3.96e-06,3.99e-06,21782946077.0
1777658400,3.99e-06,3.99e-06,3.97e-06,3.98e-06,20976973444.0
1777662000,3.99e-06,4e-06,3.97e-06,3.99e-06,15069116199.0
1777665600,3.99e-06,3.99e-06,3.95e-06,3.95e-06,43807895810.0
1777669200,3.95e-06,3.98e-06,3.95e-06,3.97e-06,19194544818.0
1777672800,3.97e-06,3.98e-06,3.94e-06,3.94e-06,20938686312.0
1777676400,3.94e-06,3.95e-06,3.93e-06,3.94e-06,18371374243.0
1777680000,3.94e-06,3.95e-06,3.93e-06,3.93e-06,34276725475.0
1777683600,3.94e-06,3.95e-06,3.93e-06,3.94e-06,15888927466.0
1777687200,3.93e-06,3.94e-06,3.92e-06,3.93e-06,15395541374.0
1777690800,3.93e-06,3.94e-06,3.92e-06,3.94e-06,10151408532.0
1777694400,3.93e-06,3.94e-06,3.9e-06,3.91e-06,17692275499.0
1777698000,3.91e-06,3.92e-06,3.9e-06,3.91e-06,26704978570.0
1777701600,3.92e-06,3.95e-06,3.92e-06,3.94e-06,8591797211.0
1777705200,3.94e-06,3.94e-06,3.93e-06,3.93e-06,10734074616.0
1777708800,3.93e-06,3.93e-06,3.91e-06,3.92e-06,16182920548.0
1777712400,3.92e-06,3.95e-06,3.92e-06,3.93e-06,22645281224.0
1777716000,3.93e-06,3.94e-06,3.93e-06,3.93e-06,7516932312.0
1777719600,3.93e-06,3.93e-06,3.91e-06,3.91e-06,23082636884.0
1777723200,3.91e-06,3.93e-06,3.91e-06,3.92e-06,14530347130.0
1777726800,3.92e-06,3.95e-06,3.92e-06,3.94e-06,26387561835.0
1777730400,3.94e-06,3.96e-06,3.93e-06,3.96e-06,13783393077.0
1777734000,3.95e-06,3.98e-06,3.95e-06,3.98e-06,46658545647.0
1777737600,3.97e-06,4e-06,3.96e-06,3.99e-06,78479845055.0
1777741200,4e-06,4e-06,3.96e-06,3.96e-06,12341365500.0
1777744800,3.96e-06,3.98e-06,3.94e-06,3.97e-06,10140039569.0
1777748400,3.97e-06,3.98e-06,3.97e-06,3.97e-06,8551514316.0
1777752000,3.97e-06,3.99e-06,3.97e-06,3.97e-06,26395011123.0
1777755600,3.97e-06,4.02e-06,3.97e-06,3.99e-06,96370833284.0
1777759200,4e-06,4.01e-06,3.98e-06,3.99e-06,30153808773.0
1777762800,3.99e-06,4.01e-06,3.98e-06,4e-06,36003665531.0
1777766400,4e-06,4e-06,3.95e-06,3.96e-06,95327399921.0
1777770000,3.96e-06,3.96e-06,3.92e-06,3.93e-06,37212329610.0
1777773600,3.93e-06,3.93e-06,3.91e-06,3.92e-06,30889430756.0
1777777200,3.92e-06,3.95e-06,3.91e-06,3.94e-06,25797216649.0
1777780800,3.94e-06,3.95e-06,3.93e-06,3.93e-06,9468385573.0
1777784400,3.94e-06,3.94e-06,3.93e-06,3.93e-06,22731036256.0
1777788000,3.93e-06,3.93e-06,3.91e-06,3.93e-06,18424589260.0
1777791600,3.93e-06,3.95e-06,3.93e-06,3.94e-06,17942541813.0
1777795200,3.94e-06,3.95e-06,3.93e-06,3.94e-06,15186008990.0
1777798800,3.94e-06,3.96e-06,3.94e-06,3.95e-06,14486452369.0
1777802400,3.94e-06,3.95e-06,3.93e-06,3.93e-06,5941168680.0
1777806000,3.93e-06,3.96e-06,3.93e-06,3.95e-06,26189024913.0
1777809600,3.95e-06,3.97e-06,3.95e-06,3.96e-06,75030556650.0
1777813200,3.95e-06,3.98e-06,3.94e-06,3.96e-06,34996553660.0
1777816800,3.95e-06,3.97e-06,3.95e-06,3.97e-06,48238979117.0
1777820400,3.97e-06,3.98e-06,3.95e-06,3.96e-06,75803783856.0
1777824000,3.96e-06,3.96e-06,3.93e-06,3.93e-06,23245556094.0
1777827600,3.94e-06,3.96e-06,3.93e-06,3.95e-06,13188162638.0
1777831200,3.94e-06,3.95e-06,3.94e-06,3.94e-06,6583078995.0
1777834800,3.95e-06,3.97e-06,3.94e-06,3.96e-06,33416532852.0
1777838400,3.96e-06,3.98e-06,3.96e-06,3.96e-06,49608092595.0
1777842000,3.96e-06,3.98e-06,3.93e-06,3.93e-06,48644258486.0
1777845600,3.94e-06,4e-06,3.94e-06,3.99e-06,233640608403.0
1777849200,3.99e-06,4e-06,3.94e-06,3.94e-06,264065527443.0
1777852800,3.94e-06,3.97e-06,3.9e-06,3.97e-06,114561699244.0
1777856400,3.97e-06,4.04e-06,3.94e-06,4.03e-06,259032131003.0
1777860000,4.04e-06,4.1e-06,4.03e-06,4.08e-06,151858033814.0
1777863600,4.08e-06,4.1e-06,4.05e-06,4.1e-06,63961485365.0
1777867200,4.09e-06,4.12e-06,4.08e-06,4.1e-06,51391884357.0
1777870800,4.1e-06,4.1e-06,4.05e-06,4.06e-06,117398786583.0
1777874400,4.06e-06,4.06e-06,3.99e-06,4.02e-06,352585881814.0
1777878000,4.03e-06,4.05e-06,4.02e-06,4.03e-06,94895136290.0
1777881600,4.02e-06,4.04e-06,4.01e-06,4.02e-06,19945043078.0
1777885200,4.02e-06,4.07e-06,4.02e-06,4.05e-06,23921784541.0
1777888800,4.05e-06,4.05e-06,3.94e-06,3.97e-06,188419828324.0
1777892400,3.97e-06,4e-06,3.97e-06,3.99e-06,30255800767.0
1777896000,3.99e-06,4e-06,3.98e-06,3.98e-06,38485909034.0
1777899600,3.97e-06,4.01e-06,3.96e-06,3.99e-06,59849605880.0
1777903200,3.99e-06,4.07e-06,3.97e-06,4.05e-06,97476502329.0
1777906800,4.05e-06,4.06e-06,3.97e-06,4e-06,123112196726.0
1777910400,4e-06,4.03e-06,3.97e-06,4.02e-06,54946731928.0
1777914000,4.01e-06,4.06e-06,4.01e-06,4.05e-06,70421407881.0
1777917600,4.05e-06,4.07e-06,4.03e-06,4.04e-06,53271363998.0
1777921200,4.04e-06,4.04e-06,3.99e-06,4e-06,315782279090.0
1777924800,4e-06,4.02e-06,3.97e-06,4e-06,481662343913.0
1777928400,4e-06,4.03e-06,4e-06,4.02e-06,52907445897.0
1777932000,4.02e-06,4.03e-06,3.99e-06,3.99e-06,42548044234.0
1777935600,3.99e-06,3.99e-06,3.97e-06,3.98e-06,55091050943.0
1777939200,3.98e-06,4.01e-06,3.98e-06,4.01e-06,51255401765.0
1777942800,4e-06,4.04e-06,4e-06,4.02e-06,48762303899.0
1777946400,4.03e-06,4.04e-06,4.02e-06,4.02e-06,41772568724.0
1777950000,4.01e-06,4.05e-06,4.01e-06,4.04e-06,46125517436.0
1777953600,4.04e-06,4.06e-06,4.02e-06,4.04e-06,38335437042.0
1777957200,4.04e-06,4.07e-06,4.04e-06,4.07e-06,39883525935.0
1777960800,4.07e-06,4.08e-06,4.05e-06,4.08e-06,34522039394.0
1777964400,4.09e-06,4.1e-06,4.07e-06,4.07e-06,38844403746.0
1777968000,4.08e-06,4.1e-06,4.07e-06,4.08e-06,16870408103.0
1777971600,4.09e-06,4.09e-06,4.05e-06,4.06e-06,15551130772.0
1777975200,4.06e-06,4.09e-06,4.06e-06,4.07e-06,14608847439.0
1777978800,4.07e-06,4.09e-06,4.05e-06,4.08e-06,29597364416.0
1777982400,4.08e-06,4.1e-06,4.07e-06,4.09e-06,53767587085.0
1777986000,4.09e-06,4.14e-06,4.07e-06,4.11e-06,118673133671.0
1777989600,4.11e-06,4.16e-06,4.08e-06,4.09e-06,135557132866.0
1777993200,4.1e-06,4.11e-06,4.08e-06,4.09e-06,63428401474.0
1777996800,4.09e-06,4.09e-06,4.05e-06,4.06e-06,100394467294.0
1778000400,4.07e-06,4.09e-06,4.06e-06,4.08e-06,64932370335.0
1778004000,4.09e-06,4.1e-06,4.08e-06,4.09e-06,36182478837.0
1778007600,4.09e-06,4.14e-06,4.08e-06,4.13e-06,359907300507.0
1778011200,4.12e-06,4.22e-06,4.12e-06,4.2e-06,641314244669.0
1778014800,4.2e-06,4.23e-06,4.15e-06,4.19e-06,407876976746.0
1778018400,4.2e-06,4.2e-06,4.12e-06,4.13e-06,209156403376.0
1778022000,4.13e-06,4.15e-06,4.09e-06,4.11e-06,111889226843.0
1778025600,4.12e-06,4.14e-06,4.11e-06,4.13e-06,78237544335.0
1778029200,4.12e-06,4.21e-06,4.12e-06,4.2e-06,172954774487.0
1778032800,4.19e-06,4.21e-06,4.15e-06,4.2e-06,53638262451.0
1778036400,4.2e-06,4.26e-06,4.18e-06,4.24e-06,146539195016.0
1778040000,4.23e-06,4.24e-06,4.18e-06,4.19e-06,92776305953.0
1778043600,4.19e-06,4.25e-06,4.19e-06,4.25e-06,111457864620.0
1778047200,4.25e-06,4.26e-06,4.22e-06,4.24e-06,81354363290.0
1778050800,4.24e-06,4.25e-06,4.22e-06,4.22e-06,72607933663.0
1778054400,4.22e-06,4.27e-06,4.21e-06,4.26e-06,70207014449.0
1778058000,4.26e-06,4.27e-06,4.23e-06,4.26e-06,107748547393.0
1778061600,4.27e-06,4.28e-06,4.24e-06,4.25e-06,117390145680.0
1778065200,4.24e-06,4.27e-06,4.23e-06,4.26e-06,69969277928.0
1778068800,4.25e-06,4.26e-06,4.21e-06,4.22e-06,268163137354.0
1778072400,4.22e-06,4.22e-06,4.11e-06,4.14e-06,696091718104.0
1778076000,4.13e-06,4.16e-06,4.08e-06,4.13e-06,349814288327.0
1778079600,4.14e-06,4.16e-06,4.12e-06,4.15e-06,205514948739.0
1778083200,4.15e-06,4.17e-06,4.13e-06,4.16e-06,92814890627.0
1778086800,4.15e-06,4.17e-06,4.13e-06,4.14e-06,79415554422.0
1778090400,4.14e-06,4.15e-06,4.13e-06,4.14e-06,80715602948.0
1778094000,4.14e-06,4.15e-06,4.12e-06,4.15e-06,46510938852.0
1778097600,4.15e-06,4.17e-06,4.13e-06,4.15e-06,18328105638.0
1778101200,4.15e-06,4.19e-06,4.14e-06,4.18e-06,21384749444.0
1778104800,4.18e-06,4.18e-06,4.13e-06,4.14e-06,122305310539.0
1778108400,4.14e-06,4.17e-06,4.12e-06,4.16e-06,116508404669.0
1778112000,4.16e-06,4.17e-06,4.11e-06,4.11e-06,82580818542.0
1778115600,4.11e-06,4.13e-06,4.08e-06,4.1e-06,69113009708.0
1778119200,4.1e-06,4.1e-06,4.08e-06,4.1e-06,35829346475.0
1778122800,4.1e-06,4.11e-06,4.08e-06,4.09e-06,15598826712.0
1778126400,4.09e-06,4.14e-06,4.08e-06,4.14e-06,42539142759.0
1778130000,4.14e-06,4.17e-06,4.14e-06,4.17e-06,57693370075.0
1778133600,4.16e-06,4.18e-06,4.13e-06,4.18e-06,60599514218.0
1778137200,4.18e-06,4.25e-06,4.18e-06,4.24e-06,130345968514.0
1778140800,4.23e-06,4.24e-06,4.2e-06,4.21e-06,68502469284.0
1778144400,4.21e-06,4.21e-06,4.17e-06,4.19e-06,18303727157.0
1778148000,4.2e-06,4.2e-06,4.15e-06,4.18e-06,36873889857.0
1778151600,4.18e-06,4.21e-06,4.18e-06,4.18e-06,31017960642.0
1778155200,4.19e-06,4.27e-06,4.19e-06,4.25e-06,101783156885.0
1778158800,4.25e-06,4.26e-06,4.16e-06,4.19e-06,94989576724.0
1778162400,4.19e-06,4.2e-06,4.11e-06,4.15e-06,96275166658.0
1778166000,4.13e-06,4.16e-06,4.09e-06,4.11e-06,94597980040.0
1778169600,4.11e-06,4.14e-06,4.1e-06,4.12e-06,70187878652.0
1778173200,4.12e-06,4.16e-06,4.11e-06,4.16e-06,56091078272.0
1778176800,4.16e-06,4.21e-06,4.15e-06,4.15e-06,88682522302.0
1778180400,4.15e-06,4.17e-06,4.13e-06,4.15e-06,59202702339.0
1778184000,4.15e-06,4.17e-06,4.13e-06,4.14e-06,69011114469.0
1778187600,4.13e-06,4.15e-06,4.11e-06,4.12e-06,32260509752.0
1778191200,4.12e-06,4.15e-06,4.11e-06,4.14e-06,35429703508.0
1778194800,4.15e-06,4.17e-06,4.14e-06,4.16e-06,28616135413.0
1778198400,4.16e-06,4.17e-06,4.12e-06,4.14e-06,16162901003.0
1778202000,4.13e-06,4.14e-06,4.11e-06,4.14e-06,9269819925.0
1778227200,4.14e-06,4.18e-06,4.14e-06,4.16e-06,19377038230.0
1778230800,4.16e-06,4.21e-06,4.16e-06,4.19e-06,34123467728.0
1778234400,4.19e-06,4.24e-06,4.17e-06,4.19e-06,31299304704.0
1778238000,4.2e-06,4.21e-06,4.17e-06,4.21e-06,45471416587.0
1778241600,4.21e-06,4.22e-06,4.17e-06,4.17e-06,23489093442.0
1778245200,4.17e-06,4.19e-06,4.15e-06,4.19e-06,27680328878.0
1778248800,4.19e-06,4.26e-06,4.19e-06,4.24e-06,59970507161.0
1778252400,4.24e-06,4.28e-06,4.19e-06,4.28e-06,90256641964.0
1778256000,4.28e-06,4.29e-06,4.23e-06,4.24e-06,60163080405.0
1778259600,4.24e-06,4.34e-06,4.24e-06,4.32e-06,127321196952.0
1778263200,4.32e-06,4.35e-06,4.3e-06,4.33e-06,107273878212.0
1778266800,4.32e-06,4.37e-06,4.31e-06,4.33e-06,125183823602.0
1778270400,4.34e-06,4.36e-06,4.31e-06,4.32e-06,42839848323.0
1778274000,4.32e-06,4.35e-06,4.31e-06,4.34e-06,45090993199.0
1778277600,4.34e-06,4.35e-06,4.31e-06,4.32e-06,107870491618.0
1778281200,4.32e-06,4.33e-06,4.29e-06,4.32e-06,53399752964.0
1778284800,4.32e-06,4.34e-06,4.31e-06,4.33e-06,23488693255.0
1778288400,4.33e-06,4.37e-06,4.33e-06,4.35e-06,9830292733.0
1778292000,4.36e-06,4.37e-06,4.33e-06,4.33e-06,42475447575.0
1778295600,4.33e-06,4.35e-06,4.32e-06,4.34e-06,31721394261.0
1778299200,4.35e-06,4.36e-06,4.32e-06,4.32e-06,19620915645.0
1778302800,4.32e-06,4.35e-06,4.32e-06,4.34e-06,34272897255.0
1778306400,4.34e-06,4.36e-06,4.31e-06,4.32e-06,31133514464.0
1778310000,4.32e-06,4.34e-06,4.3e-06,4.31e-06,20791036827.0
1778313600,4.31e-06,4.33e-06,4.31e-06,4.31e-06,27936278000.0
1778317200,4.31e-06,4.32e-06,4.28e-06,4.29e-06,36407962931.0
1778320800,4.29e-06,4.32e-06,4.28e-06,4.31e-06,22750126345.0
1778324400,4.32e-06,4.33e-06,4.31e-06,4.31e-06,21383006143.0
1778328000,4.32e-06,4.32e-06,4.29e-06,4.31e-06,33415959999.0
1778331600,4.31e-06,4.31e-06,4.27e-06,4.29e-06,29907211888.0
1778335200,4.29e-06,4.29e-06,4.25e-06,4.26e-06,104133698056.0
1778338800,4.25e-06,4.27e-06,4.24e-06,4.25e-06,48187908293.0
1778342400,4.24e-06,4.26e-06,4.23e-06,4.25e-06,30626681213.0
1778346000,4.25e-06,4.29e-06,4.25e-06,4.27e-06,33767485190.0
1778349600,4.27e-06,4.29e-06,4.27e-06,4.28e-06,45294023518.0
1778353200,4.28e-06,4.29e-06,4.26e-06,4.28e-06,66065101634.0
1778356800,4.28e-06,4.28e-06,4.26e-06,4.26e-06,13428505267.0
1778360400,4.26e-06,4.28e-06,4.26e-06,4.27e-06,14210492242.0
1778364000,4.26e-06,4.27e-06,4.25e-06,4.26e-06,42751541027.0
1778367600,4.26e-06,4.26e-06,4.23e-06,4.25e-06,33450831696.0
1778371200,4.25e-06,4.26e-06,4.22e-06,4.22e-06,46845311164.0
1778374800,4.22e-06,4.22e-06,4.19e-06,4.2e-06,117829039134.0
1778378400,4.21e-06,4.25e-06,4.21e-06,4.23e-06,20845884398.0
1778382000,4.24e-06,4.24e-06,4.22e-06,4.23e-06,40762356006.0
1778385600,4.23e-06,4.25e-06,4.22e-06,4.23e-06,30667206564.0
1778389200,4.22e-06,4.25e-06,4.22e-06,4.24e-06,19714336452.0
1778392800,4.23e-06,4.24e-06,4.22e-06,4.24e-06,15570746722.0
1778396400,4.24e-06,4.25e-06,4.23e-06,4.24e-06,9558728022.0
1778400000,4.24e-06,4.28e-06,4.24e-06,4.27e-06,27125866090.0
1778403600,4.27e-06,4.28e-06,4.26e-06,4.26e-06,10254253356.0
1778407200,4.26e-06,4.28e-06,4.25e-06,4.28e-06,13561425376.0
1778410800,4.27e-06,4.28e-06,4.25e-06,4.26e-06,8446416683.0
1778414400,4.26e-06,4.26e-06,4.25e-06,4.26e-06,8189450533.0
1778418000,4.26e-06,4.28e-06,4.25e-06,4.27e-06,15447007307.0
1778421600,4.27e-06,4.28e-06,4.25e-06,4.27e-06,38577907284.0
1778425200,4.27e-06,4.32e-06,4.27e-06,4.31e-06,34681379445.0
1778428800,4.32e-06,4.37e-06,4.32e-06,4.36e-06,80000402894.0
1778432400,4.36e-06,4.58e-06,4.33e-06,4.48e-06,661049188150.0
1778436000,4.49e-06,4.55e-06,4.47e-06,4.53e-06,162257856074.0
1778439600,4.54e-06,4.54e-06,4.46e-06,4.49e-06,122256271967.0
1778443200,4.49e-06,4.51e-06,4.28e-06,4.32e-06,288422911401.0
1778446800,4.33e-06,4.38e-06,4.29e-06,4.34e-06,159794612477.0
1778450400,4.34e-06,4.45e-06,4.34e-06,4.43e-06,121895531170.0
1778454000,4.44e-06,4.45e-06,4.39e-06,4.41e-06,123503451245.0
1778457600,4.41e-06,4.42e-06,4.33e-06,4.35e-06,162349383312.0
1778461200,4.34e-06,4.38e-06,4.33e-06,4.35e-06,80791878341.0
1778464800,4.35e-06,4.35e-06,4.3e-06,4.33e-06,87760752066.0
1778468400,4.32e-06,4.32e-06,4.27e-06,4.29e-06,89143089677.0
1778472000,4.28e-06,4.32e-06,4.28e-06,4.32e-06,60370843315.0
1778475600,4.32e-06,4.35e-06,4.31e-06,4.34e-06,37171952295.0
1778479200,4.33e-06,4.35e-06,4.32e-06,4.33e-06,29117530040.0
1778482800,4.32e-06,4.32e-06,4.3e-06,4.31e-06,37210209191.0
1778486400,4.31e-06,4.34e-06,4.3e-06,4.31e-06,32564007994.0
1778490000,4.32e-06,4.34e-06,4.31e-06,4.33e-06,40057259356.0
1778493600,4.33e-06,4.36e-06,4.32e-06,4.32e-06,66282325011.0
1778497200,4.33e-06,4.34e-06,4.31e-06,4.33e-06,42165440390.0
1778500800,4.33e-06,4.34e-06,4.29e-06,4.3e-06,57593832493.0
1778504400,4.3e-06,4.33e-06,4.29e-06,4.32e-06,82470118159.0
1778508000,4.33e-06,4.34e-06,4.27e-06,4.29e-06,81180659804.0
1778511600,4.28e-06,4.36e-06,4.28e-06,4.34e-06,62920285243.0
1778515200,4.35e-06,4.36e-06,4.33e-06,4.34e-06,67203898240.0
1778518800,4.34e-06,4.38e-06,4.33e-06,4.36e-06,42545229676.0
1778522400,4.37e-06,4.39e-06,4.35e-06,4.36e-06,147005821582.0
1778526000,4.36e-06,4.38e-06,4.35e-06,4.38e-06,134952290557.0
1778529600,4.38e-06,4.39e-06,4.35e-06,4.36e-06,37926130847.0
1778533200,4.35e-06,4.38e-06,4.34e-06,4.34e-06,45043323305.0
1778536800,4.34e-06,4.36e-06,4.33e-06,4.34e-06,65128779793.0
1778540400,4.33e-06,4.36e-06,4.32e-06,4.34e-06,40589957136.0
1778544000,4.34e-06,4.35e-06,4.33e-06,4.34e-06,36311790067.0
1778547600,4.34e-06,4.35e-06,4.24e-06,4.28e-06,70050484165.0
1778551200,4.28e-06,4.3e-06,4.27e-06,4.3e-06,54003888624.0
1778554800,4.3e-06,4.3e-06,4.27e-06,4.27e-06,24272295693.0
1778558400,4.27e-06,4.3e-06,4.27e-06,4.29e-06,13802112852.0
1778562000,4.29e-06,4.3e-06,4.28e-06,4.29e-06,15905517871.0
1778565600,4.29e-06,4.3e-06,4.27e-06,4.27e-06,38429079193.0
1778569200,4.26e-06,4.28e-06,4.26e-06,4.27e-06,28779708537.0
1778572800,4.27e-06,4.27e-06,4.23e-06,4.23e-06,70845064419.0
1778576400,4.23e-06,4.25e-06,4.21e-06,4.23e-06,37997156209.0
1778580000,4.24e-06,4.24e-06,4.2e-06,4.21e-06,39903393020.0
1778583600,4.21e-06,4.22e-06,4.17e-06,4.21e-06,46190927694.0
1778587200,4.2e-06,4.21e-06,4.15e-06,4.2e-06,97290073975.0
1778590800,4.2e-06,4.22e-06,4.14e-06,4.14e-06,79657046807.0
1778594400,4.14e-06,4.17e-06,4.09e-06,4.11e-06,521274945148.0
1778598000,4.11e-06,4.12e-06,4.07e-06,4.09e-06,98156757596.0
1778601600,4.09e-06,4.12e-06,4.06e-06,4.08e-06,69882572441.0
1778605200,4.08e-06,4.13e-06,4.08e-06,4.12e-06,42633379461.0
1778608800,4.11e-06,4.14e-06,4.1e-06,4.12e-06,41190357360.0
1778612400,4.12e-06,4.16e-06,4.12e-06,4.14e-06,43573508081.0
1778616000,4.15e-06,4.16e-06,4.14e-06,4.16e-06,45485826304.0
1778619600,4.16e-06,4.17e-06,4.14e-06,4.17e-06,65967374370.0
1778623200,4.17e-06,4.18e-06,4.15e-06,4.16e-06,62444420749.0
1778626800,4.16e-06,4.17e-06,4.13e-06,4.14e-06,39791953420.0
1778630400,4.14e-06,4.17e-06,4.13e-06,4.17e-06,49389619685.0
1778634000,4.16e-06,4.21e-06,4.16e-06,4.19e-06,64875671551.0
1778637600,4.19e-06,4.2e-06,4.18e-06,4.19e-06,13258442406.0
1778641200,4.19e-06,4.21e-06,4.18e-06,4.2e-06,36574531377.0
1778644800,4.2e-06,4.22e-06,4.19e-06,4.21e-06,24530465013.0
1778648400,4.21e-06,4.22e-06,4.17e-06,4.18e-06,28503856571.0
1778652000,4.18e-06,4.2e-06,4.17e-06,4.18e-06,43309641376.0
1778655600,4.18e-06,4.2e-06,4.18e-06,4.19e-06,55933573366.0
1778659200,4.19e-06,4.2e-06,4.18e-06,4.2e-06,25616433002.0
1778662800,4.2e-06,4.27e-06,4.2e-06,4.26e-06,65811078086.0
1778666400,4.26e-06,4.26e-06,4.21e-06,4.21e-06,95916207462.0
1778670000,4.21e-06,4.21e-06,4.16e-06,4.17e-06,32993229224.0
1778673600,4.17e-06,4.18e-06,4.08e-06,4.11e-06,67086095850.0
1778677200,4.12e-06,4.13e-06,4.04e-06,4.06e-06,104877679635.0
1778680800,4.06e-06,4.09e-06,4.04e-06,4.08e-06,60349859113.0
1778684400,4.07e-06,4.08e-06,3.99e-06,4e-06,109781749422.0
1778688000,4e-06,4.06e-06,3.99e-06,4.06e-06,51438760903.0
1778691600,4.07e-06,4.07e-06,4.05e-06,4.06e-06,38053784400.0
1778695200,4.06e-06,4.1e-06,4.06e-06,4.08e-06,57561932035.0
1778698800,4.07e-06,4.08e-06,4.05e-06,4.06e-06,83419723157.0
1778702400,4.06e-06,4.07e-06,4.05e-06,4.06e-06,27868973984.0
1778706000,4.05e-06,4.06e-06,4.03e-06,4.04e-06,14238625186.0
1778709600,4.04e-06,4.06e-06,4.01e-06,4.06e-06,98193867785.0
1778713200,4.06e-06,4.06e-06,4.05e-06,4.05e-06,34899982198.0
1778716800,4.06e-06,4.09e-06,4.05e-06,4.08e-06,30092088379.0
1778720400,4.08e-06,4.09e-06,4.07e-06,4.08e-06,47943599690.0
1778724000,4.08e-06,4.1e-06,4.05e-06,4.05e-06,33685051771.0
1778727600,4.06e-06,4.06e-06,4e-06,4.01e-06,81050423490.0
1778731200,4.01e-06,4.05e-06,4e-06,4.04e-06,29781206707.0
1778734800,4.05e-06,4.08e-06,4.04e-06,4.08e-06,68726939512.0
1778738400,4.07e-06,4.08e-06,4.04e-06,4.06e-06,28636268678.0
1778742000,4.06e-06,4.06e-06,4.04e-06,4.04e-06,42421373521.0
1778745600,4.04e-06,4.05e-06,4.02e-06,4.04e-06,33350370573.0
1778749200,4.04e-06,4.04e-06,4.01e-06,4.03e-06,23780382065.0
1778752800,4.03e-06,4.04e-06,4.01e-06,4.03e-06,38223588590.0
1778756400,4.04e-06,4.04e-06,4e-06,4e-06,41286446110.0
1778760000,4e-06,4.04e-06,4e-06,4.04e-06,49789220761.0
1778763600,4.04e-06,4.07e-06,4.03e-06,4.03e-06,64305502819.0
1778767200,4.04e-06,4.12e-06,4.03e-06,4.12e-06,125281399509.0
1778770800,4.12e-06,4.13e-06,4.09e-06,4.12e-06,121073830476.0
1778774400,4.12e-06,4.15e-06,4.1e-06,4.15e-06,101417173424.0
1778778000,4.15e-06,4.18e-06,4.11e-06,4.16e-06,125990645310.0
1778781600,4.16e-06,4.21e-06,4.15e-06,4.19e-06,82700536454.0
1778785200,4.19e-06,4.22e-06,4.16e-06,4.16e-06,45723633810.0
1778788800,4.17e-06,4.17e-06,4.12e-06,4.15e-06,55044405650.0
1778792400,4.14e-06,4.14e-06,4.11e-06,4.12e-06,42154309316.0
1778796000,4.12e-06,4.14e-06,4.12e-06,4.12e-06,25780120862.0
1778799600,4.12e-06,4.12e-06,4.09e-06,4.09e-06,62864266219.0
1778803200,4.09e-06,4.13e-06,4.09e-06,4.11e-06,35833989777.0
1778806800,4.11e-06,4.11e-06,4.07e-06,4.07e-06,25045061282.0
1778810400,4.07e-06,4.1e-06,4.05e-06,4.09e-06,71591515647.0
1778814000,4.09e-06,4.1e-06,4.07e-06,4.07e-06,16239228937.0
1778817600,4.07e-06,4.08e-06,4.04e-06,4.04e-06,32532744109.0
1778821200,4.04e-06,4.06e-06,3.97e-06,3.98e-06,60133926303.0
1778824800,3.99e-06,4.03e-06,3.98e-06,4.02e-06,30171332100.0
1778828400,4.03e-06,4.06e-06,4.03e-06,4.04e-06,30424103324.0
1778832000,4.04e-06,4.05e-06,4.02e-06,4.02e-06,24102093536.0
1778835600,4.03e-06,4.03e-06,4.01e-06,4.02e-06,32066447178.0
1778839200,4.02e-06,4.05e-06,4.01e-06,4.05e-06,32251954089.0
1778842800,4.05e-06,4.05e-06,4.02e-06,4.02e-06,8583871687.0
1778846400,4.02e-06,4.02e-06,3.99e-06,4e-06,19567777338.0
1778850000,3.99e-06,4e-06,3.84e-06,3.84e-06,241152025296.0
1778853600,3.83e-06,3.9e-06,3.83e-06,3.87e-06,95925977853.0
1778857200,3.87e-06,3.88e-06,3.85e-06,3.86e-06,64336615164.0
1778860800,3.87e-06,3.93e-06,3.86e-06,3.92e-06,132497785777.0
1778864400,3.92e-06,3.94e-06,3.92e-06,3.94e-06,33812326134.0
1778868000,3.94e-06,3.94e-06,3.91e-06,3.92e-06,45993533680.0
1778871600,3.92e-06,3.93e-06,3.9e-06,3.92e-06,36143523352.0
1778875200,3.91e-06,3.91e-06,3.89e-06,3.89e-06,46166483212.0
1778878800,3.89e-06,3.9e-06,3.89e-06,3.89e-06,11794646328.0
1778882400,3.88e-06,3.91e-06,3.88e-06,3.9e-06,17031071247.0
1778886000,3.9e-06,3.91e-06,3.89e-06,3.9e-06,15494252691.0
1778889600,3.9e-06,3.92e-06,3.9e-06,3.91e-06,8854553405.0
1778893200,3.9e-06,3.91e-06,3.89e-06,3.9e-06,7521122378.0
1778896800,3.9e-06,3.91e-06,3.89e-06,3.89e-06,13772622114.0
1778900400,3.9e-06,3.91e-06,3.89e-06,3.89e-06,12767992526.0
1778904000,3.89e-06,3.89e-06,3.83e-06,3.86e-06,44525303589.0
1778907600,3.86e-06,3.86e-06,3.84e-06,3.85e-06,17102897678.0
1778911200,3.85e-06,3.85e-06,3.79e-06,3.81e-06,75378241909.0
1778914800,3.81e-06,3.81e-06,3.73e-06,3.8e-06,69676542327.0
1778918400,3.79e-06,3.8e-06,3.77e-06,3.77e-06,6943646562.0
1778922000,3.77e-06,3.78e-06,3.71e-06,3.73e-06,148345704279.0
1778925600,3.73e-06,3.73e-06,3.7e-06,3.73e-06,79972513001.0
1778929200,3.73e-06,3.75e-06,3.72e-06,3.74e-06,26299936220.0
1778932800,3.74e-06,3.75e-06,3.73e-06,3.73e-06,17756313873.0
1778936400,3.73e-06,3.74e-06,3.72e-06,3.73e-06,12098255764.0
1778940000,3.73e-06,3.76e-06,3.72e-06,3.75e-06,56892664519.0
1778943600,3.76e-06,3.78e-06,3.75e-06,3.77e-06,47268070112.0
1778947200,3.77e-06,3.79e-06,3.76e-06,3.78e-06,32716715502.0
1778950800,3.78e-06,3.8e-06,3.78e-06,3.78e-06,24514025978.0
1778954400,3.78e-06,3.79e-06,3.76e-06,3.77e-06,30432661715.0
1778958000,3.78e-06,3.78e-06,3.76e-06,3.77e-06,42231725369.0
1778961600,3.77e-06,3.78e-06,3.77e-06,3.77e-06,18205493787.0
1778965200,3.77e-06,3.78e-06,3.76e-06,3.76e-06,13499837783.0
1778968800,3.76e-06,3.76e-06,3.75e-06,3.76e-06,13622698006.0
1778972400,3.76e-06,3.77e-06,3.75e-06,3.76e-06,21167875472.0
1778976000,3.77e-06,3.77e-06,3.74e-06,3.74e-06,13886467402.0
1778979600,3.74e-06,3.75e-06,3.71e-06,3.72e-06,54004459960.0
1778983200,3.72e-06,3.74e-06,3.72e-06,3.74e-06,29529109879.0
1778986800,3.74e-06,3.77e-06,3.73e-06,3.76e-06,22765394364.0
1778990400,3.76e-06,3.79e-06,3.76e-06,3.78e-06,12322712743.0
1778994000,3.79e-06,3.8e-06,3.77e-06,3.77e-06,12110709120.0
1778997600,3.77e-06,3.78e-06,3.77e-06,3.77e-06,4918319407.0
1779001200,3.77e-06,3.8e-06,3.77e-06,3.78e-06,17326102399.0
1779004800,3.78e-06,3.79e-06,3.77e-06,3.77e-06,2342688985.0
1779008400,3.77e-06,3.79e-06,3.77e-06,3.79e-06,10266788715.0
1779012000,3.79e-06,3.8e-06,3.78e-06,3.78e-06,45441758885.0
1779015600,3.78e-06,3.79e-06,3.77e-06,3.77e-06,7621192632.0
1779019200,3.77e-06,3.78e-06,3.76e-06,3.76e-06,10322362840.0
1779022800,3.76e-06,3.76e-06,3.73e-06,3.75e-06,40233851481.0
1779026400,3.75e-06,3.75e-06,3.72e-06,3.74e-06,37577011188.0
1779030000,3.73e-06,3.75e-06,3.72e-06,3.74e-06,24913525267.0
1779033600,3.74e-06,3.75e-06,3.72e-06,3.72e-06,11913456934.0
1779037200,3.72e-06,3.73e-06,3.69e-06,3.73e-06,119614432782.0
1779040800,3.73e-06,3.74e-06,3.71e-06,3.74e-06,71226810245.0
1779044400,3.74e-06,3.77e-06,3.74e-06,3.76e-06,26515392207.0
1779048000,3.76e-06,3.76e-06,3.74e-06,3.75e-06,36015399936.0
1779051600,3.75e-06,3.77e-06,3.75e-06,3.75e-06,25081567817.0
1779055200,3.75e-06,3.75e-06,3.72e-06,3.72e-06,68219621015.0
1779058800,3.72e-06,3.73e-06,3.54e-06,3.68e-06,325923935761.0
1779062400,3.67e-06,3.68e-06,3.63e-06,3.66e-06,154306733449.0
1779066000,3.66e-06,3.67e-06,3.63e-06,3.67e-06,82026114906.0
1779069600,3.66e-06,3.69e-06,3.66e-06,3.67e-06,50914959766.0
1779073200,3.68e-06,3.69e-06,3.65e-06,3.66e-06,11481717968.0
1779076800,3.66e-06,3.68e-06,3.64e-06,3.67e-06,18019094373.0
1779080400,3.67e-06,3.68e-06,3.64e-06,3.65e-06,35724911809.0
1779084000,3.66e-06,3.66e-06,3.6e-06,3.64e-06,82211374891.0
1779087600,3.64e-06,3.64e-06,3.61e-06,3.64e-06,26035072279.0
1779091200,3.64e-06,3.65e-06,3.62e-06,3.64e-06,9013632521.0
1779094800,3.64e-06,3.64e-06,3.62e-06,3.63e-06,22620855269.0
1779098400,3.63e-06,3.63e-06,3.6e-06,3.61e-06,22284793499.0
1779102000,3.61e-06,3.67e-06,3.6e-06,3.65e-06,47241960722.0
1779105600,3.66e-06,3.69e-06,3.65e-06,3.67e-06,61266963178.0
1779109200,3.67e-06,3.67e-06,3.63e-06,3.66e-06,49536196787.0
1779112800,3.65e-06,3.65e-06,3.61e-06,3.63e-06,68666341687.0
1779116400,3.63e-06,3.64e-06,3.6e-06,3.62e-06,85285144437.0
1779120000,3.62e-06,3.65e-06,3.62e-06,3.63e-06,19791352223.0
1779123600,3.63e-06,3.65e-06,3.63e-06,3.64e-06,31711871306.0
1779127200,3.64e-06,3.64e-06,3.6e-06,3.6e-06,39027436140.0
1779130800,3.61e-06,3.69e-06,3.61e-06,3.68e-06,57601207296.0
1779134400,3.68e-06,3.7e-06,3.66e-06,3.67e-06,56330754996.0
1779138000,3.67e-06,3.7e-06,3.66e-06,3.69e-06,15310519979.0
1779141600,3.69e-06,3.71e-06,3.68e-06,3.7e-06,23415709439.0
1779145200,3.7e-06,3.71e-06,3.69e-06,3.69e-06,22341302841.0
1779148800,3.69e-06,3.73e-06,3.69e-06,3.7e-06,43978313227.0
1779152400,3.7e-06,3.71e-06,3.67e-06,3.67e-06,41618429372.0
1779156000,3.67e-06,3.69e-06,3.66e-06,3.66e-06,11677023972.0
1779159600,3.66e-06,3.69e-06,3.66e-06,3.68e-06,10551495720.0
1779163200,3.67e-06,3.7e-06,3.67e-06,3.7e-06,9104190261.0
1779166800,3.69e-06,3.7e-06,3.65e-06,3.69e-06,16168407336.0
1779170400,3.69e-06,3.7e-06,3.69e-06,3.69e-06,9052218656.0
1779174000,3.69e-06,3.72e-06,3.69e-06,3.7e-06,5232304466.0
1779177600,3.7e-06,3.7e-06,3.68e-06,3.69e-06,7384837955.0
1779181200,3.68e-06,3.69e-06,3.65e-06,3.67e-06,10374854935.0
1779184800,3.67e-06,3.67e-06,3.64e-06,3.67e-06,25182646928.0
1779188400,3.66e-06,3.66e-06,3.64e-06,3.64e-06,22095756075.0
1779192000,3.64e-06,3.68e-06,3.64e-06,3.68e-06,14931420615.0
1779195600,3.68e-06,3.69e-06,3.67e-06,3.68e-06,44352564822.0
1779199200,3.68e-06,3.68e-06,3.62e-06,3.64e-06,37847625845.0
1779202800,3.65e-06,3.65e-06,3.63e-06,3.64e-06,18878563318.0
1779206400,3.65e-06,3.68e-06,3.63e-06,3.67e-06,10864779470.0
1779210000,3.67e-06,3.67e-06,3.65e-06,3.65e-06,8202114588.0
1779213600,3.65e-06,3.66e-06,3.64e-06,3.65e-06,13052724730.0
1779217200,3.65e-06,3.67e-06,3.63e-06,3.63e-06,7723620292.0
1779220800,3.64e-06,3.65e-06,3.63e-06,3.65e-06,2924320371.0
1779224400,3.65e-06,3.66e-06,3.64e-06,3.64e-06,5495873719.0
1779228000,3.65e-06,3.65e-06,3.62e-06,3.63e-06,40710616126.0
1779231600,3.63e-06,3.66e-06,3.63e-06,3.64e-06,14051634622.0
1779235200,3.64e-06,3.65e-06,3.62e-06,3.64e-06,5246887755.0
1779238800,3.64e-06,3.65e-06,3.62e-06,3.64e-06,16417393000.0
1779242400,3.65e-06,3.65e-06,3.63e-06,3.63e-06,8930980739.0
1779246000,3.63e-06,3.66e-06,3.63e-06,3.65e-06,17389486649.0
1779249600,3.65e-06,3.66e-06,3.64e-06,3.66e-06,10725885801.0
1779253200,3.66e-06,3.7e-06,3.65e-06,3.69e-06,37753763360.0
1779256800,3.68e-06,3.69e-06,3.68e-06,3.68e-06,15581962996.0
1779260400,3.68e-06,3.69e-06,3.67e-06,3.67e-06,13230899655.0
1779264000,3.68e-06,3.7e-06,3.66e-06,3.68e-06,26095281003.0
1779267600,3.68e-06,3.7e-06,3.68e-06,3.68e-06,21972934899.0
1779271200,3.69e-06,3.7e-06,3.68e-06,3.69e-06,7609982431.0
1779274800,3.69e-06,3.69e-06,3.67e-06,3.68e-06,16694732262.0
1779278400,3.68e-06,3.72e-06,3.67e-06,3.7e-06,11999267793.0
1779282000,3.7e-06,3.7e-06,3.66e-06,3.68e-06,40820708379.0
1779285600,3.67e-06,3.73e-06,3.66e-06,3.72e-06,40646666468.0
1779289200,3.72e-06,3.74e-06,3.69e-06,3.72e-06,23221521834.0
1779292800,3.72e-06,3.73e-06,3.69e-06,3.72e-06,41240936806.0
1779296400,3.72e-06,3.76e-06,3.71e-06,3.73e-06,51537666839.0
1779300000,3.73e-06,3.73e-06,3.71e-06,3.71e-06,24043206706.0
1779303600,3.71e-06,3.74e-06,3.7e-06,3.73e-06,43014589113.0
1779307200,3.73e-06,3.74e-06,3.71e-06,3.72e-06,14724815925.0
1779310800,3.72e-06,3.74e-06,3.71e-06,3.72e-06,7755007319.0
1779314400,3.71e-06,3.72e-06,3.68e-06,3.7e-06,30475202086.0
1779318000,3.7e-06,3.71e-06,3.69e-06,3.71e-06,11498201023.0
1779321600,3.72e-06,3.75e-06,3.72e-06,3.74e-06,22789962652.0
1779325200,3.74e-06,3.76e-06,3.73e-06,3.74e-06,49150876846.0
1779328800,3.74e-06,3.77e-06,3.74e-06,3.76e-06,24153068049.0
1779332400,3.76e-06,3.79e-06,3.75e-06,3.78e-06,17182109902.0
1779336000,3.78e-06,3.78e-06,3.76e-06,3.77e-06,12004579984.0
1779339600,3.78e-06,3.78e-06,3.75e-06,3.76e-06,35438646402.0
1779343200,3.76e-06,3.76e-06,3.74e-06,3.75e-06,15538932416.0
1779346800,3.75e-06,3.78e-06,3.74e-06,3.78e-06,16830028885.0
1779350400,3.77e-06,3.8e-06,3.77e-06,3.77e-06,15544004397.0
1779354000,3.77e-06,3.78e-06,3.74e-06,3.74e-06,23403014708.0
1779357600,3.75e-06,3.76e-06,3.71e-06,3.72e-06,52225177453.0
1779361200,3.72e-06,3.74e-06,3.72e-06,3.72e-06,28150212778.0
1779364800,3.72e-06,3.74e-06,3.72e-06,3.74e-06,23147176000.0
1779368400,3.74e-06,3.75e-06,3.71e-06,3.75e-06,36301005096.0
1779372000,3.74e-06,3.75e-06,3.71e-06,3.74e-06,18688897200.0
1779375600,3.74e-06,3.78e-06,3.73e-06,3.76e-06,17289526594.0
1779379200,3.76e-06,3.77e-06,3.74e-06,3.75e-06,13128748172.0
1779382800,3.75e-06,3.82e-06,3.75e-06,3.81e-06,126032465714.0
1779386400,3.81e-06,3.83e-06,3.78e-06,3.8e-06,29884425950.0
1779390000,3.79e-06,3.82e-06,3.79e-06,3.82e-06,49645806515.0
1779393600,3.82e-06,3.83e-06,3.8e-06,3.81e-06,51406330136.0
1779397200,3.82e-06,3.84e-06,3.81e-06,3.81e-06,19232524365.0
1779400800,3.81e-06,3.81e-06,3.79e-06,3.8e-06,24612219416.0
1779404400,3.8e-06,3.81e-06,3.79e-06,3.8e-06,36770975798.0
1779408000,3.8e-06,3.8e-06,3.76e-06,3.77e-06,16409753732.0
1779411600,3.77e-06,3.8e-06,3.77e-06,3.8e-06,26901770225.0
1779415200,3.8e-06,3.81e-06,3.79e-06,3.81e-06,30635038897.0
1779418800,3.8e-06,3.81e-06,3.78e-06,3.79e-06,33396293737.0
1779422400,3.79e-06,3.81e-06,3.78e-06,3.78e-06,42789267589.0
1779426000,3.78e-06,3.8e-06,3.78e-06,3.78e-06,17476863806.0
1779429600,3.78e-06,3.78e-06,3.77e-06,3.78e-06,5006017055.0
1779433200,3.77e-06,3.81e-06,3.76e-06,3.8e-06,13609080004.0
1779436800,3.8e-06,3.81e-06,3.79e-06,3.79e-06,6000122849.0
1779440400,3.79e-06,3.81e-06,3.78e-06,3.79e-06,14393645154.0
1779444000,3.78e-06,3.79e-06,3.77e-06,3.78e-06,1187150495.0
1779447600,3.78e-06,3.8e-06,3.78e-06,3.8e-06,4457284697.0
1779451200,3.8e-06,3.82e-06,3.8e-06,3.82e-06,10865883031.0
1779454800,3.82e-06,3.83e-06,3.79e-06,3.8e-06,19029465983.0
1779458400,3.79e-06,3.79e-06,3.74e-06,3.75e-06,75548349553.0
1779462000,3.74e-06,3.77e-06,3.73e-06,3.76e-06,53913031069.0
1779465600,3.78e-06,3.78e-06,3.76e-06,3.77e-06,15495725623.0
1779469200,3.78e-06,3.78e-06,3.75e-06,3.76e-06,14700743366.0
1779472800,3.76e-06,3.76e-06,3.64e-06,3.69e-06,82275357812.0
1779476400,3.69e-06,3.7e-06,3.64e-06,3.67e-06,64677555944.0
1779480000,3.67e-06,3.69e-06,3.66e-06,3.69e-06,11289347256.0
1779483600,3.69e-06,3.7e-06,3.68e-06,3.68e-06,11700376876.0
1779487200,3.68e-06,3.68e-06,3.65e-06,3.66e-06,28861944859.0
1779490800,3.66e-06,3.67e-06,3.57e-06,3.6e-06,95917380589.0
1779494400,3.6e-06,3.62e-06,3.58e-06,3.62e-06,47392549097.0
1779498000,3.61e-06,3.62e-06,3.61e-06,3.62e-06,6059041078.0
1779501600,3.62e-06,3.62e-06,3.61e-06,3.62e-06,8594428749.0
1779505200,3.62e-06,3.63e-06,3.61e-06,3.62e-06,6381790789.0
1779508800,3.61e-06,3.62e-06,3.58e-06,3.59e-06,12704588030.0
1779512400,3.59e-06,3.6e-06,3.57e-06,3.58e-06,7403957460.0
1779516000,3.59e-06,3.59e-06,3.56e-06,3.57e-06,11368600849.0
1779519600,3.58e-06,3.58e-06,3.44e-06,3.48e-06,76559734580.0
1779523200,3.48e-06,3.5e-06,3.47e-06,3.48e-06,40622226808.0
1779526800,3.48e-06,3.49e-06,3.47e-06,3.48e-06,19262624832.0
1779530400,3.48e-06,3.49e-06,3.47e-06,3.48e-06,20699078092.0
1779534000,3.49e-06,3.5e-06,3.48e-06,3.48e-06,45189150211.0
1779537600,3.48e-06,3.49e-06,3.46e-06,3.48e-06,3957420368.0
1779541200,3.48e-06,3.53e-06,3.48e-06,3.53e-06,25861586779.0
1779544800,3.52e-06,3.56e-06,3.52e-06,3.56e-06,21295057575.0
1779548400,3.56e-06,3.58e-06,3.55e-06,3.57e-06,48347338748.0
1779552000,3.57e-06,3.58e-06,3.55e-06,3.57e-06,8105691738.0
1779555600,3.57e-06,3.58e-06,3.56e-06,3.56e-06,5539979954.0
1779559200,3.57e-06,3.63e-06,3.57e-06,3.61e-06,67951544103.0
1779562800,3.6e-06,3.62e-06,3.59e-06,3.61e-06,17605347979.0
1779566400,3.61e-06,3.75e-06,3.6e-06,3.75e-06,80115722123.0
1779570000,3.75e-06,3.75e-06,3.64e-06,3.67e-06,34609281584.0
1779573600,3.67e-06,3.68e-06,3.61e-06,3.63e-06,34375585323.0
1779577200,3.62e-06,3.65e-06,3.62e-06,3.64e-06,6023228448.0
1779580800,3.64e-06,3.65e-06,3.63e-06,3.64e-06,14833376570.0
1779584400,3.64e-06,3.65e-06,3.63e-06,3.64e-06,8704628605.0
1779588000,3.64e-06,3.65e-06,3.62e-06,3.63e-06,7494282551.0
1779591600,3.63e-06,3.64e-06,3.61e-06,3.62e-06,29028456064.0
1779595200,3.63e-06,3.63e-06,3.61e-06,3.62e-06,3787417685.0
1779598800,3.62e-06,3.62e-06,3.6e-06,3.62e-06,6737442678.0
1779602400,3.61e-06,3.63e-06,3.6e-06,3.63e-06,3154010837.0
1779606000,3.62e-06,3.62e-06,3.6e-06,3.61e-06,12179047688.0
1779609600,3.61e-06,3.63e-06,3.61e-06,3.63e-06,7008788307.0
1779613200,3.62e-06,3.63e-06,3.61e-06,3.62e-06,6145838343.0
1779616800,3.61e-06,3.64e-06,3.61e-06,3.63e-06,11153496561.0
1779620400,3.62e-06,3.63e-06,3.62e-06,3.62e-06,3605378572.0
1779624000,3.62e-06,3.62e-06,3.59e-06,3.61e-06,33593437166.0
1779627600,3.61e-06,3.61e-06,3.58e-06,3.58e-06,25019325146.0
1779631200,3.58e-06,3.59e-06,3.53e-06,3.57e-06,53021687613.0
1779634800,3.57e-06,3.58e-06,3.57e-06,3.58e-06,7753128529.0
1779638400,3.57e-06,3.59e-06,3.56e-06,3.58e-06,18630112336.0
1779642000,3.58e-06,3.59e-06,3.57e-06,3.59e-06,22287770248.0
1779645600,3.59e-06,3.59e-06,3.57e-06,3.58e-06,7672387893.0
1779649200,3.58e-06,3.58e-06,3.56e-06,3.57e-06,11795278675.0
1779652800,3.57e-06,3.57e-06,3.55e-06,3.56e-06,6022699412.0
1779656400,3.56e-06,3.57e-06,3.51e-06,3.52e-06,12831590895.0
1779660000,3.51e-06,3.58e-06,3.51e-06,3.55e-06,23458782182.0
1779663600,3.55e-06,3.58e-06,3.55e-06,3.58e-06,21574115482.0
1779667200,3.58e-06,3.59e-06,3.57e-06,3.58e-06,32112109850.0
1779670800,3.58e-06,3.58e-06,3.55e-06,3.55e-06,8533516708.0
1779674400,3.55e-06,3.58e-06,3.55e-06,3.55e-06,14390022536.0
1779678000,3.56e-06,3.56e-06,3.53e-06,3.55e-06,10677672393.0
1779681600,3.55e-06,3.59e-06,3.54e-06,3.59e-06,14037883925.0
1779685200,3.59e-06,3.61e-06,3.58e-06,3.61e-06,5856480121.0
1779688800,3.61e-06,3.61e-06,3.59e-06,3.6e-06,6133475155.0
1779692400,3.61e-06,3.61e-06,3.58e-06,3.6e-06,6815692789.0
1779696000,3.59e-06,3.61e-06,3.59e-06,3.6e-06,6364567151.0
1779699600,3.59e-06,3.61e-06,3.59e-06,3.6e-06,10214291863.0
1779703200,3.6e-06,3.62e-06,3.6e-06,3.61e-06,13475810640.0
1779706800,3.61e-06,3.62e-06,3.6e-06,3.6e-06,14372947993.0
1779710400,3.6e-06,3.62e-06,3.6e-06,3.61e-06,5280455747.0
1779714000,3.6e-06,3.62e-06,3.6e-06,3.61e-06,14146942335.0
1779717600,3.61e-06,3.63e-06,3.61e-06,3.63e-06,24205273789.0
1779721200,3.63e-06,3.65e-06,3.62e-06,3.64e-06,22254599827.0
1779724800,3.64e-06,3.66e-06,3.63e-06,3.65e-06,21063148570.0
1779728400,3.66e-06,3.66e-06,3.63e-06,3.65e-06,6734848391.0
1779732000,3.65e-06,3.65e-06,3.62e-06,3.62e-06,4900323648.0
1779735600,3.62e-06,3.63e-06,3.6e-06,3.61e-06,6520825073.0
1779739200,3.62e-06,3.63e-06,3.6e-06,3.6e-06,8900245039.0
1779742800,3.6e-06,3.61e-06,3.59e-06,3.6e-06,11248975768.0
1779746400,3.59e-06,3.6e-06,3.56e-06,3.56e-06,43108521215.0
1779750000,3.56e-06,3.6e-06,3.56e-06,3.6e-06,10199444852.0
1779753600,3.6e-06,3.6e-06,3.54e-06,3.56e-06,15603673606.0
1779757200,3.55e-06,3.56e-06,3.52e-06,3.53e-06,29867100394.0
1779760800,3.53e-06,3.54e-06,3.53e-06,3.53e-06,39335554064.0
1779764400,3.54e-06,3.54e-06,3.52e-06,3.54e-06,18417065726.0
1779768000,3.54e-06,3.56e-06,3.53e-06,3.55e-06,4414791784.0
1779771600,3.55e-06,3.58e-06,3.55e-06,3.57e-06,11137506555.0
1779775200,3.57e-06,3.57e-06,3.55e-06,3.57e-06,9365355932.0
1779778800,3.57e-06,3.57e-06,3.54e-06,3.55e-06,13575723511.0
1779782400,3.55e-06,3.57e-06,3.55e-06,3.56e-06,7732540247.0
1779786000,3.56e-06,3.57e-06,3.55e-06,3.56e-06,6135838320.0
1779789600,3.57e-06,3.64e-06,3.57e-06,3.62e-06,50998247221.0
1779793200,3.62e-06,3.62e-06,3.6e-06,3.6e-06,6747908654.0
1779796800,3.61e-06,3.61e-06,3.59e-06,3.61e-06,11391348502.0
1779800400,3.62e-06,3.62e-06,3.58e-06,3.61e-06,31025038034.0
1779804000,3.61e-06,3.65e-06,3.59e-06,3.6e-06,66786912261.0
1779807600,3.59e-06,3.59e-06,3.54e-06,3.57e-06,34594441838.0
1779811200,3.57e-06,3.57e-06,3.53e-06,3.55e-06,31418414771.0
1779814800,3.55e-06,3.56e-06,3.49e-06,3.51e-06,47554230496.0
1779818400,3.52e-06,3.53e-06,3.5e-06,3.51e-06,26513274217.0
1779822000,3.51e-06,3.53e-06,3.5e-06,3.52e-06,14138232803.0
1779825600,3.52e-06,3.52e-06,3.5e-06,3.52e-06,35076115827.0
1779829200,3.52e-06,3.52e-06,3.49e-06,3.5e-06,14036225694.0
1779832800,3.5e-06,3.52e-06,3.49e-06,3.51e-06,8682019966.0
1779836400,3.52e-06,3.52e-06,3.5e-06,3.51e-06,5683373906.0
1779840000,3.51e-06,3.54e-06,3.51e-06,3.53e-06,19178130340.0
1779843600,3.53e-06,3.54e-06,3.51e-06,3.51e-06,50001454627.0
1779847200,3.51e-06,3.52e-06,3.49e-06,3.52e-06,24172672949.0
1779850800,3.52e-06,3.53e-06,3.5e-06,3.51e-06,10247598483.0
1779854400,3.51e-06,3.52e-06,3.42e-06,3.5e-06,93288673013.0
1779858000,3.5e-06,3.53e-06,3.49e-06,3.52e-06,20300946066.0
1779861600,3.52e-06,3.54e-06,3.52e-06,3.54e-06,28712216735.0
1779865200,3.54e-06,3.54e-06,3.52e-06,3.53e-06,13375481195.0
1779868800,3.54e-06,3.54e-06,3.52e-06,3.52e-06,13182536394.0
1779872400,3.52e-06,3.53e-06,3.51e-06,3.51e-06,9904459391.0
1779876000,3.52e-06,3.53e-06,3.51e-06,3.52e-06,4100314453.0
1779879600,3.52e-06,3.53e-06,3.51e-06,3.51e-06,29165570513.0
1779883200,3.51e-06,3.56e-06,3.5e-06,3.54e-06,38371827375.0
1779886800,3.54e-06,3.54e-06,3.48e-06,3.51e-06,71281815083.0
1779890400,3.51e-06,3.53e-06,3.5e-06,3.53e-06,38176513568.0
1779894000,3.53e-06,3.59e-06,3.53e-06,3.57e-06,23284674220.0
1779897600,3.57e-06,3.57e-06,3.54e-06,3.54e-06,37408369446.0
1779901200,3.54e-06,3.54e-06,3.49e-06,3.5e-06,47810291130.0
1779904800,3.49e-06,3.52e-06,3.49e-06,3.52e-06,15347475567.0
1779908400,3.52e-06,3.54e-06,3.52e-06,3.53e-06,13240226197.0
1779912000,3.53e-06,3.54e-06,3.52e-06,3.53e-06,18508009468.0
1779915600,3.52e-06,3.54e-06,3.44e-06,3.45e-06,46663735771.0
1779919200,3.45e-06,3.48e-06,3.45e-06,3.46e-06,28513300787.0
1779922800,3.45e-06,3.47e-06,3.44e-06,3.47e-06,16170737268.0
1779926400,3.47e-06,3.47e-06,3.45e-06,3.47e-06,13120948267.0
1779930000,3.47e-06,3.48e-06,3.43e-06,3.46e-06,21781794056.0
1779933600,3.46e-06,3.47e-06,3.44e-06,3.45e-06,22793639810.0
1779937200,3.44e-06,3.45e-06,3.37e-06,3.37e-06,51680998979.0
1779940800,3.37e-06,3.38e-06,3.33e-06,3.36e-06,80301767651.0
1779944400,3.36e-06,3.36e-06,3.3e-06,3.32e-06,21563538045.0
1779948000,3.32e-06,3.34e-06,3.31e-06,3.33e-06,24052501506.0
1779951600,3.33e-06,3.36e-06,3.32e-06,3.36e-06,33359217940.0
1779955200,3.35e-06,3.36e-06,3.33e-06,3.34e-06,38459892928.0
1779958800,3.34e-06,3.36e-06,3.33e-06,3.35e-06,57753934504.0
1779962400,3.36e-06,3.36e-06,3.32e-06,3.32e-06,55813553458.0
1779966000,3.33e-06,3.33e-06,3.31e-06,3.32e-06,41067536271.0
1779969600,3.32e-06,3.34e-06,3.3e-06,3.33e-06,59895355044.0
1779973200,3.33e-06,3.33e-06,3.3e-06,3.31e-06,39811272019.0
1779976800,3.31e-06,3.35e-06,3.28e-06,3.33e-06,48118224189.0
1779980400,3.33e-06,3.34e-06,3.3e-06,3.33e-06,15668646687.0
1779984000,3.33e-06,3.38e-06,3.31e-06,3.37e-06,20039886552.0
1779987600,3.37e-06,3.4e-06,3.36e-06,3.39e-06,15064958341.0
1779991200,3.38e-06,3.43e-06,3.38e-06,3.42e-06,82529744999.0
1779994800,3.42e-06,3.42e-06,3.39e-06,3.39e-06,19686567649.0
1779998400,3.39e-06,3.42e-06,3.38e-06,3.41e-06,57695117186.0
1780002000,3.4e-06,3.43e-06,3.4e-06,3.41e-06,47785581207.0
1780005600,3.42e-06,3.42e-06,3.36e-06,3.37e-06,61854288088.0
1780009200,3.37e-06,3.39e-06,3.37e-06,3.38e-06,48695390225.0
1780012800,3.38e-06,3.4e-06,3.38e-06,3.4e-06,26365419244.0
1780016400,3.4e-06,3.4e-06,3.38e-06,3.39e-06,15266534341.0
1780020000,3.39e-06,3.4e-06,3.36e-06,3.38e-06,89957047409.0
1780023600,3.37e-06,3.4e-06,3.37e-06,3.37e-06,11572509629.0
1780027200,3.37e-06,3.39e-06,3.35e-06,3.39e-06,12735899817.0
1780030800,3.39e-06,3.4e-06,3.38e-06,3.4e-06,11770773032.0
1780034400,3.4e-06,3.41e-06,3.39e-06,3.4e-06,28472707968.0
1780038000,3.41e-06,3.41e-06,3.38e-06,3.39e-06,5065140352.0
1780041600,3.4e-06,3.41e-06,3.38e-06,3.38e-06,6935714088.0
1780045200,3.39e-06,3.41e-06,3.38e-06,3.4e-06,5132485637.0
1780048800,3.4e-06,3.4e-06,3.38e-06,3.38e-06,6730292822.0
1780052400,3.38e-06,3.39e-06,3.35e-06,3.36e-06,4646591185.0
1780056000,3.36e-06,3.36e-06,3.33e-06,3.34e-06,8286530012.0
1780059600,3.33e-06,3.35e-06,3.32e-06,3.35e-06,11494050098.0
1780063200,3.35e-06,3.37e-06,3.31e-06,3.35e-06,29463062749.0
1780066800,3.36e-06,3.46e-06,3.35e-06,3.42e-06,74041404504.0
1780070400,3.43e-06,3.44e-06,3.39e-06,3.43e-06,60132253364.0
1780074000,3.43e-06,3.45e-06,3.41e-06,3.41e-06,54813335268.0
1780077600,3.42e-06,3.43e-06,3.37e-06,3.38e-06,39481565611.0
1780081200,3.37e-06,3.4e-06,3.36e-06,3.4e-06,50865051210.0
1780084800,3.4e-06,3.4e-06,3.38e-06,3.39e-06,31571394740.0
1780088400,3.4e-06,3.4e-06,3.37e-06,3.37e-06,11893669762.0
1780092000,3.37e-06,3.39e-06,3.37e-06,3.38e-06,11378319114.0
1780095600,3.38e-06,3.39e-06,3.37e-06,3.38e-06,25551009792.0
1780099200,3.39e-06,3.4e-06,3.37e-06,3.39e-06,5228537914.0
1780102800,3.4e-06,3.44e-06,3.39e-06,3.43e-06,24481532758.0
1780106400,3.44e-06,3.45e-06,3.42e-06,3.44e-06,49409137895.0
1780110000,3.45e-06,3.45e-06,3.41e-06,3.43e-06,28613387621.0
1780113600,3.43e-06,3.43e-06,3.37e-06,3.41e-06,45343816089.0
1780117200,3.4e-06,3.44e-06,3.4e-06,3.43e-06,16638948430.0
1780120800,3.43e-06,3.44e-06,3.41e-06,3.41e-06,7342835453.0
1780124400,3.41e-06,3.43e-06,3.41e-06,3.42e-06,9370117063.0
1780128000,3.42e-06,3.42e-06,3.4e-06,3.41e-06,1490629068.0
1780131600,3.41e-06,3.42e-06,3.4e-06,3.41e-06,4662975909.0
1780135200,3.41e-06,3.42e-06,3.41e-06,3.41e-06,8755377815.0
1780138800,3.41e-06,3.42e-06,3.4e-06,3.41e-06,4155527667.0
1780142400,3.42e-06,3.43e-06,3.41e-06,3.42e-06,1976485664.0
1780146000,3.42e-06,3.43e-06,3.4e-06,3.42e-06,7897891268.0
1780149600,3.42e-06,3.44e-06,3.41e-06,3.43e-06,17537852104.0
1780153200,3.43e-06,3.45e-06,3.42e-06,3.43e-06,20182938357.0
1780156800,3.43e-06,3.45e-06,3.42e-06,3.44e-06,8409536785.0
1780160400,3.44e-06,3.44e-06,3.42e-06,3.44e-06,8778861770.0
1780164000,3.43e-06,3.45e-06,3.42e-06,3.44e-06,15103567867.0
1780167600,3.43e-06,3.45e-06,3.42e-06,3.43e-06,7900076163.0
1780171200,3.44e-06,3.44e-06,3.42e-06,3.43e-06,2967937856.0
1780174800,3.43e-06,3.44e-06,3.42e-06,3.42e-06,4145338814.0
1780178400,3.42e-06,3.42e-06,3.4e-06,3.4e-06,41919018346.0
1780182000,3.4e-06,3.42e-06,3.39e-06,3.41e-06,10692984317.0
1780185600,3.41e-06,3.42e-06,3.4e-06,3.42e-06,15192936678.0
1780189200,3.42e-06,3.44e-06,3.42e-06,3.43e-06,20479408453.0
1780192800,3.43e-06,3.45e-06,3.42e-06,3.44e-06,25185644688.0
1780196400,3.44e-06,3.45e-06,3.44e-06,3.45e-06,11342823989.0
1780200000,3.44e-06,3.47e-06,3.44e-06,3.46e-06,14273158092.0
1780203600,3.46e-06,3.46e-06,3.44e-06,3.45e-06,5037200642.0
1780207200,3.44e-06,3.45e-06,3.43e-06,3.43e-06,2654583310.0
1780210800,3.43e-06,3.43e-06,3.41e-06,3.43e-06,3551549995.0
1780214400,3.43e-06,3.44e-06,3.42e-06,3.43e-06,3355931455.0
1780218000,3.43e-06,3.44e-06,3.42e-06,3.42e-06,5380621684.0
1780221600,3.42e-06,3.43e-06,3.4e-06,3.42e-06,2303877975.0
1780225200,3.43e-06,3.44e-06,3.42e-06,3.43e-06,5426821397.0
1780228800,3.42e-06,3.44e-06,3.42e-06,3.44e-06,2641087360.0
1780232400,3.43e-06,3.44e-06,3.42e-06,3.42e-06,5583815217.0
1780236000,3.42e-06,3.43e-06,3.36e-06,3.38e-06,57329811511.0
1780239600,3.38e-06,3.4e-06,3.37e-06,3.38e-06,5256756197.0
1780243200,3.38e-06,3.38e-06,3.34e-06,3.35e-06,21252761556.0
1780246800,3.35e-06,3.37e-06,3.34e-06,3.37e-06,24693823810.0
1780250400,3.37e-06,3.37e-06,3.36e-06,3.37e-06,6048266755.0
1780254000,3.36e-06,3.37e-06,3.35e-06,3.36e-06,14073442068.0
1780257600,3.37e-06,3.38e-06,3.37e-06,3.38e-06,8830884480.0
1780261200,3.37e-06,3.42e-06,3.37e-06,3.41e-06,7043215332.0
1780264800,3.42e-06,3.43e-06,3.4e-06,3.43e-06,22470319422.0
1780268400,3.42e-06,3.44e-06,3.39e-06,3.41e-06,11791668069.0
1780272000,3.42e-06,3.45e-06,3.42e-06,3.43e-06,17063931762.0
1780275600,3.43e-06,3.43e-06,3.38e-06,3.38e-06,14728740417.0
1780279200,3.37e-06,3.43e-06,3.37e-06,3.43e-06,20549519816.0
1780282800,3.44e-06,3.44e-06,3.42e-06,3.43e-06,12753626853.0
1780286400,3.43e-06,3.43e-06,3.39e-06,3.4e-06,24624783081.0
1780290000,3.4e-06,3.41e-06,3.38e-06,3.39e-06,9713396271.0
1780293600,3.39e-06,3.39e-06,3.36e-06,3.37e-06,23792176006.0
1780297200,3.37e-06,3.38e-06,3.33e-06,3.34e-06,20538911561.0
1780300800,3.34e-06,3.36e-06,3.33e-06,3.36e-06,15895144375.0
1780304400,3.36e-06,3.37e-06,3.35e-06,3.36e-06,15993673906.0
1780308000,3.36e-06,3.37e-06,3.34e-06,3.37e-06,34398353490.0
1780311600,3.37e-06,3.38e-06,3.34e-06,3.35e-06,16555567197.0
1780315200,3.35e-06,3.36e-06,3.32e-06,3.35e-06,80495220481.0
1780318800,3.35e-06,3.36e-06,3.3e-06,3.34e-06,89721892605.0
1780322400,3.33e-06,3.35e-06,3.32e-06,3.34e-06,38576882411.0
1780326000,3.34e-06,3.35e-06,3.31e-06,3.34e-06,40761840644.0
1780329600,3.34e-06,3.39e-06,3.32e-06,3.39e-06,32001657552.0
1780333200,3.39e-06,3.42e-06,3.38e-06,3.4e-06,26135683363.0
1780336800,3.4e-06,3.42e-06,3.38e-06,3.4e-06,16649127760.0
1780340400,3.4e-06,3.42e-06,3.39e-06,3.42e-06,8233201003.0
1780344000,3.41e-06,3.42e-06,3.4e-06,3.41e-06,17572619254.0
1780347600,3.4e-06,3.4e-06,3.38e-06,3.38e-06,21347746235.0
1780351200,3.38e-06,3.42e-06,3.36e-06,3.41e-06,23758282150.0
1780354800,3.41e-06,3.42e-06,3.4e-06,3.41e-06,24537955378.0
1780358400,3.41e-06,3.41e-06,3.39e-06,3.4e-06,7948516067.0
1780362000,3.4e-06,3.4e-06,3.36e-06,3.36e-06,29655160411.0
1780365600,3.36e-06,3.39e-06,3.33e-06,3.39e-06,23832767130.0
1780369200,3.39e-06,3.4e-06,3.38e-06,3.4e-06,8545415018.0
1780372800,3.4e-06,3.4e-06,3.36e-06,3.36e-06,33197444227.0
1780376400,3.36e-06,3.37e-06,3.34e-06,3.34e-06,10853366761.0
1780380000,3.34e-06,3.35e-06,3.32e-06,3.33e-06,18952032150.0
1780383600,3.33e-06,3.35e-06,3.3e-06,3.32e-06,15270533418.0
1780387200,3.32e-06,3.34e-06,3.32e-06,3.33e-06,20811252995.0
1780390800,3.33e-06,3.33e-06,3.3e-06,3.31e-06,11515726144.0
1780394400,3.31e-06,3.35e-06,3.31e-06,3.34e-06,15099078471.0
1780398000,3.34e-06,3.34e-06,3.31e-06,3.31e-06,14461615086.0
1780401600,3.31e-06,3.33e-06,3.31e-06,3.32e-06,18699646133.0
1780405200,3.33e-06,3.34e-06,3.31e-06,3.32e-06,11960797855.0
1780408800,3.31e-06,3.32e-06,3.21e-06,3.23e-06,120386840027.0
1780412400,3.23e-06,3.24e-06,3.14e-06,3.18e-06,164675252727.0
1780416000,3.18e-06,3.24e-06,3.17e-06,3.21e-06,82330988716.0
1780419600,3.21e-06,3.24e-06,3.21e-06,3.22e-06,44171861780.0
1780423200,3.23e-06,3.24e-06,3.17e-06,3.18e-06,41788257099.0
1780426800,3.18e-06,3.19e-06,3.08e-06,3.16e-06,106557130620.0
1780430400,3.15e-06,3.18e-06,3.13e-06,3.16e-06,47845350266.0
1780434000,3.16e-06,3.19e-06,3.15e-06,3.15e-06,30322352137.0
1780437600,3.15e-06,3.16e-06,3.07e-06,3.08e-06,88987592836.0
1780441200,3.08e-06,3.11e-06,3.04e-06,3.11e-06,78487328286.0
1780444800,3.1e-06,3.14e-06,3.1e-06,3.12e-06,27294225767.0
1780448400,3.12e-06,3.14e-06,3.11e-06,3.13e-06,13342746874.0
1780452000,3.13e-06,3.13e-06,3.11e-06,3.12e-06,14760824047.0
1780455600,3.12e-06,3.12e-06,3.04e-06,3.06e-06,48536290021.0
1780459200,3.06e-06,3.13e-06,3.06e-06,3.13e-06,19121995531.0
1780462800,3.13e-06,3.18e-06,3.13e-06,3.18e-06,34218298435.0
1780466400,3.18e-06,3.22e-06,3.17e-06,3.2e-06,18159469381.0
1780470000,3.2e-06,3.23e-06,3.19e-06,3.22e-06,8995385767.0
1780473600,3.21e-06,3.23e-06,3.19e-06,3.21e-06,10523161709.0
1780477200,3.21e-06,3.23e-06,3.2e-06,3.21e-06,23881027024.0
1780480800,3.21e-06,3.24e-06,3.2e-06,3.23e-06,12816967842.0
1780484400,3.24e-06,3.25e-06,3.21e-06,3.22e-06,17305472406.0
1780488000,3.21e-06,3.22e-06,3.2e-06,3.22e-06,15582221491.0
1780491600,3.22e-06,3.23e-06,3.2e-06,3.21e-06,20185819365.0
1780495200,3.21e-06,3.21e-06,3.18e-06,3.2e-06,19962161195.0
1780498800,3.2e-06,3.21e-06,3.15e-06,3.16e-06,23245158783.0
1780502400,3.16e-06,3.16e-06,3.11e-06,3.15e-06,28205724706.0
1780506000,3.14e-06,3.18e-06,3.11e-06,3.18e-06,19635991067.0
1780509600,3.17e-06,3.19e-06,3.15e-06,3.18e-06,27209586666.0
1780513200,3.18e-06,3.18e-06,3.12e-06,3.13e-06,12935343080.0
1780516800,3.12e-06,3.16e-06,3.08e-06,3.09e-06,44325816000.0
1780520400,3.09e-06,3.18e-06,3.09e-06,3.17e-06,66499740077.0
1780524000,3.18e-06,3.19e-06,3.14e-06,3.14e-06,18808548388.0
1780527600,3.14e-06,3.14e-06,3.11e-06,3.12e-06,10512021901.0
1780531200,3.13e-06,3.14e-06,3.06e-06,3.08e-06,41625331255.0
1780534800,3.08e-06,3.09e-06,2.96e-06,2.97e-06,194336915693.0
1780538400,2.97e-06,3.02e-06,2.85e-06,3e-06,199240855017.0
1780542000,3e-06,3.1e-06,3e-06,3.1e-06,40861921133.0
1780545600,3.09e-06,3.11e-06,3.07e-06,3.07e-06,41840894333.0
1780549200,3.07e-06,3.07e-06,3.02e-06,3.04e-06,13534955419.0
1780552800,3.04e-06,3.08e-06,3.04e-06,3.05e-06,40989901362.0
1780556400,3.04e-06,3.04e-06,2.99e-06,2.99e-06,27390297416.0
1780560000,2.99e-06,3.01e-06,2.96e-06,2.99e-06,12018412195.0
1780563600,2.99e-06,2.99e-06,2.91e-06,2.95e-06,29761629343.0
1780567200,2.95e-06,2.95e-06,2.9e-06,2.91e-06,114123354438.0
1780570800,2.91e-06,2.96e-06,2.9e-06,2.96e-06,34428533458.0
1780574400,2.96e-06,3.01e-06,2.93e-06,3.01e-06,69548897798.0
1780578000,3e-06,3.02e-06,2.94e-06,2.99e-06,58800234041.0
1780581600,2.99e-06,3e-06,2.97e-06,2.99e-06,51998680712.0
1780585200,2.99e-06,3.03e-06,2.98e-06,3e-06,34931910275.0
1780588800,3e-06,3.01e-06,2.98e-06,3e-06,29842965783.0
1780592400,3e-06,3.01e-06,2.95e-06,3e-06,39017872966.0
1780596000,3e-06,3.03e-06,2.96e-06,3.01e-06,21281269296.0
1780599600,3.01e-06,3.03e-06,2.98e-06,2.99e-06,18999642996.0
1780603200,2.99e-06,2.99e-06,2.96e-06,2.96e-06,26260201271.0
1780606800,2.96e-06,2.98e-06,2.88e-06,2.9e-06,36693544871.0
1780610400,2.9e-06,2.94e-06,2.88e-06,2.93e-06,45618048556.0
1780614000,2.93e-06,2.95e-06,2.91e-06,2.95e-06,31690432136.0
1780617600,2.94e-06,2.96e-06,2.92e-06,2.92e-06,20245927875.0
1780621200,2.91e-06,2.95e-06,2.89e-06,2.94e-06,32139921994.0
1780624800,2.93e-06,2.93e-06,2.86e-06,2.87e-06,31375410058.0
1780628400,2.87e-06,2.9e-06,2.85e-06,2.86e-06,47548814668.0
1780632000,2.86e-06,2.92e-06,2.86e-06,2.91e-06,56257687587.0
1780635600,2.91e-06,2.92e-06,2.82e-06,2.83e-06,26180607981.0
1780639200,2.83e-06,2.83e-06,2.69e-06,2.75e-06,132361359420.0
1780642800,2.75e-06,2.81e-06,2.7e-06,2.79e-06,79135022146.0
1780646400,2.79e-06,2.8e-06,2.74e-06,2.75e-06,24827113943.0
1780650000,2.75e-06,2.8e-06,2.75e-06,2.8e-06,35217077720.0
1780653600,2.8e-06,2.81e-06,2.77e-06,2.79e-06,19174860962.0
1780657200,2.78e-06,2.8e-06,2.77e-06,2.78e-06,37897411718.0
1780660800,2.78e-06,2.79e-06,2.74e-06,2.76e-06,44533628638.0
1780664400,2.77e-06,2.82e-06,2.7e-06,2.7e-06,47041340604.0
1780668000,2.71e-06,2.77e-06,2.68e-06,2.73e-06,120189252761.0
1780671600,2.73e-06,2.73e-06,2.66e-06,2.69e-06,88147273738.0
1780675200,2.69e-06,2.79e-06,2.64e-06,2.79e-06,134823018797.0
1780678800,2.79e-06,2.79e-06,2.74e-06,2.76e-06,83801350732.0
1780682400,2.77e-06,2.77e-06,2.63e-06,2.65e-06,100489244473.0
1780686000,2.65e-06,2.71e-06,2.6e-06,2.69e-06,153498115473.0
1780689600,2.69e-06,2.77e-06,2.66e-06,2.75e-06,163969476829.0
1780693200,2.75e-06,2.78e-06,2.74e-06,2.74e-06,22732335696.0
1780696800,2.75e-06,2.75e-06,2.7e-06,2.72e-06,29390853824.0
1780700400,2.73e-06,2.73e-06,2.65e-06,2.7e-06,105547117216.0
1780704000,2.7e-06,2.75e-06,2.7e-06,2.74e-06,65130279770.0
1780707600,2.74e-06,2.75e-06,2.7e-06,2.7e-06,14392038905.0
1780711200,2.7e-06,2.71e-06,2.68e-06,2.68e-06,12800281002.0
1780714800,2.68e-06,2.68e-06,2.64e-06,2.66e-06,32083945063.0
1780718400,2.66e-06,2.66e-06,2.51e-06,2.54e-06,113421467058.0
1780722000,2.54e-06,2.64e-06,2.5e-06,2.64e-06,133927399905.0
1780725600,2.64e-06,2.68e-06,2.63e-06,2.63e-06,95452187007.0
1780729200,2.63e-06,2.69e-06,2.63e-06,2.68e-06,18920567974.0
1780732800,2.67e-06,2.72e-06,2.66e-06,2.71e-06,30068139420.0
1780736400,2.71e-06,2.73e-06,2.68e-06,2.68e-06,8021880279.0
1780740000,2.68e-06,2.68e-06,2.62e-06,2.64e-06,55952290110.0
1780743600,2.64e-06,2.68e-06,2.64e-06,2.67e-06,59634707104.0
1780747200,2.67e-06,2.7e-06,2.65e-06,2.69e-06,12856226822.0
1780750800,2.69e-06,2.71e-06,2.68e-06,2.69e-06,38476869703.0
1780754400,2.69e-06,2.72e-06,2.69e-06,2.69e-06,62419179149.0
1780758000,2.7e-06,2.7e-06,2.65e-06,2.66e-06,47607758685.0
1780761600,2.66e-06,2.69e-06,2.64e-06,2.67e-06,24005044454.0
1780765200,2.67e-06,2.68e-06,2.63e-06,2.64e-06,29424292007.0
1780768800,2.64e-06,2.67e-06,2.63e-06,2.66e-06,21334611135.0
1780772400,2.65e-06,2.67e-06,2.64e-06,2.64e-06,14548007964.0
1780776000,2.65e-06,2.66e-06,2.63e-06,2.65e-06,10975426592.0
1780779600,2.65e-06,2.67e-06,2.65e-06,2.65e-06,39697505381.0
1780783200,2.65e-06,2.67e-06,2.64e-06,2.66e-06,18524582844.0
1780786800,2.65e-06,2.69e-06,2.65e-06,2.68e-06,8434599185.0
1780790400,2.68e-06,2.69e-06,2.67e-06,2.67e-06,8716396879.0
1780794000,2.68e-06,2.76e-06,2.68e-06,2.74e-06,39180137879.0
1780797600,2.74e-06,2.75e-06,2.71e-06,2.73e-06,9060651384.0
1780801200,2.73e-06,2.74e-06,2.72e-06,2.72e-06,21685471859.0
1780804800,2.73e-06,2.75e-06,2.71e-06,2.75e-06,4344557905.0
1780808400,2.74e-06,2.76e-06,2.73e-06,2.74e-06,15712169901.0
1780812000,2.74e-06,2.77e-06,2.73e-06,2.76e-06,10235490698.0
1780815600,2.76e-06,2.77e-06,2.75e-06,2.76e-06,43160576006.0
1780819200,2.75e-06,2.79e-06,2.74e-06,2.79e-06,12603801816.0
1780822800,2.79e-06,2.81e-06,2.76e-06,2.77e-06,19114194614.0
1780826400,2.77e-06,2.77e-06,2.75e-06,2.75e-06,7240008003.0
1780830000,2.75e-06,2.78e-06,2.75e-06,2.77e-06,7908804496.0
1780833600,2.77e-06,2.78e-06,2.72e-06,2.74e-06,34871181587.0
1780837200,2.74e-06,2.75e-06,2.73e-06,2.74e-06,44985156732.0
1780840800,2.74e-06,2.78e-06,2.73e-06,2.77e-06,23484986140.0
1780844400,2.76e-06,2.77e-06,2.75e-06,2.76e-06,12606477209.0
1780848000,2.76e-06,2.78e-06,2.76e-06,2.77e-06,15449629268.0
1780851600,2.77e-06,2.79e-06,2.77e-06,2.78e-06,9956881484.0
1780855200,2.78e-06,2.79e-06,2.76e-06,2.76e-06,35080965364.0
1780858800,2.75e-06,2.76e-06,2.69e-06,2.7e-06,36719539233.0
1780862400,2.7e-06,2.74e-06,2.69e-06,2.74e-06,11019508637.0
1780866000,2.74e-06,2.74e-06,2.72e-06,2.74e-06,9627142262.0
1780869600,2.73e-06,2.88e-06,2.73e-06,2.8e-06,123770441499.0
1780873200,2.79e-06,2.82e-06,2.79e-06,2.81e-06,12807995502.0
1780876800,2.81e-06,2.84e-06,2.8e-06,2.82e-06,21130731608.0
1780880400,2.83e-06,2.83e-06,2.77e-06,2.8e-06,73842560629.0
1780884000,2.81e-06,2.81e-06,2.79e-06,2.8e-06,15351226821.0
1780887600,2.81e-06,2.82e-06,2.8e-06,2.81e-06,8001001455.0
1780891200,2.81e-06,2.82e-06,2.76e-06,2.77e-06,5874139510.0
1780894800,2.77e-06,2.77e-06,2.74e-06,2.76e-06,16953599425.0
1780898400,2.76e-06,2.79e-06,2.76e-06,2.76e-06,23237693085.0
1780902000,2.76e-06,2.8e-06,2.76e-06,2.8e-06,7100070774.0
1780905600,2.79e-06,2.8e-06,2.77e-06,2.78e-06,6610798379.0
1780909200,2.78e-06,2.8e-06,2.77e-06,2.8e-06,31203965102.0
1780912800,2.8e-06,2.81e-06,2.78e-06,2.79e-06,24147903572.0
1780916400,2.79e-06,2.84e-06,2.78e-06,2.82e-06,18424371891.0
1780920000,2.83e-06,2.85e-06,2.8e-06,2.84e-06,27964583718.0
1780923600,2.84e-06,2.84e-06,2.81e-06,2.82e-06,56763764556.0
1780927200,2.82e-06,2.84e-06,2.81e-06,2.84e-06,23154713395.0
1780930800,2.84e-06,2.87e-06,2.83e-06,2.83e-06,14687883097.0
1780934400,2.83e-06,2.85e-06,2.81e-06,2.82e-06,23816569145.0
1780938000,2.82e-06,2.84e-06,2.81e-06,2.84e-06,17933165267.0
1780941600,2.84e-06,2.85e-06,2.83e-06,2.84e-06,19500626057.0
1780945200,2.84e-06,2.85e-06,2.83e-06,2.84e-06,4877793848.0
1780948800,2.84e-06,2.84e-06,2.81e-06,2.83e-06,8763102201.0
1780952400,2.84e-06,2.87e-06,2.83e-06,2.83e-06,44705591303.0
1780956000,2.83e-06,2.84e-06,2.81e-06,2.83e-06,53001632805.0
1780959600,2.83e-06,2.84e-06,2.81e-06,2.82e-06,31983410969.0
1780963200,2.82e-06,2.82e-06,2.75e-06,2.76e-06,73881876948.0
1780966800,2.76e-06,2.79e-06,2.76e-06,2.79e-06,32960869409.0
1780970400,2.78e-06,2.78e-06,2.76e-06,2.78e-06,65705924698.0
1780974000,2.77e-06,2.78e-06,2.76e-06,2.77e-06,21231134994.0
1780977600,2.77e-06,2.83e-06,2.77e-06,2.82e-06,15746810536.0
1780981200,2.81e-06,2.83e-06,2.81e-06,2.83e-06,7418448186.0
1780984800,2.82e-06,2.83e-06,2.81e-06,2.82e-06,20625262677.0
1780988400,2.82e-06,2.83e-06,2.8e-06,2.81e-06,26316942372.0
1780992000,2.81e-06,2.81e-06,2.79e-06,2.8e-06,26428813509.0
1780995600,2.8e-06,2.81e-06,2.77e-06,2.78e-06,12665419477.0
1780999200,2.79e-06,2.8e-06,2.78e-06,2.79e-06,6444969382.0
1781002800,2.78e-06,2.79e-06,2.77e-06,2.79e-06,7846772990.0
1781006400,2.8e-06,2.82e-06,2.79e-06,2.81e-06,13663000394.0
1781010000,2.81e-06,2.82e-06,2.78e-06,2.79e-06,21250474497.0
1781013600,2.79e-06,2.79e-06,2.73e-06,2.75e-06,57745922146.0
1781017200,2.75e-06,2.77e-06,2.72e-06,2.74e-06,35316769554.0
1781020800,2.74e-06,2.74e-06,2.69e-06,2.73e-06,47033521535.0
1781024400,2.73e-06,2.78e-06,2.73e-06,2.77e-06,60906800270.0
1781028000,2.76e-06,2.78e-06,2.76e-06,2.77e-06,18205143667.0
1781031600,2.77e-06,2.79e-06,2.77e-06,2.79e-06,15095105703.0
1781035200,2.79e-06,2.81e-06,2.79e-06,2.81e-06,14519797837.0
1781038800,2.8e-06,2.8e-06,2.77e-06,2.77e-06,13912381479.0
1781042400,2.77e-06,2.78e-06,2.76e-06,2.76e-06,11456035185.0
1781046000,2.76e-06,2.78e-06,2.76e-06,2.77e-06,34688454517.0
1781049600,2.78e-06,2.79e-06,2.75e-06,2.79e-06,12208722451.0
1781053200,2.78e-06,2.78e-06,2.75e-06,2.76e-06,10334143282.0
1781056800,2.76e-06,2.76e-06,2.72e-06,2.73e-06,13811050263.0
1781060400,2.74e-06,2.74e-06,2.73e-06,2.74e-06,7924465813.0
1781064000,2.73e-06,2.74e-06,2.71e-06,2.72e-06,26003384707.0
1781067600,2.72e-06,2.73e-06,2.71e-06,2.72e-06,7604580478.0
1781071200,2.72e-06,2.74e-06,2.71e-06,2.73e-06,2884682802.0
1781074800,2.73e-06,2.75e-06,2.73e-06,2.74e-06,6451624866.0
1781078400,2.74e-06,2.75e-06,2.71e-06,2.72e-06,18055551906.0
1781082000,2.71e-06,2.72e-06,2.69e-06,2.72e-06,18653756272.0
1781085600,2.72e-06,2.73e-06,2.7e-06,2.73e-06,16127106171.0
1781089200,2.73e-06,2.73e-06,2.69e-06,2.7e-06,11838909710.0
1781092800,2.7e-06,2.77e-06,2.7e-06,2.74e-06,23243768151.0
1781096400,2.74e-06,2.81e-06,2.74e-06,2.77e-06,15634678944.0
1781100000,2.77e-06,2.79e-06,2.74e-06,2.76e-06,19664311144.0
1781103600,2.76e-06,2.78e-06,2.74e-06,2.78e-06,45717595011.0
1781107200,2.78e-06,2.78e-06,2.72e-06,2.72e-06,55695629734.0
1781110800,2.73e-06,2.73e-06,2.69e-06,2.71e-06,17371559907.0
1781114400,2.71e-06,2.72e-06,2.7e-06,2.72e-06,9754456846.0
1781118000,2.71e-06,2.72e-06,2.69e-06,2.69e-06,28850958201.0
1781121600,2.69e-06,2.7e-06,2.67e-06,2.68e-06,47084522423.0
1781125200,2.68e-06,2.68e-06,2.64e-06,2.65e-06,10811448370.0
1781128800,2.65e-06,2.67e-06,2.64e-06,2.66e-06,30463484188.0
1781132400,2.66e-06,2.7e-06,2.65e-06,2.69e-06,14685401689.0
1781136000,2.69e-06,2.72e-06,2.69e-06,2.71e-06,21980477732.0
1781139600,2.71e-06,2.74e-06,2.71e-06,2.73e-06,30986142647.0
1781143200,2.73e-06,2.73e-06,2.71e-06,2.73e-06,15245505783.0
1781146800,2.72e-06,2.77e-06,2.71e-06,2.77e-06,39633034807.0
1781150400,2.77e-06,2.78e-06,2.75e-06,2.77e-06,41450699391.0
1781154000,2.76e-06,2.77e-06,2.75e-06,2.76e-06,9144474801.0
1781157600,2.75e-06,2.77e-06,2.75e-06,2.75e-06,4293210478.0
1781161200,2.75e-06,2.76e-06,2.75e-06,2.76e-06,6643635170.0
1781164800,2.77e-06,2.78e-06,2.76e-06,2.77e-06,11310741382.0
1781168400,2.77e-06,2.78e-06,2.74e-06,2.75e-06,11353102878.0
1781172000,2.75e-06,2.76e-06,2.74e-06,2.75e-06,3471148102.0
1781175600,2.75e-06,2.78e-06,2.75e-06,2.76e-06,11310209389.0
1781179200,2.76e-06,2.76e-06,2.72e-06,2.76e-06,24103894313.0
1781182800,2.76e-06,2.77e-06,2.74e-06,2.76e-06,29842230038.0
1781186400,2.76e-06,2.78e-06,2.75e-06,2.77e-06,11760462675.0
1781190000,2.77e-06,2.78e-06,2.74e-06,2.77e-06,10920547662.0
1781193600,2.77e-06,2.78e-06,2.75e-06,2.75e-06,12758753322.0
1781197200,2.75e-06,2.84e-06,2.73e-06,2.83e-06,48264880374.0
1781200800,2.83e-06,2.84e-06,2.8e-06,2.8e-06,16887926264.0
1781204400,2.8e-06,2.81e-06,2.78e-06,2.8e-06,12541558028.0
1781208000,2.8e-06,2.8e-06,2.78e-06,2.79e-06,8417013450.0
1781211600,2.8e-06,2.81e-06,2.79e-06,2.8e-06,6590641086.0
1781215200,2.8e-06,2.8e-06,2.78e-06,2.79e-06,19324527471.0
1781218800,2.78e-06,2.8e-06,2.78e-06,2.78e-06,3861987505.0
1781222400,2.78e-06,2.8e-06,2.78e-06,2.79e-06,9073200310.0
1781226000,2.78e-06,2.79e-06,2.78e-06,2.79e-06,9633415213.0
1781229600,2.79e-06,2.81e-06,2.79e-06,2.8e-06,18359823850.0
1781233200,2.8e-06,2.81e-06,2.79e-06,2.81e-06,22798116733.0
1781236800,2.8e-06,2.81e-06,2.8e-06,2.8e-06,14039564569.0
1781240400,2.8e-06,2.8e-06,2.78e-06,2.78e-06,22022227213.0
1781244000,2.78e-06,2.78e-06,2.75e-06,2.77e-06,25247385418.0
1781247600,2.77e-06,2.78e-06,2.76e-06,2.78e-06,6772152600.0
1781251200,2.78e-06,2.81e-06,2.78e-06,2.81e-06,12898095637.0
1781254800,2.81e-06,2.84e-06,2.81e-06,2.83e-06,33577415249.0
1781258400,2.83e-06,2.83e-06,2.81e-06,2.82e-06,26288870652.0
1781262000,2.82e-06,2.85e-06,2.81e-06,2.82e-06,71300065820.0
1781265600,2.82e-06,2.83e-06,2.81e-06,2.81e-06,60511808533.0
1781269200,2.81e-06,2.82e-06,2.79e-06,2.8e-06,26874251667.0
1781272800,2.8e-06,2.86e-06,2.8e-06,2.86e-06,64164017145.0
1781276400,2.86e-06,2.87e-06,2.79e-06,2.8e-06,205128368461.0
1781280000,2.8e-06,2.83e-06,2.8e-06,2.83e-06,55688485515.0
1781283600,2.83e-06,2.84e-06,2.81e-06,2.82e-06,25232056693.0
1781287200,2.82e-06,2.83e-06,2.8e-06,2.81e-06,28953278463.0
1781290800,2.82e-06,2.84e-06,2.81e-06,2.81e-06,29400252986.0
1781294400,2.82e-06,2.83e-06,2.81e-06,2.81e-06,29782887230.0
1781298000,2.81e-06,2.82e-06,2.8e-06,2.81e-06,4294502589.0
1781301600,2.8e-06,2.81e-06,2.8e-06,2.8e-06,6237392722.0
1781305200,2.8e-06,2.81e-06,2.79e-06,2.8e-06,24847679059.0
1781308800,2.8e-06,2.82e-06,2.8e-06,2.81e-06,21023520251.0
1781312400,2.82e-06,2.84e-06,2.82e-06,2.83e-06,21310209700.0
1781316000,2.83e-06,2.83e-06,2.82e-06,2.83e-06,17307423032.0
1781319600,2.83e-06,2.83e-06,2.8e-06,2.81e-06,11489431222.0
1781323200,2.81e-06,2.82e-06,2.8e-06,2.8e-06,3653203639.0
1781326800,2.81e-06,2.81e-06,2.79e-06,2.8e-06,9078511977.0
1781330400,2.79e-06,2.82e-06,2.79e-06,2.82e-06,10032850906.0
1781334000,2.81e-06,2.84e-06,2.8e-06,2.83e-06,35496959551.0
1781337600,2.83e-06,2.84e-06,2.82e-06,2.83e-06,17388482365.0
1781341200,2.83e-06,2.84e-06,2.82e-06,2.84e-06,7417457538.0
1781344800,2.84e-06,2.84e-06,2.83e-06,2.83e-06,13184964333.0
1781348400,2.83e-06,2.86e-06,2.82e-06,2.86e-06,9265420778.0
1781352000,2.85e-06,2.86e-06,2.85e-06,2.85e-06,21257766829.0
1781355600,2.85e-06,2.86e-06,2.84e-06,2.85e-06,21789118799.0
1781359200,2.85e-06,2.86e-06,2.85e-06,2.86e-06,15636233556.0
1781362800,2.86e-06,2.88e-06,2.86e-06,2.86e-06,37196018582.0
1781366400,2.86e-06,2.86e-06,2.84e-06,2.85e-06,27138555852.0
1781370000,2.85e-06,2.86e-06,2.84e-06,2.84e-06,21750067440.0
1781373600,2.84e-06,2.86e-06,2.84e-06,2.85e-06,11073343388.0
1781377200,2.85e-06,2.86e-06,2.84e-06,2.84e-06,23487568829.0
1781380800,2.84e-06,2.85e-06,2.83e-06,2.84e-06,6321986938.0
1781384400,2.85e-06,2.88e-06,2.84e-06,2.86e-06,19409649951.0
1781388000,2.86e-06,2.87e-06,2.85e-06,2.85e-06,24190826548.0
1781391600,2.85e-06,2.86e-06,2.84e-06,2.85e-06,16433420472.0
1781395200,2.85e-06,2.86e-06,2.84e-06,2.84e-06,26371104266.0
1781398800,2.84e-06,2.86e-06,2.84e-06,2.84e-06,13816955877.0
1781402400,2.84e-06,2.85e-06,2.84e-06,2.85e-06,5945957427.0
1781406000,2.84e-06,2.85e-06,2.84e-06,2.85e-06,11347978871.0
1781409600,2.85e-06,2.86e-06,2.83e-06,2.83e-06,39669283404.0
1781413200,2.83e-06,2.84e-06,2.82e-06,2.83e-06,35335564550.0
1781416800,2.83e-06,2.84e-06,2.82e-06,2.82e-06,18993409962.0
1781420400,2.82e-06,2.83e-06,2.81e-06,2.82e-06,16965508503.0
1781424000,2.82e-06,2.83e-06,2.81e-06,2.81e-06,7727687972.0
1781427600,2.8e-06,2.84e-06,2.8e-06,2.84e-06,11908516393.0
1781431200,2.84e-06,2.84e-06,2.82e-06,2.82e-06,9334207240.0
1781434800,2.83e-06,2.83e-06,2.82e-06,2.82e-06,3178785938.0
1781438400,2.82e-06,2.82e-06,2.8e-06,2.81e-06,13640617337.0
1781442000,2.81e-06,2.81e-06,2.79e-06,2.81e-06,15740392406.0
1781445600,2.81e-06,2.81e-06,2.77e-06,2.78e-06,26968792625.0
1781449200,2.79e-06,2.79e-06,2.78e-06,2.78e-06,1279324147.0
1781452800,2.78e-06,2.8e-06,2.78e-06,2.78e-06,9534484971.0
1781456400,2.78e-06,2.79e-06,2.77e-06,2.77e-06,11175718682.0
1781460000,2.78e-06,2.78e-06,2.76e-06,2.77e-06,2692061519.0
1781463600,2.77e-06,2.79e-06,2.77e-06,2.77e-06,10106964823.0
1781467200,2.77e-06,2.8e-06,2.77e-06,2.79e-06,8202961401.0
1781470800,2.79e-06,2.92e-06,2.79e-06,2.9e-06,87396122723.0
1781474400,2.89e-06,2.9e-06,2.86e-06,2.89e-06,88136462354.0
1781478000,2.88e-06,2.92e-06,2.87e-06,2.92e-06,66152029732.0
1781481600,2.92e-06,2.94e-06,2.89e-06,2.9e-06,73688158667.0
1781485200,2.9e-06,2.91e-06,2.88e-06,2.89e-06,48644645391.0
1781488800,2.89e-06,2.92e-06,2.89e-06,2.9e-06,33417670202.0
1781492400,2.9e-06,2.92e-06,2.9e-06,2.91e-06,42508000378.0
1781496000,2.91e-06,2.92e-06,2.9e-06,2.9e-06,15379662537.0
1781499600,2.9e-06,2.94e-06,2.9e-06,2.92e-06,31388289539.0
1781503200,2.92e-06,2.93e-06,2.91e-06,2.92e-06,20347276413.0
1781506800,2.91e-06,2.93e-06,2.9e-06,2.9e-06,25757536679.0
1781510400,2.9e-06,2.91e-06,2.9e-06,2.91e-06,26197531320.0
1781514000,2.9e-06,2.91e-06,2.89e-06,2.91e-06,15803309837.0
1781517600,2.91e-06,2.95e-06,2.91e-06,2.93e-06,43431891765.0
1781521200,2.93e-06,3e-06,2.93e-06,2.98e-06,78547388191.0
1781524800,2.98e-06,3e-06,2.96e-06,2.99e-06,31999449402.0
1781528400,2.98e-06,3.02e-06,2.98e-06,2.99e-06,74771987526.0
1781532000,3e-06,3.03e-06,2.99e-06,3.01e-06,100659938002.0
1781535600,3.01e-06,3.05e-06,2.98e-06,3.04e-06,77556213769.0
1781539200,3.04e-06,3.07e-06,3.03e-06,3.06e-06,87927025458.0
1781542800,3.06e-06,3.14e-06,3.03e-06,3.11e-06,122086540913.0
1781546400,3.1e-06,3.1e-06,3.02e-06,3.02e-06,104938473761.0
1781550000,3.03e-06,3.04e-06,2.97e-06,2.98e-06,69042117600.0
1781553600,2.98e-06,2.99e-06,2.97e-06,2.97e-06,68800614456.0
1781557200,2.97e-06,2.98e-06,2.96e-06,2.97e-06,22290835292.0
1781560800,2.97e-06,2.98e-06,2.92e-06,2.92e-06,34284924069.0
1781564400,2.93e-06,2.95e-06,2.92e-06,2.95e-06,24769595620.0
1781568000,2.95e-06,2.96e-06,2.94e-06,2.95e-06,24887116533.0
1781571600,2.95e-06,2.96e-06,2.94e-06,2.94e-06,15522677846.0
1781575200,2.94e-06,2.95e-06,2.9e-06,2.92e-06,44400796788.0
1781578800,2.92e-06,2.96e-06,2.92e-06,2.96e-06,17103859121.0
1781582400,2.95e-06,2.95e-06,2.92e-06,2.93e-06,4126871197.0
1781586000,2.94e-06,2.95e-06,2.93e-06,2.94e-06,1339310148.0
1781589600,2.95e-06,2.96e-06,2.94e-06,2.96e-06,2809721202.0
1781593200,2.95e-06,2.97e-06,2.95e-06,2.97e-06,9327404828.0
1781596800,2.96e-06,3.01e-06,2.96e-06,3e-06,9242320318.0
1781600400,3e-06,3e-06,2.98e-06,2.99e-06,9031473644.0
1781604000,2.98e-06,2.99e-06,2.97e-06,2.97e-06,3310535302.0
1781607600,2.97e-06,2.97e-06,2.96e-06,2.96e-06,4881989023.0
1781611200,2.96e-06,3.01e-06,2.96e-06,2.99e-06,9050003233.0
1781614800,2.99e-06,3e-06,2.94e-06,2.95e-06,39316893619.0
1781618400,2.95e-06,2.95e-06,2.89e-06,2.91e-06,58033281369.0
1781622000,2.91e-06,2.94e-06,2.91e-06,2.93e-06,32186180663.0
1781625600,2.93e-06,2.94e-06,2.91e-06,2.92e-06,12270094875.0
1781629200,2.93e-06,2.97e-06,2.92e-06,2.97e-06,12183155762.0
1781632800,2.97e-06,2.99e-06,2.96e-06,2.97e-06,24056979240.0
1781636400,2.96e-06,2.97e-06,2.94e-06,2.95e-06,13966621365.0
1781640000,2.94e-06,2.98e-06,2.94e-06,2.97e-06,25462674855.0
1781643600,2.97e-06,2.97e-06,2.96e-06,2.96e-06,1716905260.0
1781647200,2.96e-06,2.98e-06,2.95e-06,2.97e-06,7145787910.0
1781650800,2.96e-06,2.97e-06,2.94e-06,2.95e-06,8809864854.0
1781654400,2.95e-06,2.97e-06,2.95e-06,2.96e-06,8969085806.0
1781658000,2.96e-06,2.99e-06,2.95e-06,2.99e-06,10031480937.0
1781661600,2.99e-06,3.01e-06,2.98e-06,3.01e-06,20381464178.0
1781665200,3.01e-06,3.01e-06,2.97e-06,2.98e-06,33364571977.0
1781668800,2.98e-06,2.99e-06,2.97e-06,2.98e-06,11474793570.0
1781672400,2.98e-06,2.99e-06,2.97e-06,2.98e-06,29620957844.0
1781676000,2.98e-06,2.99e-06,2.96e-06,2.96e-06,8577172861.0
1781679600,2.96e-06,2.98e-06,2.95e-06,2.96e-06,18587329592.0
1781683200,2.96e-06,2.96e-06,2.92e-06,2.93e-06,43118340125.0
1781686800,2.93e-06,2.95e-06,2.93e-06,2.94e-06,4391969180.0
1781690400,2.94e-06,2.94e-06,2.93e-06,2.93e-06,2017054628.0
1781694000,2.92e-06,2.94e-06,2.91e-06,2.92e-06,15159292224.0
1781697600,2.92e-06,2.95e-06,2.92e-06,2.95e-06,11544430455.0
1781701200,2.95e-06,2.96e-06,2.94e-06,2.95e-06,11370851847.0
1781704800,2.95e-06,2.97e-06,2.93e-06,2.95e-06,28859319303.0
1781708400,2.96e-06,3.02e-06,2.95e-06,3.01e-06,28074947684.0
1781712000,3.01e-06,3.03e-06,2.99e-06,2.99e-06,81871116595.0
1781715600,2.99e-06,3.01e-06,2.98e-06,3.01e-06,68682435116.0
1781719200,3.01e-06,3.01e-06,2.93e-06,2.97e-06,55553618692.0
1781722800,2.97e-06,2.98e-06,2.88e-06,2.9e-06,63002450135.0
1781726400,2.9e-06,2.94e-06,2.89e-06,2.94e-06,18230845820.0
1781730000,2.93e-06,2.94e-06,2.9e-06,2.91e-06,31040086718.0
1781733600,2.9e-06,2.95e-06,2.88e-06,2.93e-06,30758828288.0
1781737200,2.94e-06,2.95e-06,2.93e-06,2.94e-06,23669266672.0
1781740800,2.95e-06,2.96e-06,2.93e-06,2.93e-06,31004718054.0
1781744400,2.94e-06,2.96e-06,2.93e-06,2.93e-06,25747980599.0
1781748000,2.94e-06,2.95e-06,2.93e-06,2.93e-06,12570807929.0
1781751600,2.93e-06,2.94e-06,2.9e-06,2.9e-06,6486589702.0
1781755200,2.9e-06,2.9e-06,2.86e-06,2.86e-06,16742045583.0
1781758800,2.86e-06,2.87e-06,2.84e-06,2.87e-06,3661334958.0
1781762400,2.87e-06,2.88e-06,2.86e-06,2.88e-06,6173539195.0
1781766000,2.88e-06,2.9e-06,2.88e-06,2.89e-06,2822875262.0
1781769600,2.88e-06,2.91e-06,2.88e-06,2.9e-06,3670292941.0
1781773200,2.9e-06,2.92e-06,2.9e-06,2.9e-06,6264378039.0
1781776800,2.9e-06,2.9e-06,2.88e-06,2.89e-06,7400596623.0
1781780400,2.89e-06,2.89e-06,2.87e-06,2.87e-06,15942906994.0
1781784000,2.87e-06,2.9e-06,2.86e-06,2.9e-06,11283813796.0
1781787600,2.89e-06,2.9e-06,2.86e-06,2.87e-06,14789400267.0
1781791200,2.87e-06,2.9e-06,2.87e-06,2.88e-06,20033678322.0
1781794800,2.88e-06,2.88e-06,2.77e-06,2.77e-06,73081647108.0
1781798400,2.78e-06,2.8e-06,2.78e-06,2.8e-06,37068631254.0
1781802000,2.79e-06,2.8e-06,2.77e-06,2.79e-06,11245670344.0
1781805600,2.78e-06,2.81e-06,2.78e-06,2.8e-06,7726983019.0
1781809200,2.8e-06,2.83e-06,2.79e-06,2.83e-06,8163675626.0
1781812800,2.84e-06,2.85e-06,2.84e-06,2.84e-06,8434606466.0
1781816400,2.84e-06,2.85e-06,2.82e-06,2.84e-06,9276771516.0
1781820000,2.83e-06,2.84e-06,2.83e-06,2.84e-06,6323992879.0
1781823600,2.83e-06,2.84e-06,2.82e-06,2.84e-06,21689889260.0
1781827200,2.84e-06,2.86e-06,2.84e-06,2.85e-06,10481208589.0
1781830800,2.86e-06,2.87e-06,2.84e-06,2.85e-06,19367229457.0
1781834400,2.86e-06,2.86e-06,2.83e-06,2.85e-06,7980148041.0
1781838000,2.85e-06,2.85e-06,2.8e-06,2.81e-06,28925882504.0
1781841600,2.81e-06,2.82e-06,2.78e-06,2.79e-06,5555385889.0
1781845200,2.79e-06,2.8e-06,2.78e-06,2.8e-06,8473494237.0
1781848800,2.8e-06,2.81e-06,2.79e-06,2.81e-06,3927253672.0
1781852400,2.8e-06,2.8e-06,2.77e-06,2.78e-06,11871327059.0
1781856000,2.78e-06,2.8e-06,2.78e-06,2.79e-06,13779940690.0
1781859600,2.79e-06,2.79e-06,2.77e-06,2.79e-06,31085041293.0
1781863200,2.78e-06,2.8e-06,2.78e-06,2.79e-06,12344009770.0
1781866800,2.79e-06,2.8e-06,2.78e-06,2.79e-06,6138944803.0
1781870400,2.79e-06,2.81e-06,2.77e-06,2.81e-06,16299429501.0
1781874000,2.81e-06,2.84e-06,2.8e-06,2.83e-06,24637750327.0
1781877600,2.83e-06,2.84e-06,2.82e-06,2.82e-06,27560074294.0
1781881200,2.82e-06,2.84e-06,2.81e-06,2.82e-06,10202536658.0
1781884800,2.83e-06,2.84e-06,2.8e-06,2.8e-06,29539823204.0
1781888400,2.8e-06,2.83e-06,2.8e-06,2.83e-06,8625827481.0
1781892000,2.83e-06,2.83e-06,2.8e-06,2.81e-06,2206734229.0
1781895600,2.81e-06,2.82e-06,2.8e-06,2.81e-06,4016718852.0
1781899200,2.8e-06,2.83e-06,2.8e-06,2.82e-06,11014535955.0
1781902800,2.82e-06,2.83e-06,2.8e-06,2.81e-06,3302861333.0
1781906400,2.8e-06,2.82e-06,2.8e-06,2.81e-06,2843341603.0
1781910000,2.81e-06,2.83e-06,2.81e-06,2.83e-06,12004004426.0
1781913600,2.83e-06,2.84e-06,2.82e-06,2.83e-06,8101679340.0
1781917200,2.82e-06,2.83e-06,2.82e-06,2.82e-06,3068271591.0
1781920800,2.82e-06,2.82e-06,2.81e-06,2.81e-06,11122053768.0
1781924400,2.81e-06,2.83e-06,2.81e-06,2.82e-06,4217999881.0
1781928000,2.83e-06,2.84e-06,2.82e-06,2.84e-06,6471291886.0
1781931600,2.84e-06,2.86e-06,2.84e-06,2.85e-06,7634201032.0
1781935200,2.85e-06,2.86e-06,2.85e-06,2.85e-06,2895740556.0
1781938800,2.85e-06,2.86e-06,2.83e-06,2.83e-06,2541318875.0
1781942400,2.84e-06,2.85e-06,2.83e-06,2.84e-06,1086921835.0
1781946000,2.84e-06,2.85e-06,2.84e-06,2.84e-06,3572228640.0
1781949600,2.84e-06,2.84e-06,2.83e-06,2.84e-06,3804383619.0
1781953200,2.84e-06,2.84e-06,2.83e-06,2.83e-06,1561483127.0
1781956800,2.83e-06,2.84e-06,2.82e-06,2.82e-06,4434885124.0
1781960400,2.82e-06,2.83e-06,2.8e-06,2.81e-06,4730749227.0
1781964000,2.81e-06,2.85e-06,2.79e-06,2.83e-06,32198833477.0
1781967600,2.83e-06,2.85e-06,2.82e-06,2.83e-06,43671708042.0
1781971200,2.83e-06,2.84e-06,2.81e-06,2.82e-06,5088916852.0
1781974800,2.82e-06,2.83e-06,2.79e-06,2.82e-06,10035612319.0
1781978400,2.81e-06,2.82e-06,2.81e-06,2.81e-06,4579282761.0
1781982000,2.81e-06,2.82e-06,2.81e-06,2.81e-06,2681992051.0
1781985600,2.81e-06,2.82e-06,2.81e-06,2.81e-06,5920020405.0
1781989200,2.81e-06,2.83e-06,2.81e-06,2.82e-06,6522697744.0
1781992800,2.82e-06,2.85e-06,2.82e-06,2.84e-06,8394611279.0
1781996400,2.84e-06,2.85e-06,2.83e-06,2.83e-06,5133591533.0
1782000000,2.83e-06,2.84e-06,2.83e-06,2.83e-06,5225320515.0
1782003600,2.83e-06,2.84e-06,2.83e-06,2.84e-06,6355374594.0
1782007200,2.84e-06,2.84e-06,2.83e-06,2.83e-06,4213532347.0
1782010800,2.84e-06,2.85e-06,2.83e-06,2.83e-06,6909735631.0
1782014400,2.83e-06,2.84e-06,2.81e-06,2.81e-06,11421351297.0
1782018000,2.82e-06,2.82e-06,2.81e-06,2.81e-06,1219772362.0
1782021600,2.81e-06,2.82e-06,2.81e-06,2.82e-06,3122165438.0
1782025200,2.82e-06,2.84e-06,2.82e-06,2.82e-06,9365052937.0
1782028800,2.82e-06,2.83e-06,2.82e-06,2.83e-06,1495968619.0
1782032400,2.82e-06,2.85e-06,2.82e-06,2.84e-06,5888697050.0
1782036000,2.84e-06,2.85e-06,2.83e-06,2.83e-06,2456653214.0
1782039600,2.83e-06,2.83e-06,2.81e-06,2.81e-06,5816425020.0
1782043200,2.81e-06,2.83e-06,2.81e-06,2.83e-06,3871687602.0
1782046800,2.83e-06,2.85e-06,2.83e-06,2.84e-06,3002520570.0
1782050400,2.84e-06,2.84e-06,2.82e-06,2.84e-06,9449432128.0
1782054000,2.84e-06,2.85e-06,2.83e-06,2.84e-06,12020761685.0
1782057600,2.83e-06,2.85e-06,2.82e-06,2.84e-06,10339583531.0
1782061200,2.84e-06,2.84e-06,2.83e-06,2.83e-06,11963687300.0
1782064800,2.83e-06,2.84e-06,2.82e-06,2.84e-06,11066831408.0
1782068400,2.84e-06,2.85e-06,2.83e-06,2.84e-06,4020553679.0
1782072000,2.84e-06,2.84e-06,2.81e-06,2.81e-06,12227962589.0
1782075600,2.81e-06,2.81e-06,2.78e-06,2.8e-06,29508490065.0
1782079200,2.81e-06,2.81e-06,2.8e-06,2.8e-06,6481426861.0
1782082800,2.79e-06,2.8e-06,2.78e-06,2.79e-06,26447322541.0
1782086400,2.79e-06,2.83e-06,2.79e-06,2.83e-06,12751686227.0
1782090000,2.83e-06,2.87e-06,2.82e-06,2.85e-06,12135111281.0
1782093600,2.85e-06,2.85e-06,2.82e-06,2.83e-06,6192898928.0
1782097200,2.82e-06,2.84e-06,2.82e-06,2.82e-06,7510195762.0
1782100800,2.81e-06,2.83e-06,2.81e-06,2.82e-06,4767272750.0
1782104400,2.83e-06,2.83e-06,2.82e-06,2.83e-06,2799426127.0
1782108000,2.82e-06,2.83e-06,2.82e-06,2.82e-06,6088305367.0
1782111600,2.82e-06,2.85e-06,2.82e-06,2.84e-06,10517262730.0
1782115200,2.84e-06,2.85e-06,2.83e-06,2.84e-06,8199172699.0
1782118800,2.84e-06,2.85e-06,2.82e-06,2.84e-06,16541772898.0
1782122400,2.84e-06,2.84e-06,2.83e-06,2.83e-06,3629189275.0
1782126000,2.84e-06,2.88e-06,2.84e-06,2.87e-06,29202075109.0
1782129600,2.87e-06,2.9e-06,2.87e-06,2.89e-06,11306176888.0
1782133200,2.89e-06,2.9e-06,2.88e-06,2.9e-06,7540544921.0
1782136800,2.9e-06,2.9e-06,2.86e-06,2.87e-06,33878630530.0
1782140400,2.87e-06,2.87e-06,2.84e-06,2.84e-06,22407508941.0
1782144000,2.83e-06,2.85e-06,2.83e-06,2.85e-06,8988992579.0
1782147600,2.85e-06,2.85e-06,2.82e-06,2.84e-06,6675635668.0
1782151200,2.84e-06,2.85e-06,2.81e-06,2.82e-06,23897868948.0
1782154800,2.81e-06,2.83e-06,2.81e-06,2.81e-06,10088497767.0
1782158400,2.82e-06,2.83e-06,2.81e-06,2.82e-06,4875800177.0
1782162000,2.82e-06,2.82e-06,2.8e-06,2.81e-06,8760233663.0
1782165600,2.81e-06,2.81e-06,2.78e-06,2.79e-06,19385761909.0
1782169200,2.79e-06,2.81e-06,2.79e-06,2.8e-06,28034524220.0
1782172800,2.8e-06,2.82e-06,2.79e-06,2.82e-06,18735423005.0
1782176400,2.82e-06,2.82e-06,2.79e-06,2.81e-06,5874584678.0
1782180000,2.81e-06,2.81e-06,2.8e-06,2.81e-06,4810965917.0
1782183600,2.81e-06,2.81e-06,2.8e-06,2.81e-06,7837566199.0
1782187200,2.81e-06,2.81e-06,2.78e-06,2.79e-06,21423949673.0
1782190800,2.79e-06,2.8e-06,2.77e-06,2.78e-06,21065860166.0
1782194400,2.78e-06,2.79e-06,2.71e-06,2.73e-06,28243010593.0
1782198000,2.74e-06,2.74e-06,2.72e-06,2.72e-06,7995145327.0
1782201600,2.73e-06,2.73e-06,2.67e-06,2.7e-06,32993924030.0
1782205200,2.69e-06,2.7e-06,2.69e-06,2.7e-06,1706754350.0
1782208800,2.7e-06,2.71e-06,2.69e-06,2.69e-06,23299838005.0
1782212400,2.7e-06,2.73e-06,2.7e-06,2.72e-06,16902796249.0
1782216000,2.72e-06,2.73e-06,2.72e-06,2.72e-06,21200950075.0
1782219600,2.72e-06,2.74e-06,2.7e-06,2.74e-06,47777370566.0
1782223200,2.74e-06,2.75e-06,2.71e-06,2.71e-06,26003195894.0
1782226800,2.71e-06,2.72e-06,2.69e-06,2.71e-06,10515581955.0
1782230400,2.72e-06,2.73e-06,2.69e-06,2.69e-06,21536412093.0
1782234000,2.69e-06,2.7e-06,2.68e-06,2.68e-06,9588599873.0
1782237600,2.69e-06,2.69e-06,2.67e-06,2.68e-06,4003462546.0
1782241200,2.68e-06,2.69e-06,2.67e-06,2.69e-06,9156007870.0
1782244800,2.69e-06,2.7e-06,2.68e-06,2.68e-06,4229274638.0
1782248400,2.69e-06,2.7e-06,2.68e-06,2.69e-06,4376207524.0
1782252000,2.68e-06,2.7e-06,2.68e-06,2.69e-06,2523414474.0
1782255600,2.69e-06,2.7e-06,2.68e-06,2.69e-06,4424120931.0
1782259200,2.69e-06,2.71e-06,2.69e-06,2.7e-06,10612593085.0
1782262800,2.7e-06,2.72e-06,2.69e-06,2.7e-06,24997596685.0
1782266400,2.7e-06,2.7e-06,2.68e-06,2.69e-06,5704926463.0
1782270000,2.68e-06,2.69e-06,2.67e-06,2.68e-06,20073606112.0
1782273600,2.68e-06,2.68e-06,2.64e-06,2.68e-06,38505778871.0
1782277200,2.68e-06,2.69e-06,2.67e-06,2.68e-06,10273360131.0
1782280800,2.67e-06,2.68e-06,2.66e-06,2.67e-06,18787356301.0
1782284400,2.67e-06,2.68e-06,2.66e-06,2.66e-06,13554969316.0
1782288000,2.66e-06,2.67e-06,2.65e-06,2.66e-06,4948950305.0
1782291600,2.66e-06,2.66e-06,2.64e-06,2.64e-06,2804792853.0
1782295200,2.64e-06,2.64e-06,2.62e-06,2.63e-06,7688190201.0
1782298800,2.62e-06,2.67e-06,2.61e-06,2.66e-06,36206562549.0
1782302400,2.65e-06,2.66e-06,2.64e-06,2.64e-06,7824572359.0
1782306000,2.64e-06,2.65e-06,2.58e-06,2.59e-06,60795352558.0
1782309600,2.59e-06,2.61e-06,2.58e-06,2.59e-06,34999156185.0
1782313200,2.59e-06,2.59e-06,2.51e-06,2.52e-06,106955170718.0
1782316800,2.52e-06,2.54e-06,2.44e-06,2.47e-06,122029741712.0
1782320400,2.48e-06,2.48e-06,2.42e-06,2.44e-06,106265835817.0
1782324000,2.43e-06,2.49e-06,2.43e-06,2.47e-06,49721641768.0
1782327600,2.47e-06,2.48e-06,2.46e-06,2.48e-06,24521316048.0
1782331200,2.48e-06,2.54e-06,2.47e-06,2.53e-06,87962014654.0
1782334800,2.53e-06,2.53e-06,2.5e-06,2.53e-06,27019978475.0
1782338400,2.54e-06,2.54e-06,2.52e-06,2.52e-06,28326094579.0
1782342000,2.52e-06,2.54e-06,2.52e-06,2.53e-06,8388421477.0
1782345600,2.53e-06,2.55e-06,2.52e-06,2.53e-06,20000725215.0
1782349200,2.53e-06,2.53e-06,2.52e-06,2.53e-06,15868281181.0
1782352800,2.52e-06,2.53e-06,2.51e-06,2.51e-06,2723123102.0
1782356400,2.52e-06,2.52e-06,2.5e-06,2.52e-06,1652290160.0
1782360000,2.51e-06,2.54e-06,2.51e-06,2.54e-06,42221785829.0
1782363600,2.53e-06,2.56e-06,2.53e-06,2.55e-06,14797946548.0
1782367200,2.55e-06,2.55e-06,2.53e-06,2.53e-06,12814499211.0
1782370800,2.54e-06,2.54e-06,2.52e-06,2.53e-06,4905622043.0
1782374400,2.53e-06,2.54e-06,2.53e-06,2.53e-06,2251344571.0
1782378000,2.53e-06,2.54e-06,2.52e-06,2.52e-06,5001159927.0
1782381600,2.53e-06,2.53e-06,2.5e-06,2.5e-06,19507407171.0
1782385200,2.5e-06,2.5e-06,2.49e-06,2.49e-06,2415842527.0
1782388800,2.48e-06,2.5e-06,2.45e-06,2.48e-06,53446264871.0
1782392400,2.48e-06,2.49e-06,2.31e-06,2.31e-06,146537696615.0
1782396000,2.32e-06,2.42e-06,2.32e-06,2.37e-06,128225048164.0
1782399600,2.36e-06,2.37e-06,2.33e-06,2.37e-06,68322027733.0
1782403200,2.36e-06,2.39e-06,2.31e-06,2.31e-06,60456598248.0
1782406800,2.31e-06,2.36e-06,2.31e-06,2.36e-06,12200860605.0
1782410400,2.35e-06,2.35e-06,2.31e-06,2.32e-06,39167165526.0
1782414000,2.32e-06,2.33e-06,2.3e-06,2.32e-06,114958080701.0
1782417600,2.32e-06,2.35e-06,2.31e-06,2.32e-06,65499643310.0
1782421200,2.31e-06,2.36e-06,2.31e-06,2.36e-06,43182067960.0
1782424800,2.35e-06,2.36e-06,2.34e-06,2.35e-06,43274473111.0
1782428400,2.35e-06,2.37e-06,2.34e-06,2.36e-06,41042670493.0
1782432000,2.36e-06,2.36e-06,2.34e-06,2.34e-06,10210293253.0
1782435600,2.34e-06,2.35e-06,2.32e-06,2.34e-06,8705051242.0
1782439200,2.33e-06,2.34e-06,2.27e-06,2.28e-06,81039371431.0
1782442800,2.28e-06,2.34e-06,2.27e-06,2.33e-06,76936951311.0
1782446400,2.33e-06,2.35e-06,2.33e-06,2.33e-06,6232112024.0
1782450000,2.33e-06,2.34e-06,2.32e-06,2.33e-06,12095711080.0
1782453600,2.33e-06,2.37e-06,2.31e-06,2.37e-06,69564249572.0
1782457200,2.36e-06,2.38e-06,2.36e-06,2.37e-06,19393872687.0
1782460800,2.37e-06,2.37e-06,2.35e-06,2.35e-06,6550157118.0
1782464400,2.34e-06,2.36e-06,2.34e-06,2.34e-06,8964663727.0
1782468000,2.33e-06,2.34e-06,2.32e-06,2.33e-06,3731260298.0
1782471600,2.33e-06,2.34e-06,2.3e-06,2.32e-06,11345459861.0
1782475200,2.32e-06,2.34e-06,2.3e-06,2.31e-06,8426507869.0
1782478800,2.31e-06,2.37e-06,2.3e-06,2.37e-06,29388906382.0
1782482400,2.37e-06,2.38e-06,2.35e-06,2.35e-06,24781289129.0
1782486000,2.34e-06,2.38e-06,2.34e-06,2.37e-06,28509221159.0
1782489600,2.37e-06,2.4e-06,2.36e-06,2.39e-06,14580096929.0
1782493200,2.39e-06,2.41e-06,2.39e-06,2.4e-06,12095657270.0
1782496800,2.4e-06,2.4e-06,2.37e-06,2.38e-06,2505100348.0
1782500400,2.38e-06,2.41e-06,2.38e-06,2.39e-06,6416602908.0
1782504000,2.39e-06,2.41e-06,2.37e-06,2.37e-06,18130102274.0
1782507600,2.38e-06,2.39e-06,2.37e-06,2.38e-06,816537806.0
1782511200,2.38e-06,2.39e-06,2.37e-06,2.38e-06,3264503100.0
1782514800,2.38e-06,2.39e-06,2.38e-06,2.38e-06,627333829.0
1782518400,2.39e-06,2.39e-06,2.38e-06,2.39e-06,4693869250.0
1782522000,2.38e-06,2.4e-06,2.38e-06,2.39e-06,5704660233.0
1782525600,2.39e-06,2.43e-06,2.39e-06,2.42e-06,19365085229.0
1782529200,2.42e-06,2.43e-06,2.41e-06,2.42e-06,8002653585.0
1782532800,2.42e-06,2.43e-06,2.41e-06,2.41e-06,9586763525.0
1782536400,2.42e-06,2.43e-06,2.4e-06,2.43e-06,26146389638.0
1782540000,2.42e-06,2.43e-06,2.41e-06,2.42e-06,7161469587.0
1782543600,2.42e-06,2.43e-06,2.42e-06,2.42e-06,3004377257.0
1782547200,2.42e-06,2.43e-06,2.41e-06,2.41e-06,1779499615.0
1782550800,2.41e-06,2.41e-06,2.4e-06,2.41e-06,2834224194.0
1782554400,2.42e-06,2.42e-06,2.41e-06,2.41e-06,4650141591.0
1782558000,2.41e-06,2.41e-06,2.39e-06,2.4e-06,4135257158.0
1782561600,2.4e-06,2.42e-06,2.39e-06,2.41e-06,14109360777.0
1782565200,2.41e-06,2.43e-06,2.41e-06,2.42e-06,2936049050.0
1782568800,2.42e-06,2.44e-06,2.42e-06,2.44e-06,5742293554.0
1782572400,2.44e-06,2.46e-06,2.43e-06,2.44e-06,15302080265.0
1782576000,2.44e-06,2.45e-06,2.44e-06,2.44e-06,6076262989.0
1782579600,2.44e-06,2.44e-06,2.41e-06,2.41e-06,9509518833.0
1782583200,2.41e-06,2.41e-06,2.39e-06,2.41e-06,7401234139.0
1782586800,2.4e-06,2.41e-06,2.37e-06,2.39e-06,6120744026.0
1782590400,2.39e-06,2.4e-06,2.38e-06,2.39e-06,4770393996.0
1782594000,2.39e-06,2.39e-06,2.35e-06,2.37e-06,53420266093.0
1782597600,2.37e-06,2.38e-06,2.36e-06,2.38e-06,4834827494.0
1782601200,2.39e-06,2.39e-06,2.37e-06,2.37e-06,3892515616.0
1782604800,2.37e-06,2.38e-06,2.37e-06,2.37e-06,12457014391.0
1782608400,2.37e-06,2.38e-06,2.36e-06,2.38e-06,6517623041.0
1782612000,2.37e-06,2.39e-06,2.36e-06,2.37e-06,4987929063.0
1782615600,2.37e-06,2.38e-06,2.37e-06,2.38e-06,1633242179.0
1782619200,2.37e-06,2.38e-06,2.37e-06,2.38e-06,994734832.0
1782622800,2.38e-06,2.38e-06,2.37e-06,2.37e-06,3876799938.0
1782626400,2.37e-06,2.37e-06,2.35e-06,2.37e-06,4881284927.0
1782630000,2.38e-06,2.39e-06,2.38e-06,2.38e-06,1061054510.0
1782633600,2.37e-06,2.4e-06,2.37e-06,2.39e-06,1952848330.0
1782637200,2.39e-06,2.4e-06,2.37e-06,2.37e-06,9124279139.0
1782640800,2.38e-06,2.39e-06,2.37e-06,2.38e-06,6351298913.0
1782644400,2.39e-06,2.4e-06,2.38e-06,2.4e-06,1834037147.0
1782648000,2.39e-06,2.41e-06,2.38e-06,2.38e-06,8153154670.0
1782651600,2.38e-06,2.39e-06,2.37e-06,2.38e-06,1704954637.0
1782655200,2.38e-06,2.4e-06,2.38e-06,2.39e-06,5481919359.0
1782658800,2.38e-06,2.4e-06,2.38e-06,2.39e-06,16306649919.0
1782662400,2.39e-06,2.39e-06,2.37e-06,2.38e-06,18898786010.0
1782666000,2.38e-06,2.38e-06,2.35e-06,2.37e-06,7056014452.0
1782669600,2.36e-06,2.37e-06,2.36e-06,2.36e-06,15947139140.0
1782673200,2.36e-06,2.37e-06,2.35e-06,2.36e-06,6863514685.0
1782676800,2.36e-06,2.37e-06,2.36e-06,2.36e-06,1349871032.0
1782680400,2.37e-06,2.37e-06,2.34e-06,2.36e-06,10211087385.0
1782684000,2.36e-06,2.38e-06,2.32e-06,2.32e-06,20840777824.0
1782687600,2.32e-06,2.36e-06,2.32e-06,2.35e-06,6975308551.0
1782691200,2.34e-06,2.36e-06,2.32e-06,2.35e-06,21999728924.0
1782694800,2.35e-06,2.36e-06,2.33e-06,2.35e-06,8615046964.0
1782698400,2.35e-06,2.37e-06,2.32e-06,2.36e-06,11245887259.0
1782702000,2.37e-06,2.39e-06,2.37e-06,2.37e-06,13511109528.0
1782705600,2.36e-06,2.37e-06,2.34e-06,2.34e-06,9744843308.0
1782709200,2.35e-06,2.36e-06,2.33e-06,2.36e-06,14362796649.0
1782712800,2.37e-06,2.38e-06,2.35e-06,2.36e-06,6879332696.0
1782716400,2.35e-06,2.36e-06,2.34e-06,2.34e-06,8713405507.0
1782720000,2.35e-06,2.36e-06,2.32e-06,2.33e-06,4926803166.0
1782723600,2.34e-06,2.36e-06,2.34e-06,2.36e-06,16883620288.0
1782727200,2.36e-06,2.36e-06,2.35e-06,2.35e-06,1360906824.0
1782730800,2.35e-06,2.35e-06,2.33e-06,2.34e-06,20948930626.0
1782734400,2.33e-06,2.39e-06,2.33e-06,2.35e-06,17037004804.0
1782738000,2.35e-06,2.37e-06,2.32e-06,2.33e-06,19513839256.0
1782741600,2.33e-06,2.34e-06,2.31e-06,2.33e-06,13673773453.0
1782745200,2.33e-06,2.35e-06,2.31e-06,2.35e-06,8310799679.0
1782748800,2.35e-06,2.36e-06,2.33e-06,2.36e-06,8056492497.0
1782752400,2.37e-06,2.41e-06,2.37e-06,2.4e-06,27354166646.0
1782756000,2.4e-06,2.4e-06,2.39e-06,2.39e-06,8185932194.0
1782759600,2.39e-06,2.41e-06,2.39e-06,2.39e-06,3849671845.0
1782763200,2.39e-06,2.39e-06,2.38e-06,2.38e-06,8632895379.0
1782766800,2.37e-06,2.4e-06,2.36e-06,2.39e-06,79542412612.0
1782770400,2.39e-06,2.39e-06,2.36e-06,2.36e-06,36043787931.0
1782774000,2.35e-06,2.35e-06,2.34e-06,2.35e-06,3680798125.0
1782777600,2.35e-06,2.36e-06,2.32e-06,2.33e-06,21856600442.0
1782781200,2.33e-06,2.34e-06,2.32e-06,2.33e-06,23584573238.0
1782784800,2.33e-06,2.35e-06,2.32e-06,2.34e-06,10652662353.0
1782788400,2.34e-06,2.36e-06,2.33e-06,2.33e-06,18880550640.0
1782792000,2.33e-06,2.35e-06,2.33e-06,2.34e-06,10714962179.0
1782795600,2.34e-06,2.35e-06,2.33e-06,2.35e-06,4403956121.0
1782799200,2.35e-06,2.35e-06,2.34e-06,2.34e-06,10148749260.0
1782802800,2.34e-06,2.34e-06,2.33e-06,2.34e-06,1219157581.0
1782806400,2.33e-06,2.34e-06,2.32e-06,2.33e-06,6141575621.0
1782810000,2.32e-06,2.34e-06,2.32e-06,2.34e-06,1173212342.0
1782813600,2.33e-06,2.35e-06,2.33e-06,2.34e-06,2018767740.0
1782817200,2.34e-06,2.35e-06,2.33e-06,2.33e-06,3093484509.0
1782820800,2.32e-06,2.33e-06,2.29e-06,2.3e-06,13177831337.0
1782824400,2.3e-06,2.33e-06,2.3e-06,2.33e-06,22360079613.0
1782828000,2.33e-06,2.35e-06,2.31e-06,2.32e-06,17385828204.0
1782831600,2.32e-06,2.33e-06,2.3e-06,2.31e-06,19742983746.0
1782835200,2.3e-06,2.35e-06,2.3e-06,2.34e-06,27082337845.0
1782838800,2.34e-06,2.36e-06,2.32e-06,2.32e-06,16445331023.0
1782842400,2.32e-06,2.35e-06,2.32e-06,2.33e-06,19800823777.0
1782846000,2.33e-06,2.34e-06,2.33e-06,2.33e-06,9650874446.0
1782849600,2.33e-06,2.34e-06,2.32e-06,2.33e-06,2206746785.0
1782853200,2.32e-06,2.33e-06,2.31e-06,2.33e-06,4970744494.0
1782856800,2.33e-06,2.34e-06,2.32e-06,2.33e-06,7133000219.0
1782860400,2.33e-06,2.34e-06,2.32e-06,2.33e-06,2274054491.0
1782864000,2.32e-06,2.33e-06,2.31e-06,2.32e-06,8580431983.0
1782867600,2.32e-06,2.32e-06,2.26e-06,2.31e-06,44566630625.0
1782871200,2.31e-06,2.33e-06,2.31e-06,2.32e-06,15687666780.0
1782874800,2.32e-06,2.34e-06,2.31e-06,2.33e-06,4490779555.0
1782878400,2.33e-06,2.34e-06,2.33e-06,2.34e-06,9340630065.0
1782882000,2.34e-06,2.34e-06,2.32e-06,2.33e-06,5808452142.0
1782885600,2.32e-06,2.32e-06,2.24e-06,2.26e-06,73997039393.0
1782889200,2.25e-06,2.28e-06,2.24e-06,2.27e-06,17392374716.0
1782892800,2.27e-06,2.28e-06,2.25e-06,2.28e-06,15571390512.0
1782896400,2.27e-06,2.29e-06,2.27e-06,2.28e-06,8769959057.0
1782900000,2.28e-06,2.29e-06,2.26e-06,2.27e-06,7388719737.0
1782903600,2.27e-06,2.28e-06,2.26e-06,2.26e-06,13226180001.0
1782907200,2.26e-06,2.26e-06,2.24e-06,2.26e-06,11826351057.0
1782910800,2.26e-06,2.29e-06,2.22e-06,2.29e-06,25412419372.0
1782914400,2.29e-06,2.31e-06,2.28e-06,2.31e-06,35608463142.0
1782918000,2.31e-06,2.37e-06,2.31e-06,2.36e-06,52054592568.0
1782921600,2.36e-06,2.37e-06,2.33e-06,2.33e-06,24410793621.0
1782925200,2.33e-06,2.36e-06,2.33e-06,2.35e-06,23315996085.0
1782928800,2.36e-06,2.36e-06,2.32e-06,2.33e-06,6099897652.0
1782932400,2.33e-06,2.34e-06,2.31e-06,2.31e-06,13810220620.0
1782936000,2.31e-06,2.32e-06,2.3e-06,2.32e-06,10760297527.0
1782939600,2.32e-06,2.39e-06,2.32e-06,2.38e-06,25572070717.0
1782943200,2.38e-06,2.39e-06,2.34e-06,2.34e-06,26790972784.0
1782946800,2.34e-06,2.34e-06,2.31e-06,2.31e-06,19496672374.0
1782950400,2.32e-06,2.32e-06,2.3e-06,2.31e-06,14893196717.0
1782954000,2.32e-06,2.35e-06,2.32e-06,2.33e-06,5591875360.0
1782957600,2.33e-06,2.35e-06,2.33e-06,2.35e-06,12627525376.0
1782961200,2.35e-06,2.39e-06,2.34e-06,2.39e-06,22222430158.0
1782964800,2.39e-06,2.39e-06,2.37e-06,2.37e-06,17249284582.0
1782968400,2.38e-06,2.39e-06,2.36e-06,2.36e-06,5140038231.0
1782972000,2.36e-06,2.38e-06,2.35e-06,2.36e-06,8010321646.0
1782975600,2.36e-06,2.38e-06,2.35e-06,2.38e-06,16112440614.0
1782979200,2.37e-06,2.39e-06,2.37e-06,2.39e-06,42203856245.0
1782982800,2.38e-06,2.42e-06,2.38e-06,2.41e-06,11992030403.0
1782986400,2.4e-06,2.43e-06,2.4e-06,2.43e-06,7398278558.0
1782990000,2.42e-06,2.44e-06,2.42e-06,2.44e-06,4960141655.0
1782993600,2.44e-06,2.45e-06,2.43e-06,2.43e-06,15705269961.0
1782997200,2.43e-06,2.49e-06,2.42e-06,2.47e-06,44974654592.0
1783000800,2.47e-06,2.49e-06,2.42e-06,2.43e-06,26322626103.0
1783004400,2.44e-06,2.45e-06,2.43e-06,2.44e-06,10016895090.0
1783008000,2.43e-06,2.45e-06,2.41e-06,2.44e-06,6292125575.0
1783011600,2.43e-06,2.44e-06,2.42e-06,2.43e-06,9908265691.0
1783015200,2.43e-06,2.44e-06,2.43e-06,2.43e-06,8410979757.0
1783018800,2.43e-06,2.44e-06,2.42e-06,2.43e-06,14825674181.0
1783022400,2.42e-06,2.44e-06,2.42e-06,2.44e-06,1604984506.0
1783026000,2.43e-06,2.44e-06,2.42e-06,2.43e-06,3820550784.0
1783029600,2.44e-06,2.44e-06,2.42e-06,2.43e-06,21786686151.0
1783033200,2.43e-06,2.45e-06,2.43e-06,2.44e-06,3858299506.0
1783036800,2.44e-06,2.45e-06,2.43e-06,2.43e-06,3494178684.0
1783040400,2.44e-06,2.47e-06,2.43e-06,2.46e-06,11186125488.0
1783044000,2.46e-06,2.47e-06,2.45e-06,2.47e-06,12137393382.0
1783047600,2.47e-06,2.48e-06,2.45e-06,2.47e-06,4495081989.0
1783051200,2.46e-06,2.46e-06,2.45e-06,2.46e-06,5606877849.0
1783054800,2.46e-06,2.48e-06,2.45e-06,2.47e-06,2540313172.0
1783058400,2.47e-06,2.48e-06,2.46e-06,2.48e-06,2299082547.0
1783062000,2.48e-06,2.48e-06,2.46e-06,2.47e-06,942662116.0
1783065600,2.48e-06,2.49e-06,2.47e-06,2.47e-06,29797764739.0
1783069200,2.48e-06,2.5e-06,2.48e-06,2.49e-06,18874281032.0
1783072800,2.49e-06,2.53e-06,2.48e-06,2.51e-06,12063349652.0
1783076400,2.5e-06,2.58e-06,2.5e-06,2.55e-06,73306602572.0
1783080000,2.55e-06,2.57e-06,2.52e-06,2.54e-06,25357909430.0
1783083600,2.53e-06,2.56e-06,2.52e-06,2.55e-06,13860187017.0
1783087200,2.54e-06,2.58e-06,2.52e-06,2.58e-06,4609161439.0
1783090800,2.56e-06,2.6e-06,2.54e-06,2.56e-06,21131498089.0
1783094400,2.55e-06,2.57e-06,2.53e-06,2.57e-06,5938505849.0
1783098000,2.57e-06,2.59e-06,2.56e-06,2.58e-06,33488336868.0
1783101600,2.57e-06,2.58e-06,2.56e-06,2.58e-06,3192295446.0
1783105200,2.58e-06,2.61e-06,2.57e-06,2.6e-06,28639818489.0
1783108800,2.61e-06,2.72e-06,2.6e-06,2.71e-06,103092185808.0
1783112400,2.71e-06,2.83e-06,2.7e-06,2.81e-06,107690200594.0
1783116000,2.81e-06,2.82e-06,2.71e-06,2.75e-06,79037159404.0
1783119600,2.75e-06,2.78e-06,2.72e-06,2.77e-06,42923503956.0
1783123200,2.77e-06,2.81e-06,2.76e-06,2.76e-06,39311316807.0
1783126800,2.75e-06,2.79e-06,2.73e-06,2.77e-06,33245720176.0
1783130400,2.77e-06,2.82e-06,2.76e-06,2.79e-06,30313099425.0
1783134000,2.79e-06,2.84e-06,2.76e-06,2.82e-06,23697569446.0
1783137600,2.82e-06,2.86e-06,2.79e-06,2.84e-06,17878648167.0
1783141200,2.84e-06,2.84e-06,2.76e-06,2.78e-06,7046635821.0
1783144800,2.78e-06,2.79e-06,2.73e-06,2.73e-06,5334004283.0
1783148400,2.73e-06,2.75e-06,2.72e-06,2.73e-06,15867444091.0
1783152000,2.74e-06,2.74e-06,2.7e-06,2.72e-06,16799725605.0
1783155600,2.72e-06,2.73e-06,2.69e-06,2.69e-06,4619154474.0
1783159200,2.69e-06,2.71e-06,2.68e-06,2.68e-06,13985543496.0
1783162800,2.67e-06,2.71e-06,2.67e-06,2.71e-06,9979409857.0
1783166400,2.71e-06,2.73e-06,2.71e-06,2.71e-06,8138644393.0
1783170000,2.71e-06,2.72e-06,2.69e-06,2.7e-06,23125340120.0
1783173600,2.71e-06,2.72e-06,2.69e-06,2.71e-06,4389523665.0
1783177200,2.71e-06,2.77e-06,2.71e-06,2.77e-06,26556905007.0
1783180800,2.76e-06,2.8e-06,2.75e-06,2.78e-06,10293645574.0
1783184400,2.78e-06,2.78e-06,2.74e-06,2.78e-06,26000473328.0
1783188000,2.78e-06,2.78e-06,2.75e-06,2.76e-06,8731110213.0
1783191600,2.76e-06,2.76e-06,2.73e-06,2.74e-06,18371614608.0
1783195200,2.73e-06,2.75e-06,2.71e-06,2.71e-06,20328563867.0
1783198800,2.72e-06,2.74e-06,2.72e-06,2.74e-06,3125342310.0
1783202400,2.74e-06,2.74e-06,2.72e-06,2.73e-06,1838667740.0
1783206000,2.72e-06,2.75e-06,2.72e-06,2.73e-06,4166529772.0
1783209600,2.73e-06,2.73e-06,2.71e-06,2.72e-06,1598323134.0
1783213200,2.73e-06,2.73e-06,2.71e-06,2.73e-06,30570542303.0
1783216800,2.73e-06,2.73e-06,2.69e-06,2.7e-06,6216689040.0
1783220400,2.71e-06,2.71e-06,2.69e-06,2.7e-06,16454668450.0
1783224000,2.7e-06,2.72e-06,2.7e-06,2.7e-06,3592228325.0
1783227600,2.7e-06,2.71e-06,2.66e-06,2.66e-06,9239363329.0
1783231200,2.66e-06,2.66e-06,2.64e-06,2.66e-06,28009043175.0
1783234800,2.67e-06,2.68e-06,2.66e-06,2.68e-06,5364718433.0
1783238400,2.68e-06,2.68e-06,2.67e-06,2.67e-06,3172683042.0
1783242000,2.67e-06,2.68e-06,2.65e-06,2.65e-06,6797263237.0
1783245600,2.64e-06,2.66e-06,2.64e-06,2.65e-06,17226898511.0
1783249200,2.65e-06,2.66e-06,2.64e-06,2.65e-06,4623087192.0
1783252800,2.65e-06,2.67e-06,2.65e-06,2.67e-06,3029058352.0
1783256400,2.66e-06,2.69e-06,2.66e-06,2.68e-06,4821212091.0
1783260000,2.68e-06,2.7e-06,2.67e-06,2.7e-06,1304713372.0
1783263600,2.7e-06,2.73e-06,2.68e-06,2.69e-06,38814041825.0
1783267200,2.69e-06,2.71e-06,2.68e-06,2.71e-06,5283594864.0
1783270800,2.71e-06,2.71e-06,2.69e-06,2.7e-06,13440949865.0
1783274400,2.7e-06,2.72e-06,2.7e-06,2.71e-06,2514164121.0
1783278000,2.71e-06,2.72e-06,2.7e-06,2.7e-06,1088446675.0
1783281600,2.7e-06,2.71e-06,2.68e-06,2.69e-06,3358780852.0
1783285200,2.68e-06,2.74e-06,2.68e-06,2.72e-06,8032302659.0
1783288800,2.72e-06,2.77e-06,2.72e-06,2.75e-06,84452934801.0
1783292400,2.75e-06,2.8e-06,2.74e-06,2.75e-06,28824090273.0
1783296000,2.75e-06,2.77e-06,2.72e-06,2.77e-06,19061477347.0
1783299600,2.77e-06,2.78e-06,2.74e-06,2.74e-06,20980724431.0
1783303200,2.74e-06,2.75e-06,2.72e-06,2.74e-06,20811981898.0
1783306800,2.74e-06,2.75e-06,2.71e-06,2.73e-06,9578874673.0
1783310400,2.73e-06,2.73e-06,2.7e-06,2.7e-06,19588277777.0
1783314000,2.7e-06,2.7e-06,2.66e-06,2.68e-06,6935162364.0
1783317600,2.68e-06,2.68e-06,2.67e-06,2.68e-06,11208907465.0
1783321200,2.68e-06,2.71e-06,2.68e-06,2.7e-06,6660636894.0
1783324800,2.7e-06,2.71e-06,2.68e-06,2.68e-06,6480778579.0
1783328400,2.69e-06,2.7e-06,2.67e-06,2.68e-06,4850161377.0
1783332000,2.68e-06,2.71e-06,2.67e-06,2.69e-06,2698680980.0
1783335600,2.69e-06,2.71e-06,2.67e-06,2.67e-06,8733864077.0
1783339200,2.67e-06,2.67e-06,2.62e-06,2.63e-06,14942385748.0
1783342800,2.63e-06,2.66e-06,2.61e-06,2.64e-06,13331110960.0
1783346400,2.64e-06,2.69e-06,2.63e-06,2.66e-06,9930128326.0
1783350000,2.67e-06,2.74e-06,2.67e-06,2.73e-06,26438390978.0
1783353600,2.73e-06,2.76e-06,2.72e-06,2.74e-06,44548762412.0
1783357200,2.74e-06,2.76e-06,2.72e-06,2.73e-06,33915625790.0
1783360800,2.72e-06,2.74e-06,2.71e-06,2.73e-06,9109945655.0
1783364400,2.73e-06,2.74e-06,2.72e-06,2.73e-06,2230787793.0
1783368000,2.73e-06,2.74e-06,2.72e-06,2.73e-06,2080378868.0
1783371600,2.73e-06,2.79e-06,2.73e-06,2.77e-06,23288313509.0
1783375200,2.76e-06,2.78e-06,2.73e-06,2.73e-06,9007122516.0
1783378800,2.74e-06,2.75e-06,2.72e-06,2.73e-06,3205673881.0
1783382400,2.72e-06,2.75e-06,2.72e-06,2.73e-06,12512991254.0
1783386000,2.73e-06,2.73e-06,2.7e-06,2.71e-06,7005824416.0
1783389600,2.71e-06,2.72e-06,2.68e-06,2.68e-06,3943014077.0
1783393200,2.68e-06,2.7e-06,2.67e-06,2.67e-06,6767266875.0
1783396800,2.67e-06,2.68e-06,2.66e-06,2.68e-06,6689458800.0
1783400400,2.67e-06,2.69e-06,2.65e-06,2.68e-06,9153296061.0
1783404000,2.69e-06,2.72e-06,2.67e-06,2.71e-06,2896758933.0
1783407600,2.71e-06,2.72e-06,2.68e-06,2.68e-06,6059416128.0
1783411200,2.68e-06,2.69e-06,2.67e-06,2.69e-06,3581508514.0
1783414800,2.68e-06,2.71e-06,2.68e-06,2.7e-06,3958659714.0
1783418400,2.71e-06,2.72e-06,2.7e-06,2.7e-06,9509117227.0
1783422000,2.7e-06,2.7e-06,2.68e-06,2.7e-06,3671901394.0
1783425600,2.7e-06,2.73e-06,2.69e-06,2.7e-06,14093900649.0
1783429200,2.68e-06,2.69e-06,2.66e-06,2.66e-06,31525057079.0
1783432800,2.67e-06,2.69e-06,2.65e-06,2.69e-06,14254794906.0
1783436400,2.69e-06,2.72e-06,2.69e-06,2.71e-06,11517593626.0
1783440000,2.71e-06,2.75e-06,2.71e-06,2.72e-06,21990637705.0
1783443600,2.73e-06,2.75e-06,2.72e-06,2.74e-06,8082624660.0
1783447200,2.74e-06,2.74e-06,2.69e-06,2.69e-06,11308278565.0
1783450800,2.69e-06,2.7e-06,2.67e-06,2.69e-06,11502889397.0
1783454400,2.69e-06,2.7e-06,2.67e-06,2.68e-06,12323581328.0
1783458000,2.68e-06,2.69e-06,2.66e-06,2.67e-06,13832042964.0
1783461600,2.66e-06,2.69e-06,2.65e-06,2.68e-06,7342541630.0
1783465200,2.68e-06,2.68e-06,2.66e-06,2.67e-06,4467128552.0
1783468800,2.67e-06,2.68e-06,2.66e-06,2.67e-06,14544893235.0
1783472400,2.67e-06,2.67e-06,2.61e-06,2.61e-06,36685740391.0
1783476000,2.61e-06,2.62e-06,2.58e-06,2.62e-06,11204701371.0
1783479600,2.63e-06,2.63e-06,2.59e-06,2.6e-06,65664460527.0
1783483200,2.6e-06,2.63e-06,2.59e-06,2.61e-06,14595421437.0
1783486800,2.62e-06,2.63e-06,2.6e-06,2.6e-06,4272534048.0
1783490400,2.61e-06,2.61e-06,2.59e-06,2.61e-06,5525105657.0
1783494000,2.59e-06,2.62e-06,2.59e-06,2.62e-06,11053594717.0
1783497600,2.62e-06,2.62e-06,2.57e-06,2.57e-06,16372574934.0
1783501200,2.57e-06,2.58e-06,2.54e-06,2.56e-06,67476076716.0
1783504800,2.56e-06,2.59e-06,2.55e-06,2.58e-06,5073624482.0
1783508400,2.57e-06,2.59e-06,2.56e-06,2.58e-06,26849489707.0
1783512000,2.57e-06,2.59e-06,2.56e-06,2.56e-06,9321392554.0
1783515600,2.57e-06,2.6e-06,2.56e-06,2.6e-06,17636962724.0
1783519200,2.61e-06,2.61e-06,2.56e-06,2.58e-06,33962519622.0
1783522800,2.58e-06,2.58e-06,2.55e-06,2.57e-06,31571374819.0
1783526400,2.57e-06,2.6e-06,2.57e-06,2.6e-06,4055265689.0
1783530000,2.6e-06,2.61e-06,2.58e-06,2.58e-06,21775013841.0
1783533600,2.58e-06,2.6e-06,2.58e-06,2.59e-06,24382414904.0
1783537200,2.59e-06,2.6e-06,2.58e-06,2.6e-06,8103324678.0
1783540800,2.6e-06,2.61e-06,2.57e-06,2.57e-06,4239176112.0
1783544400,2.57e-06,2.59e-06,2.57e-06,2.59e-06,3540955210.0
1783548000,2.59e-06,2.6e-06,2.58e-06,2.59e-06,3528693917.0
1783551600,2.59e-06,2.6e-06,2.58e-06,2.6e-06,3712268067.0
1783555200,2.59e-06,2.61e-06,2.58e-06,2.58e-06,6723276639.0
1783558800,2.58e-06,2.61e-06,2.57e-06,2.57e-06,18738133977.0
1783562400,2.58e-06,2.6e-06,2.56e-06,2.57e-06,9095397615.0
1783566000,2.57e-06,2.59e-06,2.56e-06,2.58e-06,13023378868.0
1783569600,2.58e-06,2.6e-06,2.58e-06,2.59e-06,2118015642.0
1783573200,2.6e-06,2.63e-06,2.59e-06,2.62e-06,6437915293.0
1783576800,2.62e-06,2.64e-06,2.62e-06,2.64e-06,5758603212.0
1783580400,2.64e-06,2.65e-06,2.6e-06,2.62e-06,3929508137.0
1783584000,2.62e-06,2.63e-06,2.61e-06,2.62e-06,9302185351.0
1783587600,2.62e-06,2.63e-06,2.6e-06,2.62e-06,2400650089.0
1783591200,2.63e-06,2.63e-06,2.61e-06,2.61e-06,538557336.0
1783594800,2.61e-06,2.62e-06,2.6e-06,2.61e-06,1955137814.0
1783598400,2.61e-06,2.62e-06,2.59e-06,2.61e-06,7481859130.0
1783602000,2.61e-06,2.63e-06,2.6e-06,2.63e-06,4916965095.0
1783605600,2.63e-06,2.63e-06,2.6e-06,2.61e-06,4438828769.0
1783609200,2.61e-06,2.62e-06,2.59e-06,2.59e-06,27580784405.0
1783612800,2.6e-06,2.6e-06,2.58e-06,2.59e-06,4641330012.0
1783616400,2.59e-06,2.61e-06,2.58e-06,2.61e-06,2650332861.0
1783620000,2.61e-06,2.63e-06,2.61e-06,2.61e-06,2334767723.0
1783623600,2.61e-06,2.62e-06,2.6e-06,2.62e-06,2211784467.0
1783627200,2.61e-06,2.63e-06,2.61e-06,2.62e-06,2132930900.0
1783630800,2.62e-06,2.63e-06,2.61e-06,2.62e-06,2474193533.0
1783634400,2.62e-06,2.63e-06,2.61e-06,2.61e-06,3936609150.0
1783638000,2.62e-06,2.62e-06,2.6e-06,2.61e-06,9826421985.0
1783641600,2.61e-06,2.61e-06,2.59e-06,2.61e-06,6053426851.0
1783645200,2.6e-06,2.67e-06,2.6e-06,2.65e-06,34876306421.0
1783648800,2.65e-06,2.66e-06,2.64e-06,2.66e-06,12878547944.0
1783652400,2.65e-06,2.67e-06,2.64e-06,2.66e-06,10755670730.0
1783656000,2.66e-06,2.67e-06,2.65e-06,2.66e-06,7687881320.0
1783659600,2.66e-06,2.68e-06,2.65e-06,2.66e-06,7640823564.0
1783663200,2.66e-06,2.66e-06,2.64e-06,2.65e-06,3643675133.0
1783666800,2.64e-06,2.65e-06,2.64e-06,2.65e-06,1590053206.0
1783670400,2.64e-06,2.69e-06,2.64e-06,2.68e-06,9992921397.0
1783674000,2.67e-06,2.7e-06,2.67e-06,2.69e-06,29971113668.0
1783677600,2.69e-06,2.71e-06,2.69e-06,2.7e-06,10154327522.0
1783681200,2.7e-06,2.73e-06,2.69e-06,2.69e-06,82899390751.0
1783684800,2.7e-06,2.71e-06,2.69e-06,2.7e-06,15482923369.0
1783688400,2.7e-06,2.75e-06,2.7e-06,2.74e-06,22881557440.0
1783692000,2.74e-06,2.76e-06,2.71e-06,2.74e-06,45476519185.0
1783695600,2.74e-06,2.76e-06,2.72e-06,2.75e-06,24638477551.0
1783699200,2.76e-06,2.85e-06,2.75e-06,2.85e-06,143296386654.0
1783702800,2.85e-06,2.88e-06,2.74e-06,2.75e-06,94652013339.0
1783706400,2.75e-06,2.79e-06,2.74e-06,2.76e-06,42780989072.0
1783710000,2.76e-06,2.84e-06,2.75e-06,2.82e-06,27018034270.0
1783713600,2.82e-06,2.83e-06,2.79e-06,2.79e-06,19627130009.0
1783717200,2.78e-06,2.83e-06,2.78e-06,2.83e-06,13640887934.0
1783720800,2.82e-06,2.84e-06,2.8e-06,2.81e-06,39464696783.0
1783724400,2.8e-06,2.81e-06,2.79e-06,2.79e-06,11178146445.0
1783728000,2.79e-06,2.8e-06,2.77e-06,2.8e-06,33074111462.0
1783731600,2.8e-06,2.8e-06,2.77e-06,2.79e-06,7671490745.0
1783735200,2.78e-06,2.79e-06,2.75e-06,2.77e-06,5215401854.0
1783738800,2.77e-06,2.78e-06,2.76e-06,2.78e-06,5640605402.0
1783742400,2.77e-06,2.78e-06,2.76e-06,2.76e-06,4426632610.0
1783746000,2.75e-06,2.76e-06,2.74e-06,2.75e-06,9472663812.0
1783749600,2.75e-06,2.77e-06,2.75e-06,2.75e-06,857219514.0
1783753200,2.75e-06,2.76e-06,2.74e-06,2.75e-06,2056922957.0
1783756800,2.76e-06,2.78e-06,2.75e-06,2.77e-06,1219781125.0
1783760400,2.77e-06,2.81e-06,2.77e-06,2.78e-06,12317037969.0
1783764000,2.79e-06,2.79e-06,2.76e-06,2.77e-06,4341038955.0
1783767600,2.77e-06,2.79e-06,2.77e-06,2.78e-06,1513291164.0
1783771200,2.79e-06,2.8e-06,2.78e-06,2.79e-06,2054465604.0
1783774800,2.8e-06,2.81e-06,2.78e-06,2.81e-06,2849061674.0
1783778400,2.81e-06,2.82e-06,2.8e-06,2.81e-06,9286091223.0
1783782000,2.81e-06,2.84e-06,2.77e-06,2.78e-06,34614283843.0
1783785600,2.78e-06,2.8e-06,2.77e-06,2.8e-06,10410399089.0
1783789200,2.79e-06,2.82e-06,2.79e-06,2.8e-06,3099623536.0
1783792800,2.81e-06,2.82e-06,2.8e-06,2.81e-06,4164130884.0
1783796400,2.8e-06,2.81e-06,2.79e-06,2.8e-06,4980692697.0
1783800000,2.79e-06,2.81e-06,2.79e-06,2.79e-06,2593991132.0
1783803600,2.8e-06,2.81e-06,2.8e-06,2.8e-06,8551492239.0
1783807200,2.8e-06,2.8e-06,2.76e-06,2.76e-06,14866355564.0
1783810800,2.76e-06,2.76e-06,2.7e-06,2.71e-06,13127468281.0
1783814400,2.71e-06,2.71e-06,2.67e-06,2.68e-06,22326974559.0
1783818000,2.69e-06,2.73e-06,2.69e-06,2.73e-06,14437492167.0
1783821600,2.72e-06,2.73e-06,2.71e-06,2.71e-06,8827511354.0
1783825200,2.71e-06,2.74e-06,2.71e-06,2.73e-06,2490496229.0
1783828800,2.73e-06,2.74e-06,2.72e-06,2.72e-06,6963749218.0
1783832400,2.72e-06,2.72e-06,2.71e-06,2.72e-06,1451858343.0
1783836000,2.71e-06,2.71e-06,2.69e-06,2.7e-06,8089850200.0
1783839600,2.69e-06,2.71e-06,2.69e-06,2.7e-06,6261380828.0
1783843200,2.7e-06,2.72e-06,2.7e-06,2.71e-06,4113271410.0
1783846800,2.71e-06,2.73e-06,2.71e-06,2.72e-06,1889649279.0
1783850400,2.72e-06,2.73e-06,2.72e-06,2.72e-06,31464115.0
1783854000,2.72e-06,2.74e-06,2.72e-06,2.74e-06,6146878330.0
1783857600,2.74e-06,2.78e-06,2.73e-06,2.77e-06,8144997925.0
1783861200,2.78e-06,2.79e-06,2.76e-06,2.77e-06,11352616104.0
1783864800,2.76e-06,2.81e-06,2.76e-06,2.8e-06,9456877333.0
1783868400,2.8e-06,2.81e-06,2.78e-06,2.78e-06,11724649550.0
1783872000,2.78e-06,2.79e-06,2.78e-06,2.79e-06,10033540923.0
1783875600,2.79e-06,2.79e-06,2.77e-06,2.79e-06,190561266344.0
1783879200,2.79e-06,2.83e-06,2.79e-06,2.8e-06,600398286527.0
1783882800,2.8e-06,2.81e-06,2.8e-06,2.8e-06,4972911936.0
1783886400,2.8e-06,2.81e-06,2.79e-06,2.79e-06,26746420637.0
1783890000,2.8e-06,2.8e-06,2.77e-06,2.77e-06,6878381216.0
1783893600,2.76e-06,2.77e-06,2.74e-06,2.75e-06,12672446176.0
1783897200,2.75e-06,2.76e-06,2.75e-06,2.76e-06,770590183.0
1783900800,2.77e-06,2.81e-06,2.76e-06,2.78e-06,25853064387.0
1783904400,2.78e-06,2.78e-06,2.75e-06,2.75e-06,25927994452.0
1783908000,2.75e-06,2.77e-06,2.74e-06,2.75e-06,11326487522.0
1783911600,2.75e-06,2.75e-06,2.71e-06,2.73e-06,8690489128.0
1783915200,2.72e-06,2.74e-06,2.72e-06,2.73e-06,7410815485.0
1783918800,2.73e-06,2.75e-06,2.72e-06,2.73e-06,3978097716.0
1783922400,2.72e-06,2.73e-06,2.72e-06,2.72e-06,2797859595.0
1783926000,2.72e-06,2.73e-06,2.72e-06,2.72e-06,38798909916.0
1783929600,2.73e-06,2.74e-06,2.71e-06,2.74e-06,9511111020.0
1783933200,2.74e-06,2.75e-06,2.74e-06,2.74e-06,1440271674.0
1783936800,2.74e-06,2.75e-06,2.73e-06,2.74e-06,5134140443.0
1783940400,2.73e-06,2.77e-06,2.73e-06,2.75e-06,12147085362.0
1783944000,2.75e-06,2.75e-06,2.72e-06,2.73e-06,4258765094.0
1783947600,2.74e-06,2.74e-06,2.72e-06,2.74e-06,34457760088.0
1783951200,2.74e-06,2.77e-06,2.74e-06,2.77e-06,29804652326.0
1783954800,2.77e-06,2.78e-06,2.73e-06,2.73e-06,14698341938.0
1783958400,2.73e-06,2.74e-06,2.69e-06,2.7e-06,20370591399.0
1783962000,2.71e-06,2.71e-06,2.66e-06,2.66e-06,53134868127.0
1783965600,2.66e-06,2.69e-06,2.66e-06,2.68e-06,39628782965.0
1783969200,2.68e-06,2.7e-06,2.67e-06,2.7e-06,8243295165.0
1783972800,2.7e-06,2.71e-06,2.68e-06,2.68e-06,8376826913.0
1783976400,2.68e-06,2.69e-06,2.64e-06,2.67e-06,8791427425.0
1783980000,2.68e-06,2.7e-06,2.68e-06,2.69e-06,5896554503.0
1783983600,2.69e-06,2.73e-06,2.68e-06,2.72e-06,29338025355.0
1783987200,2.72e-06,2.75e-06,2.72e-06,2.75e-06,12413724022.0
1783990800,2.74e-06,2.74e-06,2.73e-06,2.73e-06,8024499818.0
1783994400,2.73e-06,2.73e-06,2.71e-06,2.72e-06,3080405088.0
1783998000,2.72e-06,2.73e-06,2.7e-06,2.73e-06,1933329827.0
1784001600,2.73e-06,2.74e-06,2.73e-06,2.73e-06,3486920631.0
1784005200,2.74e-06,2.75e-06,2.73e-06,2.75e-06,1957816405.0
1784008800,2.75e-06,2.75e-06,2.74e-06,2.74e-06,5408487982.0
1784012400,2.73e-06,2.75e-06,2.73e-06,2.74e-06,2931761187.0
1784016000,2.74e-06,2.75e-06,2.73e-06,2.73e-06,4127336332.0
1784019600,2.73e-06,2.74e-06,2.72e-06,2.72e-06,5768394131.0
1784023200,2.73e-06,2.74e-06,2.71e-06,2.72e-06,11837945833.0
1784026800,2.73e-06,2.74e-06,2.72e-06,2.73e-06,58398074619.0
1784030400,2.72e-06,2.79e-06,2.72e-06,2.79e-06,40614013025.0
1784034000,2.79e-06,2.9e-06,2.78e-06,2.88e-06,115492465455.0
1784037600,2.89e-06,2.89e-06,2.83e-06,2.86e-06,37960573546.0
1784041200,2.86e-06,2.89e-06,2.84e-06,2.85e-06,40268970766.0
1784044800,2.85e-06,2.86e-06,2.83e-06,2.84e-06,39709334145.0
1784048400,2.84e-06,2.84e-06,2.81e-06,2.82e-06,98180584221.0
1784052000,2.82e-06,2.82e-06,2.79e-06,2.82e-06,42444722728.0
1784055600,2.82e-06,2.82e-06,2.8e-06,2.82e-06,19915319769.0
1784059200,2.81e-06,2.82e-06,2.8e-06,2.81e-06,6494579874.0
1784062800,2.8e-06,2.83e-06,2.8e-06,2.81e-06,9163468751.0
1784066400,2.82e-06,2.84e-06,2.8e-06,2.82e-06,11564584387.0
1784070000,2.82e-06,2.83e-06,2.81e-06,2.81e-06,4388679159.0
1784073600,2.81e-06,2.81e-06,2.79e-06,2.8e-06,1748924195.0
1784077200,2.8e-06,2.81e-06,2.78e-06,2.79e-06,15626928815.0
1784080800,2.79e-06,2.8e-06,2.78e-06,2.78e-06,4029880417.0
1784084400,2.79e-06,2.8e-06,2.78e-06,2.8e-06,9035469274.0
1784088000,2.79e-06,2.8e-06,2.77e-06,2.77e-06,26324610604.0
1784091600,2.77e-06,2.79e-06,2.76e-06,2.79e-06,21250050876.0
1784095200,2.79e-06,2.81e-06,2.79e-06,2.79e-06,37870944831.0
1784098800,2.79e-06,2.79e-06,2.75e-06,2.76e-06,7898954114.0
1784102400,2.76e-06,2.77e-06,2.76e-06,2.77e-06,8945898062.0
1784106000,2.77e-06,2.79e-06,2.77e-06,2.77e-06,9975509308.0
1784109600,2.78e-06,2.79e-06,2.77e-06,2.77e-06,4735417597.0
1784113200,2.77e-06,2.78e-06,2.76e-06,2.77e-06,4557163919.0
1784116800,2.77e-06,2.84e-06,2.75e-06,2.84e-06,41342168380.0
1784120400,2.84e-06,2.95e-06,2.83e-06,2.89e-06,134079093657.0
1784124000,2.9e-06,2.9e-06,2.84e-06,2.88e-06,33845797561.0
1784127600,2.88e-06,2.88e-06,2.85e-06,2.85e-06,18116440911.0
1784131200,2.85e-06,2.85e-06,2.75e-06,2.78e-06,62606352713.0
1784134800,2.78e-06,2.8e-06,2.77e-06,2.79e-06,36426181920.0
1784138400,2.79e-06,2.82e-06,2.79e-06,2.79e-06,31925265375.0
1784142000,2.79e-06,2.8e-06,2.78e-06,2.78e-06,17441754317.0
1784145600,2.79e-06,2.8e-06,2.78e-06,2.79e-06,3920094464.0
1784149200,2.79e-06,2.8e-06,2.79e-06,2.79e-06,4568907358.0
1784152800,2.79e-06,2.8e-06,2.79e-06,2.79e-06,5331688650.0
1784156400,2.79e-06,2.8e-06,2.78e-06,2.79e-06,2861623434.0
1784160000,2.79e-06,2.8e-06,2.77e-06,2.78e-06,7565829187.0
1784163600,2.78e-06,2.79e-06,2.76e-06,2.78e-06,3773687110.0
1784167200,2.78e-06,2.79e-06,2.78e-06,2.79e-06,2847099014.0
1784170800,2.79e-06,2.79e-06,2.76e-06,2.77e-06,8797575659.0
1784174400,2.77e-06,2.78e-06,2.76e-06,2.77e-06,4318745867.0
1784178000,2.77e-06,2.79e-06,2.77e-06,2.79e-06,10078874211.0
1784181600,2.79e-06,2.79e-06,2.75e-06,2.76e-06,13621440641.0
1784185200,2.77e-06,2.77e-06,2.72e-06,2.73e-06,13199852068.0
1784188800,2.73e-06,2.73e-06,2.69e-06,2.71e-06,11657754741.0
1784192400,2.73e-06,2.73e-06,2.72e-06,2.72e-06,8822895804.0
1784196000,2.72e-06,2.74e-06,2.72e-06,2.72e-06,12137322238.0
1784199600,2.72e-06,2.73e-06,2.72e-06,2.72e-06,4573718944.0
1784203200,2.72e-06,2.73e-06,2.71e-06,2.72e-06,7326803588.0
1784206800,2.72e-06,2.76e-06,2.72e-06,2.75e-06,8401460440.0
1784210400,2.75e-06,2.76e-06,2.74e-06,2.75e-06,2908869920.0
1784214000,2.74e-06,2.76e-06,2.73e-06,2.75e-06,8609978533.0
1784217600,2.75e-06,2.75e-06,2.73e-06,2.74e-06,17680116050.0
1784221200,2.73e-06,2.74e-06,2.72e-06,2.72e-06,8239052067.0
1784224800,2.72e-06,2.75e-06,2.72e-06,2.73e-06,4980206638.0
1784228400,2.73e-06,2.75e-06,2.73e-06,2.74e-06,2182106569.0
1784232000,2.74e-06,2.75e-06,2.74e-06,2.74e-06,1255565690.0
1784235600,2.75e-06,2.76e-06,2.74e-06,2.74e-06,1171351300.0
1784239200,2.75e-06,2.76e-06,2.73e-06,2.73e-06,8091537298.0
1784242800,2.73e-06,2.73e-06,2.7e-06,2.72e-06,5532829878.0
1784246400,2.72e-06,2.74e-06,2.71e-06,2.74e-06,13364593720.0
1784250000,2.75e-06,2.75e-06,2.72e-06,2.72e-06,6359320738.0
1784253600,2.72e-06,2.73e-06,2.71e-06,2.73e-06,4380105667.0
1784257200,2.74e-06,2.76e-06,2.74e-06,2.74e-06,9595316415.0
1784260800,2.74e-06,2.77e-06,2.73e-06,2.76e-06,10710815387.0
1784264400,2.76e-06,2.77e-06,2.73e-06,2.73e-06,12609205463.0
1784268000,2.73e-06,2.75e-06,2.72e-06,2.72e-06,1734808970.0
1784271600,2.73e-06,2.73e-06,2.7e-06,2.71e-06,8578583515.0
1784275200,2.72e-06,2.74e-06,2.7e-06,2.74e-06,20156336674.0
1784278800,2.74e-06,2.77e-06,2.73e-06,2.74e-06,13816833498.0
1784282400,2.74e-06,2.74e-06,2.73e-06,2.74e-06,3900337366.0
1784286000,2.73e-06,2.74e-06,2.72e-06,2.72e-06,783875866.0
1784289600,2.72e-06,2.73e-06,2.7e-06,2.7e-06,6431111724.0
1784293200,2.7e-06,2.7e-06,2.66e-06,2.7e-06,14169480244.0
1784296800,2.71e-06,2.73e-06,2.69e-06,2.69e-06,33385231387.0
1784300400,2.7e-06,2.71e-06,2.68e-06,2.71e-06,11726873475.0
1784304000,2.71e-06,2.73e-06,2.7e-06,2.73e-06,8388765406.0
1784307600,2.73e-06,2.75e-06,2.73e-06,2.74e-06,9942078869.0
1784311200,2.75e-06,2.76e-06,2.74e-06,2.75e-06,4252717788.0
1784314800,2.75e-06,2.76e-06,2.73e-06,2.74e-06,2679716035.0
1784318400,2.74e-06,2.75e-06,2.73e-06,2.74e-06,7958413037.0
1784322000,2.74e-06,2.75e-06,2.73e-06,2.73e-06,8978326953.0
1784325600,2.73e-06,2.74e-06,2.72e-06,2.73e-06,5005173901.0
1784329200,2.74e-06,2.75e-06,2.72e-06,2.74e-06,4847769076.0
1784332800,2.74e-06,2.75e-06,2.74e-06,2.75e-06,11008784803.0
1784336400,2.75e-06,2.75e-06,2.74e-06,2.74e-06,7011655892.0
1784340000,2.73e-06,2.75e-06,2.73e-06,2.73e-06,2096448010.0
1784343600,2.73e-06,2.75e-06,2.73e-06,2.75e-06,2077343961.0
1784347200,2.75e-06,2.75e-06,2.73e-06,2.74e-06,1758735017.0
1784350800,2.74e-06,2.74e-06,2.72e-06,2.72e-06,1534689908.0
1784354400,2.72e-06,2.73e-06,2.72e-06,2.73e-06,4714751532.0
1784358000,2.72e-06,2.72e-06,2.71e-06,2.72e-06,3473620174.0
1784361600,2.71e-06,2.73e-06,2.71e-06,2.71e-06,4958043287.0
1784365200,2.71e-06,2.72e-06,2.7e-06,2.72e-06,1964845475.0
1784368800,2.72e-06,2.73e-06,2.72e-06,2.73e-06,911346672.0
1784372400,2.73e-06,2.73e-06,2.72e-06,2.73e-06,1925689904.0
1784376000,2.73e-06,2.74e-06,2.72e-06,2.72e-06,6280039002.0
1784379600,2.72e-06,2.73e-06,2.71e-06,2.73e-06,6593265837.0
1784383200,2.72e-06,2.74e-06,2.71e-06,2.73e-06,4069245380.0
1784386800,2.74e-06,2.75e-06,2.72e-06,2.72e-06,4095965599.0
1784390400,2.73e-06,2.74e-06,2.72e-06,2.73e-06,11856779171.0
1784394000,2.74e-06,2.76e-06,2.73e-06,2.76e-06,28284971196.0
1784397600,2.76e-06,2.76e-06,2.74e-06,2.76e-06,18720042154.0
1784401200,2.76e-06,2.77e-06,2.75e-06,2.75e-06,1351527755.0
1784404800,2.76e-06,2.77e-06,2.75e-06,2.76e-06,8620647718.0
1784408400,2.76e-06,2.77e-06,2.75e-06,2.75e-06,17839828646.0
1784412000,2.76e-06,2.78e-06,2.76e-06,2.76e-06,2082282734.0
1784415600,2.76e-06,2.77e-06,2.75e-06,2.75e-06,10013440903.0
1784419200,2.75e-06,2.76e-06,2.75e-06,2.75e-06,8728100071.0
1784422800,2.75e-06,2.75e-06,2.74e-06,2.74e-06,4353856884.0
1784426400,2.75e-06,2.77e-06,2.75e-06,2.76e-06,10608852522.0
1784430000,2.75e-06,2.75e-06,2.74e-06,2.74e-06,1380001131.0
1784433600,2.75e-06,2.76e-06,2.74e-06,2.76e-06,988375728.0
1784437200,2.76e-06,2.77e-06,2.75e-06,2.76e-06,2350741368.0
1784440800,2.77e-06,2.79e-06,2.76e-06,2.79e-06,7786039001.0
1784444400,2.79e-06,2.83e-06,2.78e-06,2.8e-06,8897360228.0
1784448000,2.8e-06,2.84e-06,2.8e-06,2.84e-06,34558784926.0
1784451600,2.83e-06,2.84e-06,2.81e-06,2.83e-06,12901337264.0
1784455200,2.84e-06,2.85e-06,2.83e-06,2.83e-06,5842409509.0
1784458800,2.84e-06,2.85e-06,2.83e-06,2.83e-06,8360744818.0
1784462400,2.83e-06,2.87e-06,2.83e-06,2.84e-06,28449964600.0
1784466000,2.84e-06,2.86e-06,2.83e-06,2.84e-06,4926149209.0
1784469600,2.84e-06,2.86e-06,2.83e-06,2.86e-06,16227443706.0
1784473200,2.86e-06,2.86e-06,2.84e-06,2.85e-06,7673458448.0
1784476800,2.85e-06,2.86e-06,2.83e-06,2.84e-06,8017326305.0
1784480400,2.83e-06,2.84e-06,2.82e-06,2.83e-06,7262581054.0
1784484000,2.83e-06,2.83e-06,2.81e-06,2.82e-06,22124897560.0
1784487600,2.82e-06,2.84e-06,2.81e-06,2.84e-06,21552490252.0
1784491200,2.84e-06,2.85e-06,2.83e-06,2.84e-06,2626896891.0
1784494800,2.84e-06,2.85e-06,2.8e-06,2.81e-06,11383170124.0
1784498400,2.81e-06,2.83e-06,2.8e-06,2.81e-06,12261579534.0
1784502000,2.81e-06,2.84e-06,2.8e-06,2.83e-06,12358945751.0
1784505600,2.83e-06,2.89e-06,2.82e-06,2.85e-06,78201801539.0
1784509200,2.86e-06,2.92e-06,2.84e-06,2.85e-06,49858783538.0
1784512800,2.85e-06,2.91e-06,2.85e-06,2.91e-06,20586494754.0
1784516400,2.91e-06,2.94e-06,2.87e-06,2.88e-06,62556802165.0
1784520000,2.88e-06,2.89e-06,2.85e-06,2.87e-06,113544864556.0
1784523600,2.86e-06,2.86e-06,2.83e-06,2.83e-06,31529558215.0
1784527200,2.83e-06,2.84e-06,2.82e-06,2.82e-06,12059006397.0
1784530800,2.82e-06,2.83e-06,2.8e-06,2.82e-06,19050796934.0
1784534400,2.82e-06,2.83e-06,2.81e-06,2.82e-06,8102107953.0
1784538000,2.82e-06,2.86e-06,2.82e-06,2.85e-06,4502588334.0
1784541600,2.85e-06,2.89e-06,2.85e-06,2.87e-06,6174381347.0
1784545200,2.87e-06,2.93e-06,2.87e-06,2.92e-06,26259309692.0
1784548800,2.91e-06,2.92e-06,2.89e-06,2.9e-06,57609785371.0
1784552400,2.91e-06,2.92e-06,2.87e-06,2.87e-06,79757797447.0
1784556000,2.87e-06,2.87e-06,2.84e-06,2.86e-06,14321067093.0
1784559600,2.87e-06,2.93e-06,2.86e-06,2.92e-06,95159264660.0
1784563200,2.92e-06,2.92e-06,2.89e-06,2.91e-06,120331473048.0
1784566800,2.91e-06,2.92e-06,2.89e-06,2.9e-06,16874254110.0
1784570400,2.9e-06,2.91e-06,2.87e-06,2.87e-06,23156753560.0
1784574000,2.87e-06,2.88e-06,2.87e-06,2.88e-06,4959274490.0
1784577600,2.87e-06,2.91e-06,2.87e-06,2.91e-06,6402763794.0
1784581200,2.9e-06,2.95e-06,2.9e-06,2.92e-06,20338671997.0
1784584800,2.92e-06,2.92e-06,2.89e-06,2.89e-06,23878947496.0
1784588400,2.9e-06,2.92e-06,2.89e-06,2.91e-06,6151086124.0
1784592000,2.92e-06,2.95e-06,2.9e-06,2.95e-06,7757839717.0
1784595600,2.94e-06,2.95e-06,2.92e-06,2.93e-06,9058150233.0
1784599200,2.92e-06,2.94e-06,2.91e-06,2.92e-06,11028462892.0
1784602800,2.92e-06,2.95e-06,2.92e-06,2.94e-06,14059961957.0
1784606400,2.94e-06,2.95e-06,2.91e-06,2.91e-06,8207399929.0
1784610000,2.91e-06,2.93e-06,2.9e-06,2.93e-06,12690403624.0
