time,open,high,low,close,volume
1777356000,6.19e-06,6.2e-06,6.13e-06,6.14e-06,1647545607.0
1777359600,6.14e-06,6.14e-06,6.1e-06,6.13e-06,2524440258.0
1777363200,6.12e-06,6.16e-06,6.12e-06,6.13e-06,366140453.0
1777366800,6.13e-06,6.14e-06,6.09e-06,6.11e-06,878596301.0
1777370400,6.12e-06,6.13e-06,6.11e-06,6.12e-06,1148428918.0
1777374000,6.11e-06,6.12e-06,6.08e-06,6.08e-06,3090215108.0
1777377600,6.08e-06,6.11e-06,6.07e-06,6.1e-06,691267309.0
1777381200,6.1e-06,6.13e-06,6.08e-06,6.09e-06,3689360848.0
1777384800,6.08e-06,6.12e-06,6.06e-06,6.12e-06,1056387129.0
1777388400,6.12e-06,6.12e-06,6.09e-06,6.12e-06,10375511943.0
1777392000,6.12e-06,6.12e-06,6.1e-06,6.11e-06,1155091808.0
1777395600,6.1e-06,6.12e-06,6.09e-06,6.11e-06,1286616951.0
1777399200,6.11e-06,6.13e-06,6.11e-06,6.13e-06,2357029839.0
1777402800,6.13e-06,6.14e-06,6.12e-06,6.14e-06,230701842.0
1777406400,6.14e-06,6.15e-06,6.13e-06,6.14e-06,1914464928.0
1777410000,6.15e-06,6.15e-06,6.12e-06,6.13e-06,471508526.0
1777413600,6.14e-06,6.16e-06,6.13e-06,6.14e-06,4975094817.0
1777417200,6.13e-06,6.14e-06,6.12e-06,6.14e-06,1467116392.0
1777420800,6.14e-06,6.15e-06,6.12e-06,6.14e-06,974233001.0
1777424400,6.15e-06,6.16e-06,6.13e-06,6.15e-06,9735158605.0
1777428000,6.16e-06,6.17e-06,6.13e-06,6.15e-06,3206047100.0
1777431600,6.15e-06,6.19e-06,6.14e-06,6.19e-06,790275611.0
1777435200,6.19e-06,6.23e-06,6.19e-06,6.22e-06,2237667631.0
1777438800,6.21e-06,6.22e-06,6.2e-06,6.2e-06,213928660.0
1777442400,6.21e-06,6.22e-06,6.18e-06,6.18e-06,14635946077.0
1777446000,6.18e-06,6.25e-06,6.18e-06,6.24e-06,5133899563.0
1777449600,6.24e-06,6.25e-06,6.22e-06,6.24e-06,5171651306.0
1777453200,6.23e-06,6.47e-06,6.23e-06,6.46e-06,23832349794.0
1777456800,6.47e-06,6.56e-06,6.42e-06,6.45e-06,17824647674.0
1777460400,6.45e-06,6.47e-06,6.42e-06,6.45e-06,5242000116.0
1777464000,6.43e-06,6.44e-06,6.27e-06,6.33e-06,48864432245.0
1777467600,6.32e-06,6.32e-06,6.19e-06,6.22e-06,13903062647.0
1777471200,6.21e-06,6.23e-06,6.17e-06,6.18e-06,5452530036.0
1777474800,6.19e-06,6.2e-06,6.09e-06,6.1e-06,19731557053.0
1777478400,6.1e-06,6.12e-06,6.08e-06,6.1e-06,8591596206.0
1777482000,6.11e-06,6.16e-06,6.11e-06,6.16e-06,4368266061.0
1777485600,6.17e-06,6.17e-06,6e-06,6.08e-06,10955726807.0
1777489200,6.08e-06,6.09e-06,6.05e-06,6.07e-06,8692389625.0
1777492800,6.08e-06,6.13e-06,6.07e-06,6.12e-06,13709732100.0
1777496400,6.12e-06,6.18e-06,6.12e-06,6.13e-06,7856187860.0
1777500000,6.14e-06,6.16e-06,6.13e-06,6.14e-06,1096090578.0
1777503600,6.14e-06,6.16e-06,6.13e-06,6.16e-06,9047278785.0
1777507200,6.16e-06,6.27e-06,6.16e-06,6.26e-06,6880632200.0
1777510800,6.26e-06,6.3e-06,6.24e-06,6.27e-06,4090202662.0
1777514400,6.28e-06,6.28e-06,6.16e-06,6.19e-06,2627185481.0
1777518000,6.18e-06,6.24e-06,6.18e-06,6.22e-06,1247259659.0
1777521600,6.22e-06,6.23e-06,6.16e-06,6.18e-06,8009214980.0
1777525200,6.19e-06,6.21e-06,6.15e-06,6.19e-06,7875858718.0
1777528800,6.2e-06,6.25e-06,6.19e-06,6.24e-06,2187667843.0
1777532400,6.25e-06,6.29e-06,6.23e-06,6.28e-06,1318936640.0
1777536000,6.29e-06,6.32e-06,6.26e-06,6.32e-06,3383215211.0
1777539600,6.31e-06,6.38e-06,6.31e-06,6.33e-06,1411298360.0
1777543200,6.32e-06,6.35e-06,6.26e-06,6.26e-06,13241981806.0
1777546800,6.26e-06,6.3e-06,6.25e-06,6.28e-06,2173813596.0
1777550400,6.29e-06,6.29e-06,6.24e-06,6.25e-06,9219055557.0
1777554000,6.25e-06,6.28e-06,6.25e-06,6.28e-06,2943900328.0
1777557600,6.27e-06,6.29e-06,6.23e-06,6.27e-06,2787188324.0
1777561200,6.26e-06,6.34e-06,6.25e-06,6.32e-06,4772593586.0
1777564800,6.32e-06,6.34e-06,6.29e-06,6.3e-06,4471819039.0
1777568400,6.3e-06,6.31e-06,6.27e-06,6.31e-06,5529807277.0
1777572000,6.32e-06,6.32e-06,6.28e-06,6.29e-06,1539461905.0
1777575600,6.29e-06,6.3e-06,6.27e-06,6.27e-06,1496018644.0
1777579200,6.26e-06,6.27e-06,6.25e-06,6.26e-06,6773738765.0
1777582800,6.25e-06,6.26e-06,6.23e-06,6.24e-06,6899277720.0
1777586400,6.23e-06,6.24e-06,6.2e-06,6.22e-06,12757791338.0
1777590000,6.22e-06,6.24e-06,6.21e-06,6.22e-06,946264020.0
1777593600,6.22e-06,6.26e-06,6.22e-06,6.24e-06,3551875539.0
1777597200,6.24e-06,6.32e-06,6.23e-06,6.31e-06,12101217665.0
1777600800,6.31e-06,6.33e-06,6.3e-06,6.32e-06,12255897843.0
1777604400,6.31e-06,6.38e-06,6.29e-06,6.35e-06,4542319053.0
1777608000,6.35e-06,6.37e-06,6.33e-06,6.36e-06,2268025760.0
1777611600,6.36e-06,6.39e-06,6.35e-06,6.38e-06,8054398522.0
1777615200,6.38e-06,6.39e-06,6.34e-06,6.36e-06,430860148.0
1777618800,6.35e-06,6.36e-06,6.31e-06,6.31e-06,276215236.0
1777622400,6.31e-06,6.35e-06,6.31e-06,6.34e-06,2697525210.0
1777626000,6.34e-06,6.34e-06,6.3e-06,6.31e-06,828698501.0
1777629600,6.31e-06,6.31e-06,6.28e-06,6.31e-06,498084753.0
1777633200,6.3e-06,6.31e-06,6.29e-06,6.3e-06,376574724.0
1777636800,6.31e-06,6.36e-06,6.3e-06,6.34e-06,2755662793.0
1777640400,6.35e-06,6.4e-06,6.35e-06,6.38e-06,3722642207.0
1777644000,6.39e-06,6.4e-06,6.35e-06,6.37e-06,4190498735.0
1777647600,6.36e-06,6.4e-06,6.34e-06,6.37e-06,2138502819.0
1777651200,6.37e-06,6.39e-06,6.32e-06,6.34e-06,14714787371.0
1777654800,6.34e-06,6.35e-06,6.32e-06,6.34e-06,1921162710.0
1777658400,6.34e-06,6.35e-06,6.33e-06,6.34e-06,2239446190.0
1777662000,6.34e-06,6.35e-06,6.32e-06,6.32e-06,413280804.0
1777665600,6.32e-06,6.32e-06,6.27e-06,6.29e-06,665982605.0
1777669200,6.28e-06,6.32e-06,6.28e-06,6.3e-06,1041736579.0
1777672800,6.3e-06,6.32e-06,6.28e-06,6.28e-06,789271340.0
1777676400,6.27e-06,6.28e-06,6.25e-06,6.27e-06,1090129666.0
1777680000,6.27e-06,6.28e-06,6.26e-06,6.27e-06,1622331054.0
1777683600,6.28e-06,6.29e-06,6.27e-06,6.28e-06,2365663855.0
1777687200,6.27e-06,6.29e-06,6.26e-06,6.27e-06,22992375822.0
1777690800,6.27e-06,6.28e-06,6.26e-06,6.27e-06,2057403653.0
1777694400,6.26e-06,6.27e-06,6.25e-06,6.25e-06,2234025452.0
1777698000,6.25e-06,6.26e-06,6.22e-06,6.24e-06,9681707504.0
1777701600,6.24e-06,6.27e-06,6.23e-06,6.27e-06,14657863590.0
1777705200,6.26e-06,6.27e-06,6.24e-06,6.24e-06,627386684.0
1777708800,6.25e-06,6.25e-06,6.23e-06,6.24e-06,674857212.0
1777712400,6.24e-06,6.27e-06,6.24e-06,6.26e-06,2544578387.0
1777716000,6.26e-06,6.27e-06,6.25e-06,6.25e-06,1482486275.0
1777719600,6.25e-06,6.26e-06,6.24e-06,6.24e-06,1656945360.0
1777723200,6.24e-06,6.26e-06,6.24e-06,6.25e-06,2641415190.0
1777726800,6.26e-06,6.29e-06,6.25e-06,6.28e-06,3490943354.0
1777730400,6.28e-06,6.31e-06,6.28e-06,6.31e-06,2608950879.0
1777734000,6.3e-06,6.33e-06,6.3e-06,6.31e-06,4657560117.0
1777737600,6.32e-06,6.32e-06,6.3e-06,6.31e-06,2902729341.0
1777741200,6.31e-06,6.31e-06,6.27e-06,6.28e-06,7796738879.0
1777744800,6.27e-06,6.28e-06,6.25e-06,6.27e-06,2060549655.0
1777748400,6.27e-06,6.28e-06,6.26e-06,6.27e-06,2142096479.0
1777752000,6.28e-06,6.28e-06,6.27e-06,6.28e-06,1204966151.0
1777755600,6.28e-06,6.31e-06,6.26e-06,6.29e-06,2591441843.0
1777759200,6.29e-06,6.3e-06,6.28e-06,6.29e-06,1353268553.0
1777762800,6.29e-06,6.29e-06,6.27e-06,6.28e-06,1511877433.0
1777766400,6.27e-06,6.27e-06,6.24e-06,6.25e-06,1867787660.0
1777770000,6.25e-06,6.25e-06,6.21e-06,6.21e-06,1403296257.0
1777773600,6.21e-06,6.21e-06,6.18e-06,6.2e-06,4624513056.0
1777777200,6.2e-06,6.21e-06,6.19e-06,6.21e-06,4281415905.0
1777780800,6.2e-06,6.22e-06,6.2e-06,6.2e-06,2331049829.0
1777784400,6.21e-06,6.22e-06,6.21e-06,6.22e-06,715830157.0
1777788000,6.21e-06,6.22e-06,6.2e-06,6.21e-06,588859052.0
1777791600,6.22e-06,6.24e-06,6.21e-06,6.22e-06,3162713826.0
1777795200,6.22e-06,6.23e-06,6.2e-06,6.21e-06,2984024743.0
1777798800,6.21e-06,6.24e-06,6.21e-06,6.22e-06,1414967538.0
1777802400,6.22e-06,6.23e-06,6.2e-06,6.2e-06,3842317785.0
1777806000,6.19e-06,6.23e-06,6.19e-06,6.22e-06,3376441346.0
1777809600,6.23e-06,6.24e-06,6.21e-06,6.21e-06,1626688682.0
1777813200,6.22e-06,6.22e-06,6.2e-06,6.21e-06,1019357646.0
1777816800,6.21e-06,6.22e-06,6.2e-06,6.22e-06,487002952.0
1777820400,6.21e-06,6.23e-06,6.2e-06,6.2e-06,1083549571.0
1777824000,6.2e-06,6.21e-06,6.19e-06,6.2e-06,2114076236.0
1777827600,6.19e-06,6.2e-06,6.18e-06,6.19e-06,1139112626.0
1777831200,6.19e-06,6.2e-06,6.17e-06,6.18e-06,4116631662.0
1777834800,6.18e-06,6.19e-06,6.17e-06,6.18e-06,2455214250.0
1777838400,6.19e-06,6.19e-06,6.17e-06,6.17e-06,10590368818.0
1777842000,6.17e-06,6.2e-06,6.16e-06,6.17e-06,9333153493.0
1777845600,6.19e-06,6.24e-06,6.18e-06,6.22e-06,2770152534.0
1777849200,6.22e-06,6.22e-06,6.16e-06,6.16e-06,1408839168.0
1777852800,6.15e-06,6.19e-06,6.13e-06,6.19e-06,7921651007.0
1777856400,6.19e-06,6.29e-06,6.17e-06,6.29e-06,17335779361.0
1777860000,6.3e-06,6.33e-06,6.27e-06,6.32e-06,8004281148.0
1777863600,6.32e-06,6.32e-06,6.28e-06,6.32e-06,34564789419.0
1777867200,6.32e-06,6.35e-06,6.32e-06,6.32e-06,1740774609.0
1777870800,6.31e-06,6.31e-06,6.28e-06,6.29e-06,7756347770.0
1777874400,6.29e-06,6.29e-06,6.23e-06,6.26e-06,5486544165.0
1777878000,6.27e-06,6.28e-06,6.24e-06,6.26e-06,278807681.0
1777881600,6.25e-06,6.26e-06,6.24e-06,6.24e-06,3017125240.0
1777885200,6.25e-06,6.27e-06,6.24e-06,6.26e-06,3403907266.0
1777888800,6.26e-06,6.26e-06,6.13e-06,6.17e-06,17798871407.0
1777892400,6.17e-06,6.2e-06,6.17e-06,6.18e-06,24871577019.0
1777896000,6.18e-06,6.2e-06,6.18e-06,6.18e-06,1996002325.0
1777899600,6.17e-06,6.2e-06,6.16e-06,6.18e-06,7432186379.0
1777903200,6.18e-06,6.25e-06,6.15e-06,6.24e-06,21575492088.0
1777906800,6.24e-06,6.24e-06,6.15e-06,6.19e-06,2895757552.0
1777910400,6.19e-06,6.22e-06,6.16e-06,6.19e-06,1937841161.0
1777914000,6.2e-06,6.25e-06,6.2e-06,6.24e-06,2984109277.0
1777917600,6.24e-06,6.24e-06,6.21e-06,6.22e-06,2280394068.0
1777921200,6.22e-06,6.22e-06,6.19e-06,6.19e-06,3405268639.0
1777924800,6.19e-06,6.2e-06,6.17e-06,6.18e-06,2006495057.0
1777928400,6.19e-06,6.22e-06,6.19e-06,6.21e-06,793937628.0
1777932000,6.21e-06,6.22e-06,6.18e-06,6.18e-06,2868863491.0
1777935600,6.18e-06,6.2e-06,6.17e-06,6.2e-06,634668867.0
1777939200,6.2e-06,6.21e-06,6.18e-06,6.21e-06,2020492529.0
1777942800,6.2e-06,6.24e-06,6.2e-06,6.22e-06,2308474383.0
1777946400,6.22e-06,6.24e-06,6.2e-06,6.21e-06,562522585.0
1777950000,6.21e-06,6.25e-06,6.2e-06,6.22e-06,18902133639.0
1777953600,6.22e-06,6.23e-06,6.19e-06,6.19e-06,23084888811.0
1777957200,6.2e-06,6.22e-06,6.19e-06,6.21e-06,1276768192.0
1777960800,6.21e-06,6.25e-06,6.19e-06,6.25e-06,4114188871.0
1777964400,6.25e-06,6.27e-06,6.23e-06,6.25e-06,3943832415.0
1777968000,6.25e-06,6.28e-06,6.25e-06,6.27e-06,503885809.0
1777971600,6.27e-06,6.28e-06,6.26e-06,6.27e-06,423458242.0
1777975200,6.27e-06,6.3e-06,6.25e-06,6.27e-06,2268121713.0
1777978800,6.26e-06,6.29e-06,6.24e-06,6.28e-06,11582390191.0
1777982400,6.28e-06,6.3e-06,6.27e-06,6.29e-06,466122221.0
1777986000,6.29e-06,6.31e-06,6.27e-06,6.27e-06,16058438163.0
1777989600,6.28e-06,6.3e-06,6.24e-06,6.27e-06,3981722467.0
1777993200,6.26e-06,6.28e-06,6.25e-06,6.27e-06,1803641796.0
1777996800,6.26e-06,6.28e-06,6.24e-06,6.26e-06,3027006378.0
1778000400,6.26e-06,6.29e-06,6.25e-06,6.28e-06,3242082341.0
1778004000,6.29e-06,6.3e-06,6.28e-06,6.28e-06,5115319402.0
1778007600,6.28e-06,6.31e-06,6.28e-06,6.31e-06,1067838683.0
1778011200,6.3e-06,6.35e-06,6.3e-06,6.34e-06,21432077651.0
1778014800,6.35e-06,6.41e-06,6.32e-06,6.4e-06,17346478719.0
1778018400,6.4e-06,6.44e-06,6.33e-06,6.35e-06,14054756358.0
1778022000,6.34e-06,6.37e-06,6.31e-06,6.35e-06,8098121561.0
1778025600,6.35e-06,6.35e-06,6.32e-06,6.34e-06,1749096373.0
1778029200,6.34e-06,6.42e-06,6.34e-06,6.41e-06,5501957465.0
1778032800,6.41e-06,6.42e-06,6.36e-06,6.41e-06,20737373767.0
1778036400,6.41e-06,6.45e-06,6.39e-06,6.44e-06,6481539085.0
1778040000,6.44e-06,6.45e-06,6.4e-06,6.42e-06,4816281415.0
1778043600,6.42e-06,6.44e-06,6.39e-06,6.44e-06,13459613447.0
1778047200,6.44e-06,6.44e-06,6.39e-06,6.42e-06,1434012732.0
1778050800,6.41e-06,6.44e-06,6.4e-06,6.41e-06,2814712283.0
1778054400,6.43e-06,6.48e-06,6.42e-06,6.48e-06,2444992176.0
1778058000,6.48e-06,6.52e-06,6.45e-06,6.52e-06,11714672341.0
1778061600,6.52e-06,6.53e-06,6.48e-06,6.49e-06,2809583954.0
1778065200,6.49e-06,6.52e-06,6.49e-06,6.51e-06,4249043055.0
1778068800,6.51e-06,6.52e-06,6.48e-06,6.48e-06,15625050866.0
1778072400,6.47e-06,6.48e-06,6.37e-06,6.37e-06,20967008580.0
1778076000,6.37e-06,6.4e-06,6.32e-06,6.37e-06,17298823968.0
1778079600,6.37e-06,6.39e-06,6.35e-06,6.38e-06,4661025148.0
1778083200,6.37e-06,6.41e-06,6.35e-06,6.39e-06,3252445393.0
1778086800,6.4e-06,6.42e-06,6.36e-06,6.37e-06,2359806314.0
1778090400,6.38e-06,6.39e-06,6.35e-06,6.38e-06,2263266143.0
1778094000,6.39e-06,6.41e-06,6.38e-06,6.4e-06,5092123213.0
1778097600,6.4e-06,6.41e-06,6.37e-06,6.4e-06,6812583296.0
1778101200,6.4e-06,6.46e-06,6.38e-06,6.44e-06,4817312393.0
1778104800,6.44e-06,6.44e-06,6.38e-06,6.39e-06,3415039673.0
1778108400,6.39e-06,6.41e-06,6.36e-06,6.41e-06,1914118346.0
1778112000,6.41e-06,6.41e-06,6.31e-06,6.34e-06,5249379451.0
1778115600,6.33e-06,6.34e-06,6.29e-06,6.31e-06,5253055493.0
1778119200,6.3e-06,6.33e-06,6.28e-06,6.32e-06,23082650135.0
1778122800,6.31e-06,6.33e-06,6.29e-06,6.29e-06,3115472220.0
1778126400,6.28e-06,6.33e-06,6.28e-06,6.33e-06,7111795496.0
1778130000,6.33e-06,6.36e-06,6.32e-06,6.32e-06,3125086046.0
1778133600,6.32e-06,6.37e-06,6.3e-06,6.37e-06,8668704984.0
1778137200,6.37e-06,6.4e-06,6.36e-06,6.38e-06,3910634586.0
1778140800,6.39e-06,6.39e-06,6.36e-06,6.38e-06,5073594197.0
1778144400,6.37e-06,6.38e-06,6.35e-06,6.36e-06,2672565123.0
1778148000,6.36e-06,6.37e-06,6.31e-06,6.33e-06,4164184832.0
1778151600,6.33e-06,6.36e-06,6.32e-06,6.35e-06,1311582318.0
1778155200,6.36e-06,6.39e-06,6.35e-06,6.39e-06,3257502313.0
1778158800,6.38e-06,6.39e-06,6.29e-06,6.3e-06,3673808836.0
1778162400,6.3e-06,6.32e-06,6.25e-06,6.27e-06,20749916732.0
1778166000,6.27e-06,6.29e-06,6.24e-06,6.25e-06,13701888303.0
1778169600,6.25e-06,6.29e-06,6.24e-06,6.26e-06,16486012893.0
1778173200,6.26e-06,6.28e-06,6.24e-06,6.28e-06,18380531581.0
1778176800,6.29e-06,6.33e-06,6.28e-06,6.29e-06,15802798079.0
1778180400,6.29e-06,6.3e-06,6.26e-06,6.27e-06,2813464477.0
1778184000,6.27e-06,6.31e-06,6.25e-06,6.26e-06,2355106909.0
1778187600,6.26e-06,6.28e-06,6.23e-06,6.25e-06,1574005692.0
1778191200,6.25e-06,6.27e-06,6.24e-06,6.25e-06,1609508548.0
1778194800,6.25e-06,6.28e-06,6.25e-06,6.28e-06,1006840458.0
1778198400,6.27e-06,6.31e-06,6.27e-06,6.28e-06,678602793.0
1778202000,6.27e-06,6.28e-06,6.25e-06,6.26e-06,437345534.0
1778223600,6.28e-06,6.28e-06,6.28e-06,6.28e-06,511904501.0
1778227200,6.28e-06,6.32e-06,6.26e-06,6.3e-06,2080007350.0
1778230800,6.29e-06,6.34e-06,6.29e-06,6.33e-06,2414895174.0
1778234400,6.32e-06,6.35e-06,6.3e-06,6.33e-06,2049687327.0
1778238000,6.33e-06,6.34e-06,6.32e-06,6.33e-06,6302059546.0
1778241600,6.33e-06,6.34e-06,6.3e-06,6.31e-06,1918811582.0
1778245200,6.31e-06,6.31e-06,6.27e-06,6.3e-06,6785317974.0
1778248800,6.3e-06,6.38e-06,6.29e-06,6.36e-06,29035772587.0
1778252400,6.36e-06,6.38e-06,6.32e-06,6.38e-06,7476866297.0
1778256000,6.38e-06,6.38e-06,6.35e-06,6.37e-06,6921758070.0
1778259600,6.38e-06,6.43e-06,6.35e-06,6.43e-06,17364094724.0
1778263200,6.42e-06,6.46e-06,6.42e-06,6.44e-06,8833932308.0
1778266800,6.43e-06,6.46e-06,6.32e-06,6.43e-06,8217674014.0
1778270400,6.42e-06,6.46e-06,6.39e-06,6.45e-06,3075387883.0
1778274000,6.45e-06,6.48e-06,6.44e-06,6.48e-06,3875765936.0
1778277600,6.48e-06,6.49e-06,6.45e-06,6.45e-06,8274505868.0
1778281200,6.46e-06,6.47e-06,6.42e-06,6.46e-06,4771460705.0
1778284800,6.46e-06,6.47e-06,6.43e-06,6.46e-06,2975667091.0
1778288400,6.46e-06,6.51e-06,6.46e-06,6.49e-06,4608848270.0
1778292000,6.49e-06,6.5e-06,6.48e-06,6.49e-06,4259564505.0
1778295600,6.48e-06,6.51e-06,6.47e-06,6.48e-06,5469565625.0
1778299200,6.49e-06,6.51e-06,6.46e-06,6.46e-06,22197457115.0
1778302800,6.46e-06,6.49e-06,6.45e-06,6.46e-06,6716842644.0
1778306400,6.47e-06,6.49e-06,6.44e-06,6.46e-06,7831548171.0
1778310000,6.45e-06,6.46e-06,6.43e-06,6.43e-06,2239024813.0
1778313600,6.44e-06,6.45e-06,6.42e-06,6.43e-06,4327749992.0
1778317200,6.43e-06,6.44e-06,6.39e-06,6.4e-06,1394606366.0
1778320800,6.4e-06,6.41e-06,6.39e-06,6.4e-06,1045707196.0
1778324400,6.41e-06,6.43e-06,6.4e-06,6.42e-06,2617813606.0
1778328000,6.42e-06,6.43e-06,6.39e-06,6.41e-06,3434971153.0
1778331600,6.41e-06,6.41e-06,6.36e-06,6.38e-06,4018687408.0
1778335200,6.38e-06,6.38e-06,6.34e-06,6.36e-06,2823765472.0
1778338800,6.36e-06,6.37e-06,6.35e-06,6.37e-06,22396204761.0
1778342400,6.36e-06,6.4e-06,6.35e-06,6.38e-06,4420330494.0
1778346000,6.38e-06,6.43e-06,6.38e-06,6.41e-06,5018183190.0
1778349600,6.41e-06,6.43e-06,6.4e-06,6.4e-06,3502675176.0
1778353200,6.41e-06,6.42e-06,6.4e-06,6.41e-06,3749003026.0
1778356800,6.41e-06,6.41e-06,6.39e-06,6.39e-06,2213088420.0
1778360400,6.4e-06,6.42e-06,6.39e-06,6.4e-06,3245061644.0
1778364000,6.39e-06,6.4e-06,6.39e-06,6.39e-06,2594698429.0
1778367600,6.39e-06,6.39e-06,6.36e-06,6.36e-06,3170827378.0
1778371200,6.35e-06,6.37e-06,6.34e-06,6.34e-06,6635879001.0
1778374800,6.34e-06,6.34e-06,6.31e-06,6.33e-06,37483979484.0
1778378400,6.33e-06,6.4e-06,6.33e-06,6.37e-06,9759751358.0
1778382000,6.38e-06,6.4e-06,6.37e-06,6.38e-06,2126958434.0
1778385600,6.38e-06,6.41e-06,6.37e-06,6.39e-06,1879943296.0
1778389200,6.38e-06,6.45e-06,6.38e-06,6.42e-06,19400703613.0
1778392800,6.43e-06,6.43e-06,6.39e-06,6.42e-06,1859360402.0
1778396400,6.43e-06,6.46e-06,6.41e-06,6.44e-06,1565944956.0
1778400000,6.44e-06,6.47e-06,6.43e-06,6.45e-06,4652080221.0
1778403600,6.46e-06,6.46e-06,6.44e-06,6.45e-06,2547748441.0
1778407200,6.45e-06,6.47e-06,6.43e-06,6.46e-06,1965769509.0
1778410800,6.45e-06,6.48e-06,6.42e-06,6.48e-06,1804899401.0
1778414400,6.47e-06,6.49e-06,6.45e-06,6.49e-06,574214449.0
1778418000,6.5e-06,6.5e-06,6.48e-06,6.5e-06,3078497670.0
1778421600,6.49e-06,6.58e-06,6.46e-06,6.57e-06,13456287867.0
1778425200,6.56e-06,6.62e-06,6.54e-06,6.54e-06,47516261391.0
1778428800,6.55e-06,6.61e-06,6.54e-06,6.6e-06,10456641816.0
1778432400,6.59e-06,6.67e-06,6.55e-06,6.64e-06,18351174627.0
1778436000,6.64e-06,6.69e-06,6.63e-06,6.65e-06,11514763479.0
1778439600,6.64e-06,6.67e-06,6.59e-06,6.61e-06,7323353084.0
1778443200,6.6e-06,6.63e-06,6.42e-06,6.49e-06,45702709401.0
1778446800,6.48e-06,6.55e-06,6.47e-06,6.5e-06,7777755638.0
1778450400,6.49e-06,6.62e-06,6.49e-06,6.61e-06,32980167244.0
1778454000,6.62e-06,6.63e-06,6.58e-06,6.61e-06,8192381486.0
1778457600,6.61e-06,6.61e-06,6.53e-06,6.54e-06,6509249038.0
1778461200,6.54e-06,6.58e-06,6.51e-06,6.56e-06,6960118976.0
1778464800,6.56e-06,6.56e-06,6.5e-06,6.52e-06,5936672733.0
1778468400,6.5e-06,6.52e-06,6.46e-06,6.5e-06,2091360378.0
1778472000,6.49e-06,6.53e-06,6.49e-06,6.52e-06,738970660.0
1778475600,6.51e-06,6.54e-06,6.5e-06,6.52e-06,2654518850.0
1778479200,6.52e-06,6.54e-06,6.5e-06,6.52e-06,2619946277.0
1778482800,6.51e-06,6.53e-06,6.5e-06,6.51e-06,1591222161.0
1778486400,6.51e-06,6.57e-06,6.51e-06,6.55e-06,2017079647.0
1778490000,6.55e-06,6.59e-06,6.55e-06,6.57e-06,813898460.0
1778493600,6.58e-06,6.61e-06,6.56e-06,6.58e-06,9451572595.0
1778497200,6.59e-06,6.61e-06,6.57e-06,6.59e-06,2122816584.0
1778500800,6.59e-06,6.62e-06,6.55e-06,6.58e-06,4794092111.0
1778504400,6.58e-06,6.61e-06,6.54e-06,6.57e-06,5722158608.0
1778508000,6.56e-06,6.6e-06,6.51e-06,6.55e-06,7801998574.0
1778511600,6.54e-06,6.59e-06,6.52e-06,6.59e-06,11247791284.0
1778515200,6.59e-06,6.62e-06,6.56e-06,6.6e-06,7705201068.0
1778518800,6.59e-06,6.69e-06,6.59e-06,6.67e-06,10303831461.0
1778522400,6.67e-06,6.68e-06,6.59e-06,6.6e-06,6404425405.0
1778526000,6.6e-06,6.62e-06,6.58e-06,6.62e-06,2133715832.0
1778529600,6.63e-06,6.64e-06,6.59e-06,6.6e-06,5397734028.0
1778533200,6.59e-06,6.61e-06,6.57e-06,6.59e-06,5048191766.0
1778536800,6.6e-06,6.61e-06,6.58e-06,6.6e-06,2606858637.0
1778540400,6.59e-06,6.61e-06,6.58e-06,6.59e-06,1416470360.0
1778544000,6.59e-06,6.61e-06,6.58e-06,6.61e-06,2573860477.0
1778547600,6.6e-06,6.6e-06,6.51e-06,6.54e-06,4907288850.0
1778551200,6.55e-06,6.57e-06,6.53e-06,6.57e-06,12603503902.0
1778554800,6.57e-06,6.58e-06,6.54e-06,6.55e-06,4670415671.0
1778558400,6.55e-06,6.59e-06,6.54e-06,6.56e-06,2458683171.0
1778562000,6.56e-06,6.59e-06,6.55e-06,6.58e-06,2048834455.0
1778565600,6.58e-06,6.64e-06,6.57e-06,6.6e-06,3797329135.0
1778569200,6.6e-06,6.6e-06,6.56e-06,6.58e-06,2347183045.0
1778572800,6.57e-06,6.57e-06,6.53e-06,6.54e-06,2255373494.0
1778576400,6.53e-06,6.55e-06,6.5e-06,6.52e-06,3423991426.0
1778580000,6.52e-06,6.52e-06,6.47e-06,6.48e-06,3052284993.0
1778583600,6.47e-06,6.47e-06,6.42e-06,6.45e-06,27061767476.0
1778587200,6.44e-06,6.46e-06,6.4e-06,6.44e-06,5959113142.0
1778590800,6.43e-06,6.46e-06,6.38e-06,6.39e-06,13051899252.0
1778594400,6.39e-06,6.41e-06,6.34e-06,6.36e-06,17853546867.0
1778598000,6.36e-06,6.38e-06,6.32e-06,6.36e-06,9982765672.0
1778601600,6.37e-06,6.39e-06,6.34e-06,6.35e-06,9305430314.0
1778605200,6.35e-06,6.41e-06,6.35e-06,6.39e-06,6764980561.0
1778608800,6.39e-06,6.42e-06,6.38e-06,6.41e-06,2215201272.0
1778612400,6.41e-06,6.45e-06,6.41e-06,6.44e-06,4227967623.0
1778616000,6.44e-06,6.44e-06,6.42e-06,6.44e-06,4507384810.0
1778619600,6.44e-06,6.45e-06,6.43e-06,6.44e-06,710123037.0
1778623200,6.44e-06,6.46e-06,6.43e-06,6.44e-06,4692027151.0
1778626800,6.44e-06,6.45e-06,6.41e-06,6.42e-06,3781775707.0
1778630400,6.42e-06,6.46e-06,6.41e-06,6.45e-06,3434491256.0
1778634000,6.45e-06,6.49e-06,6.44e-06,6.47e-06,5332051553.0
1778637600,6.48e-06,6.49e-06,6.46e-06,6.46e-06,4979337077.0
1778641200,6.47e-06,6.5e-06,6.47e-06,6.49e-06,1324984678.0
1778644800,6.49e-06,6.56e-06,6.49e-06,6.53e-06,5855064131.0
1778648400,6.53e-06,6.53e-06,6.48e-06,6.49e-06,1691675384.0
1778652000,6.49e-06,6.51e-06,6.49e-06,6.49e-06,2635884577.0
1778655600,6.5e-06,6.5e-06,6.46e-06,6.49e-06,3241809688.0
1778659200,6.48e-06,6.49e-06,6.46e-06,6.48e-06,1116399842.0
1778662800,6.48e-06,6.56e-06,6.48e-06,6.55e-06,5363577076.0
1778666400,6.55e-06,6.55e-06,6.48e-06,6.49e-06,1965076502.0
1778670000,6.5e-06,6.5e-06,6.41e-06,6.42e-06,1691584955.0
1778673600,6.43e-06,6.43e-06,6.32e-06,6.36e-06,17101815996.0
1778677200,6.37e-06,6.38e-06,6.28e-06,6.29e-06,11865591905.0
1778680800,6.28e-06,6.32e-06,6.25e-06,6.3e-06,14209735284.0
1778684400,6.32e-06,6.32e-06,6.21e-06,6.22e-06,19071847427.0
1778688000,6.23e-06,6.28e-06,6.22e-06,6.27e-06,8912465670.0
1778691600,6.28e-06,6.29e-06,6.26e-06,6.29e-06,5455484728.0
1778695200,6.3e-06,6.32e-06,6.28e-06,6.29e-06,2402725694.0
1778698800,6.29e-06,6.29e-06,6.26e-06,6.27e-06,6868225846.0
1778702400,6.27e-06,6.3e-06,6.27e-06,6.3e-06,3451072584.0
1778706000,6.3e-06,6.3e-06,6.25e-06,6.26e-06,24280969641.0
1778709600,6.25e-06,6.3e-06,6.23e-06,6.29e-06,5558459315.0
1778713200,6.29e-06,6.29e-06,6.27e-06,6.28e-06,1723340393.0
1778716800,6.27e-06,6.33e-06,6.27e-06,6.32e-06,3792524930.0
1778720400,6.32e-06,6.34e-06,6.31e-06,6.32e-06,7120261021.0
1778724000,6.31e-06,6.33e-06,6.27e-06,6.28e-06,3442813693.0
1778727600,6.28e-06,6.29e-06,6.22e-06,6.22e-06,10132074043.0
1778731200,6.22e-06,6.27e-06,6.22e-06,6.26e-06,2694070477.0
1778734800,6.26e-06,6.31e-06,6.26e-06,6.3e-06,2956862038.0
1778738400,6.29e-06,6.31e-06,6.28e-06,6.3e-06,951683939.0
1778742000,6.29e-06,6.31e-06,6.28e-06,6.28e-06,2603619732.0
1778745600,6.28e-06,6.31e-06,6.26e-06,6.28e-06,2622004145.0
1778749200,6.28e-06,6.28e-06,6.25e-06,6.27e-06,1997876956.0
1778752800,6.27e-06,6.28e-06,6.24e-06,6.28e-06,2026020395.0
1778756400,6.27e-06,6.27e-06,6.25e-06,6.25e-06,848444491.0
1778760000,6.26e-06,6.32e-06,6.25e-06,6.3e-06,1276747130.0
1778763600,6.3e-06,6.32e-06,6.27e-06,6.28e-06,3031528423.0
1778767200,6.29e-06,6.37e-06,6.27e-06,6.36e-06,4346056961.0
1778770800,6.36e-06,6.37e-06,6.33e-06,6.37e-06,3647677923.0
1778774400,6.37e-06,6.42e-06,6.36e-06,6.41e-06,5127481308.0
1778778000,6.41e-06,6.43e-06,6.37e-06,6.42e-06,20354331878.0
1778781600,6.41e-06,6.48e-06,6.39e-06,6.47e-06,5554111946.0
1778785200,6.46e-06,6.48e-06,6.42e-06,6.42e-06,11085938430.0
1778788800,6.43e-06,6.44e-06,6.39e-06,6.42e-06,4434383864.0
1778792400,6.42e-06,6.43e-06,6.38e-06,6.4e-06,1782921563.0
1778796000,6.4e-06,6.42e-06,6.39e-06,6.4e-06,1403829205.0
1778799600,6.39e-06,6.4e-06,6.36e-06,6.37e-06,7849371741.0
1778803200,6.37e-06,6.39e-06,6.35e-06,6.38e-06,6102317819.0
1778806800,6.38e-06,6.38e-06,6.33e-06,6.33e-06,2990473364.0
1778810400,6.33e-06,6.35e-06,6.3e-06,6.35e-06,5575657418.0
1778814000,6.35e-06,6.36e-06,6.32e-06,6.34e-06,2297935514.0
1778817600,6.34e-06,6.34e-06,6.27e-06,6.27e-06,1932411851.0
1778821200,6.28e-06,6.29e-06,6.21e-06,6.23e-06,9340807110.0
1778824800,6.23e-06,6.29e-06,6.23e-06,6.28e-06,2914445475.0
1778828400,6.28e-06,6.31e-06,6.28e-06,6.29e-06,822326164.0
1778832000,6.28e-06,6.29e-06,6.26e-06,6.28e-06,2614270324.0
1778835600,6.28e-06,6.28e-06,6.25e-06,6.27e-06,4531081642.0
1778839200,6.26e-06,6.3e-06,6.25e-06,6.29e-06,4069300583.0
1778842800,6.28e-06,6.29e-06,6.25e-06,6.25e-06,1342338487.0
1778846400,6.26e-06,6.27e-06,6.24e-06,6.24e-06,2637844309.0
1778850000,6.24e-06,6.24e-06,6.04e-06,6.07e-06,32319978427.0
1778853600,6.07e-06,6.12e-06,6.05e-06,6.1e-06,16700491321.0
1778857200,6.1e-06,6.12e-06,6.09e-06,6.12e-06,9425686694.0
1778860800,6.12e-06,6.15e-06,6.1e-06,6.14e-06,7399647664.0
1778864400,6.15e-06,6.16e-06,6.14e-06,6.16e-06,3880440679.0
1778868000,6.16e-06,6.16e-06,6.13e-06,6.15e-06,7145587834.0
1778871600,6.14e-06,6.14e-06,6.12e-06,6.13e-06,1932410424.0
1778875200,6.12e-06,6.12e-06,6.09e-06,6.11e-06,6556925686.0
1778878800,6.11e-06,6.13e-06,6.1e-06,6.11e-06,1463547630.0
1778882400,6.11e-06,6.13e-06,6.1e-06,6.12e-06,3614009247.0
1778886000,6.12e-06,6.13e-06,6.12e-06,6.12e-06,519102887.0
1778889600,6.12e-06,6.14e-06,6.11e-06,6.13e-06,9072161196.0
1778893200,6.13e-06,6.14e-06,6.11e-06,6.14e-06,1265108815.0
1778896800,6.13e-06,6.14e-06,6.12e-06,6.13e-06,1555218949.0
1778900400,6.13e-06,6.14e-06,6.12e-06,6.12e-06,722463753.0
1778904000,6.12e-06,6.12e-06,6.07e-06,6.08e-06,987147347.0
1778907600,6.08e-06,6.09e-06,6.08e-06,6.08e-06,1291537422.0
1778911200,6.07e-06,6.07e-06,6.01e-06,6.03e-06,11638575742.0
1778914800,6.03e-06,6.03e-06,5.95e-06,5.98e-06,20005554887.0
1778918400,5.99e-06,6e-06,5.98e-06,5.98e-06,6465877104.0
1778922000,5.97e-06,5.98e-06,5.9e-06,5.92e-06,11178340569.0
1778925600,5.91e-06,5.92e-06,5.87e-06,5.92e-06,9846075641.0
1778929200,5.92e-06,5.93e-06,5.9e-06,5.9e-06,11102625960.0
1778932800,5.89e-06,5.9e-06,5.88e-06,5.89e-06,3037824461.0
1778936400,5.88e-06,5.88e-06,5.85e-06,5.87e-06,7241877459.0
1778940000,5.87e-06,5.91e-06,5.85e-06,5.89e-06,23675366003.0
1778943600,5.9e-06,5.91e-06,5.88e-06,5.89e-06,933454497.0
1778947200,5.89e-06,5.91e-06,5.87e-06,5.88e-06,1784994666.0
1778950800,5.9e-06,5.9e-06,5.87e-06,5.88e-06,3053785273.0
1778954400,5.88e-06,5.9e-06,5.87e-06,5.89e-06,2668671979.0
1778958000,5.89e-06,5.9e-06,5.88e-06,5.89e-06,2327196052.0
1778961600,5.89e-06,5.9e-06,5.87e-06,5.88e-06,1428511927.0
1778965200,5.88e-06,5.89e-06,5.87e-06,5.87e-06,1966848898.0
1778968800,5.88e-06,5.88e-06,5.86e-06,5.86e-06,3355560350.0
1778972400,5.86e-06,5.87e-06,5.85e-06,5.87e-06,2391465147.0
1778976000,5.87e-06,5.87e-06,5.83e-06,5.83e-06,5089362461.0
1778979600,5.84e-06,5.84e-06,5.77e-06,5.77e-06,7864966925.0
1778983200,5.77e-06,5.8e-06,5.77e-06,5.79e-06,23804745381.0
1778986800,5.79e-06,5.82e-06,5.79e-06,5.82e-06,8260608271.0
1778990400,5.82e-06,5.86e-06,5.82e-06,5.85e-06,12010070003.0
1778994000,5.84e-06,5.87e-06,5.84e-06,5.85e-06,548093677.0
1778997600,5.86e-06,5.86e-06,5.83e-06,5.85e-06,480953615.0
1779001200,5.85e-06,5.88e-06,5.84e-06,5.85e-06,4492079089.0
1779004800,5.85e-06,5.85e-06,5.81e-06,5.82e-06,1729473912.0
1779008400,5.81e-06,5.83e-06,5.81e-06,5.83e-06,5471198593.0
1779012000,5.83e-06,5.86e-06,5.83e-06,5.84e-06,1821020280.0
1779015600,5.85e-06,5.85e-06,5.83e-06,5.84e-06,2408943753.0
1779019200,5.84e-06,5.86e-06,5.83e-06,5.85e-06,1528305105.0
1779022800,5.84e-06,5.84e-06,5.82e-06,5.82e-06,1492811739.0
1779026400,5.82e-06,5.82e-06,5.78e-06,5.81e-06,6765952471.0
1779030000,5.81e-06,5.82e-06,5.8e-06,5.82e-06,1743260671.0
1779033600,5.82e-06,5.83e-06,5.8e-06,5.8e-06,2190729456.0
1779037200,5.79e-06,5.8e-06,5.77e-06,5.79e-06,8086974592.0
1779040800,5.81e-06,5.81e-06,5.78e-06,5.81e-06,8767252394.0
1779044400,5.81e-06,5.82e-06,5.8e-06,5.81e-06,3397791054.0
1779048000,5.81e-06,5.81e-06,5.79e-06,5.8e-06,3884642074.0
1779051600,5.8e-06,5.85e-06,5.79e-06,5.84e-06,4265943966.0
1779055200,5.84e-06,5.84e-06,5.78e-06,5.78e-06,5342273606.0
1779058800,5.78e-06,5.79e-06,5.58e-06,5.72e-06,64680588472.0
1779062400,5.73e-06,5.73e-06,5.69e-06,5.73e-06,13682081481.0
1779066000,5.73e-06,5.74e-06,5.69e-06,5.72e-06,3050380815.0
1779069600,5.72e-06,5.75e-06,5.72e-06,5.73e-06,2383591409.0
1779073200,5.74e-06,5.77e-06,5.7e-06,5.71e-06,6355325736.0
1779076800,5.71e-06,5.73e-06,5.7e-06,5.72e-06,902948210.0
1779080400,5.71e-06,5.72e-06,5.69e-06,5.71e-06,1634733290.0
1779084000,5.7e-06,5.7e-06,5.64e-06,5.67e-06,10585102888.0
1779087600,5.68e-06,5.68e-06,5.65e-06,5.67e-06,1307324022.0
1779091200,5.68e-06,5.69e-06,5.66e-06,5.68e-06,1829838885.0
1779094800,5.67e-06,5.67e-06,5.65e-06,5.65e-06,482634633.0
1779098400,5.65e-06,5.65e-06,5.63e-06,5.64e-06,3707533394.0
1779102000,5.64e-06,5.71e-06,5.63e-06,5.69e-06,3446524182.0
1779105600,5.7e-06,5.74e-06,5.69e-06,5.72e-06,10178204061.0
1779109200,5.71e-06,5.72e-06,5.67e-06,5.7e-06,7134919752.0
1779112800,5.7e-06,5.7e-06,5.64e-06,5.65e-06,15390979662.0
1779116400,5.65e-06,5.68e-06,5.63e-06,5.66e-06,9892068170.0
1779120000,5.66e-06,5.68e-06,5.65e-06,5.68e-06,6974491780.0
1779123600,5.68e-06,5.71e-06,5.68e-06,5.7e-06,5690358582.0
1779127200,5.69e-06,5.69e-06,5.64e-06,5.64e-06,12493520087.0
1779130800,5.65e-06,5.75e-06,5.65e-06,5.74e-06,24280175692.0
1779134400,5.75e-06,5.76e-06,5.71e-06,5.72e-06,3312756087.0
1779138000,5.72e-06,5.75e-06,5.71e-06,5.75e-06,4061394043.0
1779141600,5.74e-06,5.77e-06,5.73e-06,5.74e-06,16956358937.0
1779145200,5.75e-06,5.76e-06,5.74e-06,5.75e-06,5071453124.0
1779148800,5.75e-06,5.8e-06,5.75e-06,5.77e-06,3897066875.0
1779152400,5.77e-06,5.78e-06,5.74e-06,5.74e-06,5118420101.0
1779156000,5.74e-06,5.76e-06,5.73e-06,5.74e-06,1585593192.0
1779159600,5.74e-06,5.78e-06,5.73e-06,5.77e-06,1289678101.0
1779163200,5.76e-06,5.79e-06,5.76e-06,5.77e-06,297243882.0
1779166800,5.77e-06,5.78e-06,5.74e-06,5.76e-06,698527264.0
1779170400,5.76e-06,5.79e-06,5.76e-06,5.78e-06,684764191.0
1779174000,5.77e-06,5.79e-06,5.76e-06,5.77e-06,614523574.0
1779177600,5.76e-06,5.78e-06,5.75e-06,5.76e-06,827192118.0
1779181200,5.76e-06,5.77e-06,5.73e-06,5.74e-06,5078730912.0
1779184800,5.74e-06,5.75e-06,5.71e-06,5.73e-06,632464722.0
1779188400,5.73e-06,5.74e-06,5.69e-06,5.7e-06,804455517.0
1779192000,5.7e-06,5.74e-06,5.7e-06,5.74e-06,1817977133.0
1779195600,5.74e-06,5.77e-06,5.73e-06,5.75e-06,6599071216.0
1779199200,5.75e-06,5.75e-06,5.69e-06,5.7e-06,3089871504.0
1779202800,5.7e-06,5.72e-06,5.69e-06,5.71e-06,1595165756.0
1779206400,5.7e-06,5.73e-06,5.69e-06,5.72e-06,794578488.0
1779210000,5.72e-06,5.73e-06,5.69e-06,5.7e-06,3604980239.0
1779213600,5.7e-06,5.7e-06,5.68e-06,5.69e-06,17170779906.0
1779217200,5.68e-06,5.71e-06,5.67e-06,5.67e-06,2590810917.0
1779220800,5.68e-06,5.7e-06,5.68e-06,5.69e-06,1454584236.0
1779224400,5.69e-06,5.71e-06,5.69e-06,5.69e-06,2217297461.0
1779228000,5.68e-06,5.69e-06,5.66e-06,5.66e-06,1308443424.0
1779231600,5.66e-06,5.7e-06,5.66e-06,5.69e-06,1506811942.0
1779235200,5.69e-06,5.7e-06,5.67e-06,5.69e-06,1390569195.0
1779238800,5.69e-06,5.71e-06,5.67e-06,5.7e-06,2892692541.0
1779242400,5.7e-06,5.72e-06,5.69e-06,5.69e-06,2910798965.0
1779246000,5.69e-06,5.72e-06,5.69e-06,5.7e-06,2543449078.0
1779249600,5.7e-06,5.71e-06,5.69e-06,5.71e-06,1579280043.0
1779253200,5.71e-06,5.75e-06,5.71e-06,5.74e-06,1664331053.0
1779256800,5.74e-06,5.74e-06,5.73e-06,5.74e-06,765438083.0
1779260400,5.74e-06,5.76e-06,5.73e-06,5.74e-06,369953239.0
1779264000,5.74e-06,5.76e-06,5.73e-06,5.74e-06,748100180.0
1779267600,5.74e-06,5.74e-06,5.72e-06,5.73e-06,1918331165.0
1779271200,5.73e-06,5.75e-06,5.72e-06,5.75e-06,3725760187.0
1779274800,5.75e-06,5.75e-06,5.73e-06,5.73e-06,1065120398.0
1779278400,5.72e-06,5.78e-06,5.72e-06,5.77e-06,947386524.0
1779282000,5.77e-06,5.77e-06,5.71e-06,5.74e-06,2305975815.0
1779285600,5.74e-06,5.8e-06,5.72e-06,5.79e-06,5825807830.0
1779289200,5.78e-06,5.83e-06,5.76e-06,5.8e-06,5735602056.0
1779292800,5.81e-06,5.82e-06,5.78e-06,5.8e-06,4558971184.0
1779296400,5.8e-06,5.84e-06,5.79e-06,5.79e-06,4911940065.0
1779300000,5.8e-06,5.81e-06,5.77e-06,5.78e-06,2004543290.0
1779303600,5.78e-06,5.8e-06,5.77e-06,5.79e-06,6769322815.0
1779307200,5.78e-06,5.79e-06,5.76e-06,5.79e-06,6426209120.0
1779310800,5.78e-06,5.79e-06,5.77e-06,5.78e-06,653529861.0
1779314400,5.77e-06,5.77e-06,5.75e-06,5.77e-06,438685325.0
1779318000,5.76e-06,5.78e-06,5.75e-06,5.78e-06,2775482125.0
1779321600,5.77e-06,5.81e-06,5.77e-06,5.81e-06,3018891853.0
1779325200,5.81e-06,5.82e-06,5.79e-06,5.8e-06,941610902.0
1779328800,5.8e-06,5.83e-06,5.79e-06,5.81e-06,1957415812.0
1779332400,5.81e-06,5.84e-06,5.8e-06,5.83e-06,314605730.0
1779336000,5.84e-06,5.84e-06,5.82e-06,5.83e-06,1636877804.0
1779339600,5.83e-06,5.85e-06,5.8e-06,5.81e-06,1989668796.0
1779343200,5.81e-06,5.82e-06,5.79e-06,5.8e-06,801233050.0
1779346800,5.8e-06,5.83e-06,5.78e-06,5.82e-06,885049170.0
1779350400,5.82e-06,5.84e-06,5.81e-06,5.81e-06,1264820330.0
1779354000,5.82e-06,5.82e-06,5.79e-06,5.8e-06,356290224.0
1779357600,5.8e-06,5.81e-06,5.76e-06,5.76e-06,12242207036.0
1779361200,5.76e-06,5.78e-06,5.75e-06,5.76e-06,4797572360.0
1779364800,5.76e-06,5.78e-06,5.76e-06,5.78e-06,2972352687.0
1779368400,5.78e-06,5.78e-06,5.73e-06,5.77e-06,20451437315.0
1779372000,5.77e-06,5.78e-06,5.74e-06,5.76e-06,3185645056.0
1779375600,5.76e-06,5.78e-06,5.74e-06,5.78e-06,3428299989.0
1779379200,5.78e-06,5.78e-06,5.74e-06,5.76e-06,8549822733.0
1779382800,5.77e-06,5.85e-06,5.76e-06,5.84e-06,3525106831.0
1779386400,5.83e-06,5.87e-06,5.81e-06,5.83e-06,1826376581.0
1779390000,5.84e-06,5.86e-06,5.82e-06,5.86e-06,5720747379.0
1779393600,5.85e-06,5.87e-06,5.85e-06,5.86e-06,503784982.0
1779397200,5.86e-06,5.87e-06,5.84e-06,5.84e-06,1489909086.0
1779400800,5.84e-06,5.85e-06,5.82e-06,5.82e-06,898872258.0
1779404400,5.82e-06,5.84e-06,5.82e-06,5.84e-06,1164955963.0
1779408000,5.84e-06,5.85e-06,5.82e-06,5.82e-06,1323851169.0
1779411600,5.82e-06,5.85e-06,5.82e-06,5.84e-06,1465423790.0
1779415200,5.85e-06,5.86e-06,5.84e-06,5.86e-06,1688734331.0
1779418800,5.86e-06,5.87e-06,5.84e-06,5.86e-06,924510850.0
1779422400,5.86e-06,5.88e-06,5.85e-06,5.87e-06,859205599.0
1779426000,5.86e-06,5.87e-06,5.84e-06,5.84e-06,1541169565.0
1779429600,5.84e-06,5.85e-06,5.82e-06,5.82e-06,1305496238.0
1779433200,5.82e-06,5.84e-06,5.8e-06,5.83e-06,1144150621.0
1779436800,5.83e-06,5.86e-06,5.83e-06,5.84e-06,774795392.0
1779440400,5.83e-06,5.85e-06,5.82e-06,5.83e-06,288521603.0
1779444000,5.83e-06,5.84e-06,5.81e-06,5.83e-06,799110693.0
1779447600,5.83e-06,5.86e-06,5.82e-06,5.85e-06,446837549.0
1779451200,5.85e-06,5.88e-06,5.84e-06,5.88e-06,1447305356.0
1779454800,5.88e-06,5.89e-06,5.84e-06,5.87e-06,3264137320.0
1779458400,5.86e-06,5.86e-06,5.81e-06,5.82e-06,3918131715.0
1779462000,5.82e-06,5.83e-06,5.79e-06,5.83e-06,2489359575.0
1779465600,5.83e-06,5.84e-06,5.8e-06,5.82e-06,6844401767.0
1779469200,5.82e-06,5.84e-06,5.8e-06,5.81e-06,664620695.0
1779472800,5.81e-06,5.81e-06,5.69e-06,5.73e-06,5280387339.0
1779476400,5.73e-06,5.74e-06,5.66e-06,5.71e-06,14605242054.0
1779480000,5.71e-06,5.75e-06,5.71e-06,5.74e-06,7583710811.0
1779483600,5.74e-06,5.75e-06,5.73e-06,5.74e-06,928652774.0
1779487200,5.74e-06,5.75e-06,5.71e-06,5.73e-06,695449113.0
1779490800,5.73e-06,5.74e-06,5.62e-06,5.65e-06,15875339146.0
1779494400,5.64e-06,5.67e-06,5.64e-06,5.67e-06,7678246573.0
1779498000,5.67e-06,5.69e-06,5.66e-06,5.68e-06,849994850.0
1779501600,5.68e-06,5.69e-06,5.68e-06,5.69e-06,95026694.0
1779505200,5.69e-06,5.69e-06,5.67e-06,5.68e-06,1143945961.0
1779508800,5.67e-06,5.67e-06,5.66e-06,5.66e-06,177121081.0
1779512400,5.66e-06,5.67e-06,5.63e-06,5.64e-06,2818851769.0
1779516000,5.63e-06,5.65e-06,5.62e-06,5.63e-06,1736921138.0
1779519600,5.62e-06,5.63e-06,5.48e-06,5.51e-06,18399028830.0
1779523200,5.51e-06,5.53e-06,5.48e-06,5.51e-06,7276473596.0
1779526800,5.52e-06,5.52e-06,5.5e-06,5.5e-06,858081071.0
1779530400,5.5e-06,5.51e-06,5.5e-06,5.5e-06,388301552.0
1779534000,5.5e-06,5.52e-06,5.5e-06,5.51e-06,988181711.0
1779537600,5.51e-06,5.52e-06,5.49e-06,5.52e-06,1152663176.0
1779541200,5.52e-06,5.57e-06,5.51e-06,5.56e-06,4802357358.0
1779544800,5.57e-06,5.61e-06,5.55e-06,5.61e-06,6248055025.0
1779548400,5.61e-06,5.63e-06,5.59e-06,5.6e-06,1730607354.0
1779552000,5.6e-06,5.61e-06,5.58e-06,5.61e-06,1701357082.0
1779555600,5.61e-06,5.62e-06,5.57e-06,5.59e-06,1190953093.0
1779559200,5.59e-06,5.65e-06,5.59e-06,5.62e-06,1889159796.0
1779562800,5.63e-06,5.63e-06,5.6e-06,5.61e-06,3241821218.0
1779566400,5.61e-06,5.76e-06,5.61e-06,5.76e-06,10327530627.0
1779570000,5.76e-06,5.77e-06,5.69e-06,5.71e-06,6796523931.0
1779573600,5.71e-06,5.71e-06,5.64e-06,5.65e-06,2016141005.0
1779577200,5.65e-06,5.67e-06,5.64e-06,5.67e-06,1677406652.0
1779580800,5.67e-06,5.68e-06,5.65e-06,5.67e-06,705444864.0
1779584400,5.67e-06,5.69e-06,5.67e-06,5.67e-06,929220665.0
1779588000,5.68e-06,5.68e-06,5.64e-06,5.66e-06,784572896.0
1779591600,5.66e-06,5.67e-06,5.64e-06,5.65e-06,627651934.0
1779595200,5.65e-06,5.66e-06,5.64e-06,5.65e-06,1030812897.0
1779598800,5.66e-06,5.66e-06,5.62e-06,5.64e-06,888235880.0
1779602400,5.65e-06,5.66e-06,5.63e-06,5.65e-06,698040034.0
1779606000,5.65e-06,5.65e-06,5.63e-06,5.63e-06,17895729.0
1779609600,5.63e-06,5.65e-06,5.62e-06,5.64e-06,376909179.0
1779613200,5.65e-06,5.66e-06,5.63e-06,5.65e-06,643581851.0
1779616800,5.64e-06,5.67e-06,5.63e-06,5.66e-06,534443969.0
1779620400,5.66e-06,5.66e-06,5.64e-06,5.65e-06,591388467.0
1779624000,5.65e-06,5.65e-06,5.62e-06,5.64e-06,733652640.0
1779627600,5.63e-06,5.65e-06,5.6e-06,5.61e-06,5317069673.0
1779631200,5.61e-06,5.61e-06,5.54e-06,5.57e-06,9515716908.0
1779634800,5.57e-06,5.59e-06,5.57e-06,5.58e-06,202769743.0
1779638400,5.57e-06,5.6e-06,5.55e-06,5.56e-06,1338537693.0
1779642000,5.57e-06,5.59e-06,5.57e-06,5.58e-06,196241039.0
1779645600,5.58e-06,5.6e-06,5.56e-06,5.56e-06,976735351.0
1779649200,5.57e-06,5.58e-06,5.55e-06,5.57e-06,1579172095.0
1779652800,5.57e-06,5.57e-06,5.55e-06,5.56e-06,2809955367.0
1779656400,5.55e-06,5.58e-06,5.49e-06,5.5e-06,2652478667.0
1779660000,5.51e-06,5.58e-06,5.51e-06,5.55e-06,2468469198.0
1779663600,5.55e-06,5.58e-06,5.55e-06,5.57e-06,1183974910.0
1779667200,5.58e-06,5.61e-06,5.58e-06,5.59e-06,1009049898.0
1779670800,5.58e-06,5.6e-06,5.56e-06,5.56e-06,1046492389.0
1779674400,5.56e-06,5.59e-06,5.55e-06,5.57e-06,978777046.0
1779678000,5.57e-06,5.57e-06,5.54e-06,5.56e-06,660117800.0
1779681600,5.57e-06,5.61e-06,5.56e-06,5.59e-06,693125149.0
1779685200,5.6e-06,5.64e-06,5.6e-06,5.63e-06,10267541822.0
1779688800,5.63e-06,5.64e-06,5.61e-06,5.64e-06,162868531.0
1779692400,5.63e-06,5.65e-06,5.61e-06,5.62e-06,630569676.0
1779696000,5.62e-06,5.63e-06,5.61e-06,5.63e-06,688973513.0
1779699600,5.63e-06,5.64e-06,5.62e-06,5.63e-06,1731346728.0
1779703200,5.63e-06,5.65e-06,5.63e-06,5.64e-06,709483332.0
1779706800,5.64e-06,5.65e-06,5.61e-06,5.61e-06,592248244.0
1779710400,5.61e-06,5.62e-06,5.61e-06,5.61e-06,2606569750.0
1779714000,5.61e-06,5.63e-06,5.6e-06,5.63e-06,2708211023.0
1779717600,5.63e-06,5.65e-06,5.63e-06,5.65e-06,2946402300.0
1779721200,5.64e-06,5.67e-06,5.61e-06,5.63e-06,2775474133.0
1779724800,5.63e-06,5.64e-06,5.61e-06,5.63e-06,1233622608.0
1779728400,5.63e-06,5.65e-06,5.62e-06,5.65e-06,1892794738.0
1779732000,5.65e-06,5.65e-06,5.62e-06,5.62e-06,2782159458.0
1779735600,5.61e-06,5.62e-06,5.59e-06,5.6e-06,3319131963.0
1779739200,5.61e-06,5.62e-06,5.58e-06,5.59e-06,1344458505.0
1779742800,5.59e-06,5.59e-06,5.56e-06,5.57e-06,6887803624.0
1779746400,5.58e-06,5.58e-06,5.53e-06,5.53e-06,1397378667.0
1779750000,5.53e-06,5.56e-06,5.53e-06,5.56e-06,762699538.0
1779753600,5.56e-06,5.56e-06,5.5e-06,5.52e-06,3572707119.0
1779757200,5.51e-06,5.52e-06,5.48e-06,5.49e-06,2586636957.0
1779760800,5.49e-06,5.52e-06,5.49e-06,5.5e-06,11942387258.0
1779764400,5.51e-06,5.51e-06,5.49e-06,5.51e-06,11290369974.0
1779768000,5.5e-06,5.54e-06,5.5e-06,5.53e-06,3221886468.0
1779771600,5.53e-06,5.56e-06,5.53e-06,5.54e-06,1704824639.0
1779775200,5.54e-06,5.56e-06,5.54e-06,5.55e-06,283625043.0
1779778800,5.55e-06,5.55e-06,5.52e-06,5.54e-06,703579038.0
1779782400,5.54e-06,5.55e-06,5.53e-06,5.54e-06,324951986.0
1779786000,5.55e-06,5.55e-06,5.54e-06,5.55e-06,1142554495.0
1779789600,5.55e-06,5.63e-06,5.54e-06,5.61e-06,8070718682.0
1779793200,5.62e-06,5.62e-06,5.59e-06,5.59e-06,489337712.0
1779796800,5.6e-06,5.63e-06,5.59e-06,5.61e-06,5053458392.0
1779800400,5.62e-06,5.62e-06,5.56e-06,5.6e-06,4950255695.0
1779804000,5.61e-06,5.66e-06,5.58e-06,5.59e-06,21970543575.0
1779807600,5.59e-06,5.59e-06,5.54e-06,5.56e-06,8010348413.0
1779811200,5.56e-06,5.56e-06,5.53e-06,5.54e-06,3556976087.0
1779814800,5.53e-06,5.55e-06,5.48e-06,5.51e-06,4046255240.0
1779818400,5.51e-06,5.54e-06,5.5e-06,5.51e-06,4562407751.0
1779822000,5.51e-06,5.53e-06,5.49e-06,5.52e-06,3574072948.0
1779825600,5.52e-06,5.52e-06,5.5e-06,5.51e-06,8580268411.0
1779829200,5.52e-06,5.53e-06,5.5e-06,5.5e-06,669834459.0
1779832800,5.51e-06,5.52e-06,5.5e-06,5.51e-06,304125481.0
1779836400,5.52e-06,5.54e-06,5.51e-06,5.52e-06,535697785.0
1779840000,5.53e-06,5.56e-06,5.53e-06,5.55e-06,637640958.0
1779843600,5.55e-06,5.55e-06,5.53e-06,5.53e-06,1551796701.0
1779847200,5.53e-06,5.54e-06,5.5e-06,5.51e-06,3825738816.0
1779850800,5.52e-06,5.53e-06,5.5e-06,5.51e-06,862905194.0
1779854400,5.51e-06,5.52e-06,5.45e-06,5.52e-06,4715036096.0
1779858000,5.52e-06,5.54e-06,5.5e-06,5.54e-06,1775935641.0
1779861600,5.53e-06,5.54e-06,5.52e-06,5.54e-06,1031111077.0
1779865200,5.54e-06,5.54e-06,5.53e-06,5.54e-06,1795277044.0
1779868800,5.54e-06,5.54e-06,5.51e-06,5.51e-06,1371488290.0
1779872400,5.51e-06,5.51e-06,5.5e-06,5.5e-06,1446099295.0
1779876000,5.49e-06,5.52e-06,5.49e-06,5.5e-06,1107372684.0
1779879600,5.5e-06,5.51e-06,5.49e-06,5.49e-06,3664841060.0
1779883200,5.48e-06,5.54e-06,5.48e-06,5.52e-06,2275889094.0
1779886800,5.51e-06,5.51e-06,5.45e-06,5.48e-06,7821458764.0
1779890400,5.49e-06,5.51e-06,5.45e-06,5.51e-06,5763168293.0
1779894000,5.51e-06,5.54e-06,5.5e-06,5.52e-06,4919238584.0
1779897600,5.52e-06,5.52e-06,5.5e-06,5.51e-06,1649548789.0
1779901200,5.5e-06,5.5e-06,5.48e-06,5.48e-06,2288697911.0
1779904800,5.48e-06,5.5e-06,5.47e-06,5.5e-06,1738410369.0
1779908400,5.49e-06,5.5e-06,5.47e-06,5.49e-06,4012611890.0
1779912000,5.48e-06,5.49e-06,5.46e-06,5.48e-06,2023869690.0
1779915600,5.49e-06,5.49e-06,5.39e-06,5.41e-06,31723733620.0
1779919200,5.4e-06,5.44e-06,5.4e-06,5.42e-06,4118882868.0
1779922800,5.42e-06,5.44e-06,5.41e-06,5.43e-06,5385104765.0
1779926400,5.43e-06,5.45e-06,5.43e-06,5.45e-06,5761973145.0
1779930000,5.44e-06,5.45e-06,5.4e-06,5.44e-06,3816377768.0
1779933600,5.44e-06,5.45e-06,5.4e-06,5.42e-06,25876879331.0
1779937200,5.41e-06,5.41e-06,5.29e-06,5.29e-06,10495141676.0
1779940800,5.3e-06,5.3e-06,5.24e-06,5.28e-06,28701643990.0
1779944400,5.28e-06,5.28e-06,5.24e-06,5.26e-06,4010158732.0
1779948000,5.26e-06,5.28e-06,5.25e-06,5.28e-06,1356510927.0
1779951600,5.28e-06,5.3e-06,5.27e-06,5.3e-06,1209555574.0
1779955200,5.3e-06,5.31e-06,5.28e-06,5.3e-06,5386134166.0
1779958800,5.3e-06,5.33e-06,5.29e-06,5.33e-06,903575207.0
1779962400,5.33e-06,5.34e-06,5.29e-06,5.29e-06,2549451548.0
1779966000,5.29e-06,5.29e-06,5.27e-06,5.29e-06,1959142294.0
1779969600,5.29e-06,5.3e-06,5.26e-06,5.3e-06,1918285049.0
1779973200,5.3e-06,5.3e-06,5.26e-06,5.29e-06,8223916431.0
1779976800,5.28e-06,5.32e-06,5.24e-06,5.3e-06,5722450081.0
1779980400,5.31e-06,5.32e-06,5.27e-06,5.31e-06,2974730994.0
1779984000,5.3e-06,5.35e-06,5.28e-06,5.34e-06,1422905964.0
1779987600,5.34e-06,5.37e-06,5.33e-06,5.37e-06,3422493714.0
1779991200,5.38e-06,5.4e-06,5.37e-06,5.37e-06,4070211678.0
1779994800,5.37e-06,5.38e-06,5.34e-06,5.34e-06,13742473189.0
1779998400,5.35e-06,5.38e-06,5.33e-06,5.37e-06,1626888773.0
1780002000,5.38e-06,5.4e-06,5.37e-06,5.38e-06,3855790208.0
1780005600,5.39e-06,5.39e-06,5.34e-06,5.35e-06,2840609596.0
1780009200,5.36e-06,5.37e-06,5.34e-06,5.37e-06,2595650100.0
1780012800,5.38e-06,5.39e-06,5.36e-06,5.38e-06,925930591.0
1780016400,5.38e-06,5.39e-06,5.36e-06,5.36e-06,1781996904.0
1780020000,5.36e-06,5.37e-06,5.32e-06,5.33e-06,11918134604.0
1780023600,5.33e-06,5.36e-06,5.32e-06,5.34e-06,952015224.0
1780027200,5.34e-06,5.36e-06,5.32e-06,5.36e-06,1394313369.0
1780030800,5.36e-06,5.37e-06,5.35e-06,5.37e-06,3398930353.0
1780034400,5.38e-06,5.4e-06,5.38e-06,5.39e-06,2960779366.0
1780038000,5.39e-06,5.4e-06,5.36e-06,5.38e-06,910929646.0
1780041600,5.39e-06,5.39e-06,5.38e-06,5.39e-06,1070904040.0
1780045200,5.39e-06,5.42e-06,5.39e-06,5.42e-06,989811465.0
1780048800,5.42e-06,5.42e-06,5.4e-06,5.41e-06,456416349.0
1780052400,5.41e-06,5.41e-06,5.35e-06,5.38e-06,889886404.0
1780056000,5.39e-06,5.39e-06,5.35e-06,5.35e-06,1553617921.0
1780059600,5.35e-06,5.35e-06,5.17e-06,5.34e-06,124380361154.0
1780063200,5.34e-06,5.34e-06,5.27e-06,5.32e-06,9365760437.0
1780066800,5.32e-06,5.45e-06,5.32e-06,5.43e-06,9717311033.0
1780070400,5.43e-06,5.44e-06,5.4e-06,5.43e-06,2067565493.0
1780074000,5.43e-06,5.45e-06,5.42e-06,5.42e-06,3155612337.0
1780077600,5.43e-06,5.44e-06,5.38e-06,5.4e-06,4224674816.0
1780081200,5.4e-06,5.41e-06,5.36e-06,5.4e-06,2675146212.0
1780084800,5.4e-06,5.43e-06,5.39e-06,5.42e-06,19161173642.0
1780088400,5.42e-06,5.44e-06,5.39e-06,5.39e-06,4721014488.0
1780092000,5.39e-06,5.42e-06,5.37e-06,5.41e-06,4346447136.0
1780095600,5.4e-06,5.42e-06,5.39e-06,5.42e-06,2675360788.0
1780099200,5.42e-06,5.46e-06,5.41e-06,5.45e-06,1794742953.0
1780102800,5.45e-06,5.5e-06,5.45e-06,5.5e-06,4898759138.0
1780106400,5.5e-06,5.54e-06,5.5e-06,5.53e-06,9100913207.0
1780110000,5.53e-06,5.55e-06,5.48e-06,5.5e-06,4865291805.0
1780113600,5.5e-06,5.5e-06,5.44e-06,5.46e-06,1919975938.0
1780117200,5.46e-06,5.5e-06,5.46e-06,5.5e-06,2875359968.0
1780120800,5.49e-06,5.5e-06,5.48e-06,5.48e-06,1887328477.0
1780124400,5.47e-06,5.49e-06,5.47e-06,5.49e-06,306461814.0
1780128000,5.49e-06,5.49e-06,5.48e-06,5.48e-06,1229348904.0
1780131600,5.48e-06,5.5e-06,5.48e-06,5.49e-06,1160960784.0
1780135200,5.5e-06,5.5e-06,5.47e-06,5.47e-06,107855112.0
1780138800,5.48e-06,5.49e-06,5.46e-06,5.48e-06,930674681.0
1780142400,5.48e-06,5.48e-06,5.47e-06,5.48e-06,916692376.0
1780146000,5.48e-06,5.5e-06,5.47e-06,5.5e-06,1002499110.0
1780149600,5.5e-06,5.51e-06,5.49e-06,5.51e-06,821054363.0
1780153200,5.5e-06,5.52e-06,5.5e-06,5.51e-06,2979229158.0
1780156800,5.51e-06,5.54e-06,5.5e-06,5.53e-06,959246899.0
1780160400,5.53e-06,5.53e-06,5.51e-06,5.53e-06,1113429742.0
1780164000,5.54e-06,5.54e-06,5.52e-06,5.52e-06,705159781.0
1780167600,5.52e-06,5.53e-06,5.51e-06,5.52e-06,1362530335.0
1780171200,5.53e-06,5.54e-06,5.52e-06,5.53e-06,4753260421.0
1780174800,5.52e-06,5.54e-06,5.52e-06,5.52e-06,651718244.0
1780178400,5.52e-06,5.53e-06,5.48e-06,5.49e-06,917453978.0
1780182000,5.5e-06,5.5e-06,5.47e-06,5.49e-06,10614404140.0
1780185600,5.49e-06,5.5e-06,5.48e-06,5.5e-06,1488658275.0
1780189200,5.5e-06,5.52e-06,5.49e-06,5.51e-06,1872353342.0
1780192800,5.51e-06,5.54e-06,5.5e-06,5.53e-06,661557207.0
1780196400,5.53e-06,5.54e-06,5.52e-06,5.53e-06,560488534.0
1780200000,5.53e-06,5.54e-06,5.52e-06,5.54e-06,704296975.0
1780203600,5.53e-06,5.53e-06,5.5e-06,5.51e-06,1663648655.0
1780207200,5.51e-06,5.51e-06,5.5e-06,5.5e-06,852109685.0
1780210800,5.5e-06,5.5e-06,5.48e-06,5.49e-06,1353549164.0
1780214400,5.49e-06,5.5e-06,5.48e-06,5.49e-06,1090433646.0
1780218000,5.49e-06,5.51e-06,5.48e-06,5.48e-06,511880460.0
1780221600,5.49e-06,5.5e-06,5.47e-06,5.5e-06,1820415087.0
1780225200,5.5e-06,5.51e-06,5.49e-06,5.5e-06,97429460.0
1780228800,5.5e-06,5.51e-06,5.49e-06,5.51e-06,1030836014.0
1780232400,5.51e-06,5.53e-06,5.5e-06,5.5e-06,1615788604.0
1780236000,5.5e-06,5.5e-06,5.45e-06,5.46e-06,4446328600.0
1780239600,5.46e-06,5.48e-06,5.44e-06,5.44e-06,724076551.0
1780243200,5.44e-06,5.45e-06,5.41e-06,5.41e-06,1788214104.0
1780246800,5.41e-06,5.45e-06,5.41e-06,5.44e-06,478657552.0
1780250400,5.44e-06,5.45e-06,5.42e-06,5.45e-06,3545559366.0
1780254000,5.44e-06,5.44e-06,5.42e-06,5.44e-06,445469087.0
1780257600,5.44e-06,5.46e-06,5.44e-06,5.45e-06,696766838.0
1780261200,5.46e-06,5.49e-06,5.45e-06,5.49e-06,949659655.0
1780264800,5.5e-06,5.51e-06,5.48e-06,5.51e-06,5783059989.0
1780268400,5.51e-06,5.53e-06,5.49e-06,5.51e-06,1665082158.0
1780272000,5.52e-06,5.55e-06,5.52e-06,5.54e-06,1183298038.0
1780275600,5.53e-06,5.53e-06,5.46e-06,5.46e-06,843380726.0
1780279200,5.46e-06,5.54e-06,5.46e-06,5.54e-06,3322485635.0
1780282800,5.53e-06,5.55e-06,5.52e-06,5.53e-06,1317313541.0
1780286400,5.53e-06,5.53e-06,5.46e-06,5.49e-06,737945106.0
1780290000,5.5e-06,5.5e-06,5.47e-06,5.47e-06,889929266.0
1780293600,5.47e-06,5.47e-06,5.42e-06,5.44e-06,3115872984.0
1780297200,5.44e-06,5.46e-06,5.4e-06,5.41e-06,1669142130.0
1780300800,5.41e-06,5.43e-06,5.39e-06,5.42e-06,1384546232.0
1780304400,5.42e-06,5.45e-06,5.42e-06,5.45e-06,1272368722.0
1780308000,5.45e-06,5.45e-06,5.42e-06,5.45e-06,494906817.0
1780311600,5.45e-06,5.46e-06,5.43e-06,5.43e-06,880181155.0
1780315200,5.43e-06,5.45e-06,5.4e-06,5.44e-06,1556292690.0
1780318800,5.44e-06,5.44e-06,5.37e-06,5.41e-06,4486559331.0
1780322400,5.41e-06,5.42e-06,5.39e-06,5.4e-06,3271825808.0
1780326000,5.41e-06,5.45e-06,5.38e-06,5.45e-06,6367716975.0
1780329600,5.45e-06,5.5e-06,5.4e-06,5.5e-06,7239628819.0
1780333200,5.5e-06,5.57e-06,5.5e-06,5.54e-06,12819393640.0
1780336800,5.54e-06,5.55e-06,5.52e-06,5.52e-06,3023907341.0
1780340400,5.51e-06,5.53e-06,5.5e-06,5.53e-06,9609492949.0
1780344000,5.53e-06,5.54e-06,5.51e-06,5.53e-06,1575510525.0
1780347600,5.53e-06,5.53e-06,5.49e-06,5.49e-06,1506625592.0
1780351200,5.49e-06,5.53e-06,5.47e-06,5.52e-06,2138583492.0
1780354800,5.52e-06,5.55e-06,5.5e-06,5.53e-06,13048817471.0
1780358400,5.53e-06,5.54e-06,5.49e-06,5.5e-06,3184677050.0
1780362000,5.51e-06,5.52e-06,5.46e-06,5.46e-06,14247334577.0
1780365600,5.46e-06,5.5e-06,5.42e-06,5.5e-06,9535812447.0
1780369200,5.5e-06,5.52e-06,5.49e-06,5.51e-06,2496530612.0
1780372800,5.5e-06,5.51e-06,5.47e-06,5.47e-06,4594986824.0
1780376400,5.47e-06,5.49e-06,5.44e-06,5.46e-06,18475727130.0
1780380000,5.47e-06,5.48e-06,5.44e-06,5.46e-06,7185501944.0
1780383600,5.45e-06,5.49e-06,5.43e-06,5.47e-06,5251946291.0
1780387200,5.47e-06,5.48e-06,5.45e-06,5.45e-06,5001459835.0
1780390800,5.45e-06,5.45e-06,5.41e-06,5.42e-06,8086175162.0
1780394400,5.42e-06,5.46e-06,5.41e-06,5.45e-06,5037131302.0
1780398000,5.45e-06,5.45e-06,5.42e-06,5.44e-06,4940351997.0
1780401600,5.43e-06,5.46e-06,5.43e-06,5.44e-06,5232154862.0
1780405200,5.44e-06,5.46e-06,5.42e-06,5.42e-06,3121324614.0
1780408800,5.42e-06,5.43e-06,5.28e-06,5.33e-06,101921224388.0
1780412400,5.33e-06,5.33e-06,5.23e-06,5.27e-06,32476386241.0
1780416000,5.27e-06,5.35e-06,5.25e-06,5.3e-06,11863886867.0
1780419600,5.3e-06,5.33e-06,5.28e-06,5.31e-06,10408623132.0
1780423200,5.32e-06,5.32e-06,5.23e-06,5.25e-06,7871567427.0
1780426800,5.25e-06,5.25e-06,5.15e-06,5.22e-06,27485585525.0
1780430400,5.23e-06,5.27e-06,5.2e-06,5.26e-06,21489424292.0
1780434000,5.27e-06,5.29e-06,5.23e-06,5.25e-06,12154720335.0
1780437600,5.25e-06,5.25e-06,5.11e-06,5.13e-06,16052327631.0
1780441200,5.13e-06,5.18e-06,5.09e-06,5.18e-06,25619412272.0
1780444800,5.19e-06,5.23e-06,5.17e-06,5.22e-06,7103998506.0
1780448400,5.21e-06,5.25e-06,5.2e-06,5.23e-06,8392142062.0
1780452000,5.23e-06,5.24e-06,5.2e-06,5.24e-06,12903791768.0
1780455600,5.24e-06,5.24e-06,5.12e-06,5.15e-06,19408438091.0
1780459200,5.15e-06,5.25e-06,5.15e-06,5.24e-06,12802472583.0
1780462800,5.24e-06,5.32e-06,5.24e-06,5.31e-06,12221125864.0
1780466400,5.31e-06,5.31e-06,5.28e-06,5.28e-06,8747428518.0
1780470000,5.27e-06,5.31e-06,5.26e-06,5.29e-06,3362951180.0
1780473600,5.29e-06,5.3e-06,5.28e-06,5.3e-06,9802378909.0
1780477200,5.29e-06,5.3e-06,5.27e-06,5.28e-06,18252670874.0
1780480800,5.29e-06,5.34e-06,5.28e-06,5.33e-06,5151845900.0
1780484400,5.32e-06,5.35e-06,5.31e-06,5.31e-06,5585626771.0
1780488000,5.31e-06,5.32e-06,5.28e-06,5.32e-06,5323767000.0
1780491600,5.32e-06,5.34e-06,5.3e-06,5.31e-06,13830522282.0
1780495200,5.32e-06,5.32e-06,5.26e-06,5.3e-06,14626219910.0
1780498800,5.29e-06,5.3e-06,5.25e-06,5.25e-06,9908177206.0
1780502400,5.25e-06,5.25e-06,5.18e-06,5.24e-06,13813496139.0
1780506000,5.24e-06,5.27e-06,5.2e-06,5.25e-06,7085714999.0
1780509600,5.25e-06,5.26e-06,5.21e-06,5.26e-06,3702630894.0
1780513200,5.26e-06,5.27e-06,5.19e-06,5.19e-06,4228308974.0
1780516800,5.19e-06,5.24e-06,5.13e-06,5.15e-06,14325652870.0
1780520400,5.16e-06,5.28e-06,5.16e-06,5.28e-06,4850523924.0
1780524000,5.27e-06,5.28e-06,5.21e-06,5.23e-06,10660316296.0
1780527600,5.23e-06,5.23e-06,5.18e-06,5.19e-06,8429870751.0
1780531200,5.19e-06,5.22e-06,5.11e-06,5.14e-06,16735092597.0
1780534800,5.13e-06,5.14e-06,4.98e-06,4.99e-06,62241192000.0
1780538400,5e-06,5.06e-06,4.85e-06,5.04e-06,55654448330.0
1780542000,5.04e-06,5.14e-06,5.04e-06,5.13e-06,27028611823.0
1780545600,5.13e-06,5.15e-06,5.1e-06,5.1e-06,12077206932.0
1780549200,5.1e-06,5.1e-06,5.03e-06,5.05e-06,12460606034.0
1780552800,5.05e-06,5.1e-06,5.04e-06,5.05e-06,12081674565.0
1780556400,5.05e-06,5.06e-06,4.99e-06,4.99e-06,12031796465.0
1780560000,4.99e-06,5.02e-06,4.95e-06,4.98e-06,7942222698.0
1780563600,4.98e-06,4.98e-06,4.86e-06,4.93e-06,18089715164.0
1780567200,4.93e-06,4.93e-06,4.88e-06,4.89e-06,15703815194.0
1780570800,4.89e-06,4.96e-06,4.87e-06,4.96e-06,12385263776.0
1780574400,4.96e-06,5.03e-06,4.93e-06,5.01e-06,17489701867.0
1780578000,5.01e-06,5.03e-06,4.95e-06,5.02e-06,17751020705.0
1780581600,5.02e-06,5.03e-06,5e-06,5.01e-06,17546366631.0
1780585200,5.01e-06,5.06e-06,5e-06,5.03e-06,14818195491.0
1780588800,5.03e-06,5.03e-06,4.99e-06,5.01e-06,12950075668.0
1780592400,5.01e-06,5.03e-06,4.97e-06,5e-06,23722790082.0
1780596000,5e-06,5.03e-06,4.96e-06,5.01e-06,14906701225.0
1780599600,5.01e-06,5.04e-06,4.98e-06,4.99e-06,14874173654.0
1780603200,4.99e-06,4.99e-06,4.93e-06,4.95e-06,18963941465.0
1780606800,4.94e-06,4.97e-06,4.86e-06,4.89e-06,26297886181.0
1780610400,4.88e-06,4.93e-06,4.88e-06,4.93e-06,21696696181.0
1780614000,4.93e-06,4.95e-06,4.91e-06,4.95e-06,8495805654.0
1780617600,4.94e-06,4.96e-06,4.91e-06,4.91e-06,16373918192.0
1780621200,4.91e-06,4.94e-06,4.88e-06,4.92e-06,25186010464.0
1780624800,4.92e-06,4.92e-06,4.84e-06,4.84e-06,19931194118.0
1780628400,4.84e-06,4.87e-06,4.83e-06,4.83e-06,10863106519.0
1780632000,4.83e-06,4.89e-06,4.82e-06,4.89e-06,16140040579.0
1780635600,4.9e-06,4.9e-06,4.79e-06,4.8e-06,19224490507.0
1780639200,4.8e-06,4.8e-06,4.6e-06,4.72e-06,65527390866.0
1780642800,4.71e-06,4.78e-06,4.65e-06,4.77e-06,15132626190.0
1780646400,4.77e-06,4.77e-06,4.7e-06,4.72e-06,8889513543.0
1780650000,4.72e-06,4.81e-06,4.72e-06,4.81e-06,9964924283.0
1780653600,4.81e-06,4.81e-06,4.75e-06,4.76e-06,5109925067.0
1780657200,4.77e-06,4.77e-06,4.71e-06,4.71e-06,9562941375.0
1780660800,4.7e-06,4.71e-06,4.63e-06,4.68e-06,16070459458.0
1780664400,4.68e-06,4.75e-06,4.59e-06,4.59e-06,28651066363.0
1780668000,4.59e-06,4.67e-06,4.57e-06,4.63e-06,35693575606.0
1780671600,4.63e-06,4.64e-06,4.53e-06,4.55e-06,34500945557.0
1780675200,4.56e-06,4.65e-06,4.48e-06,4.64e-06,26466410843.0
1780678800,4.65e-06,4.65e-06,4.57e-06,4.59e-06,13223912453.0
1780682400,4.59e-06,4.59e-06,4.44e-06,4.46e-06,28198968064.0
1780686000,4.45e-06,4.56e-06,4.41e-06,4.53e-06,55152170922.0
1780689600,4.54e-06,4.63e-06,4.49e-06,4.62e-06,46153310401.0
1780693200,4.62e-06,4.64e-06,4.6e-06,4.62e-06,32302348805.0
1780696800,4.62e-06,4.62e-06,4.55e-06,4.6e-06,33901382813.0
1780700400,4.61e-06,4.61e-06,4.49e-06,4.56e-06,17206730583.0
1780704000,4.57e-06,4.61e-06,4.57e-06,4.61e-06,6164372554.0
1780707600,4.61e-06,4.62e-06,4.56e-06,4.56e-06,10133062062.0
1780711200,4.55e-06,4.57e-06,4.53e-06,4.54e-06,15572555744.0
1780714800,4.54e-06,4.54e-06,4.49e-06,4.52e-06,7839605087.0
1780718400,4.52e-06,4.52e-06,4.32e-06,4.35e-06,65772280176.0
1780722000,4.33e-06,4.5e-06,4.31e-06,4.5e-06,14840731395.0
1780725600,4.5e-06,4.53e-06,4.48e-06,4.48e-06,4267242188.0
1780729200,4.47e-06,4.51e-06,4.46e-06,4.47e-06,3333429469.0
1780732800,4.48e-06,4.54e-06,4.47e-06,4.53e-06,5831472323.0
1780736400,4.54e-06,4.54e-06,4.46e-06,4.46e-06,2856106175.0
1780740000,4.46e-06,4.47e-06,4.41e-06,4.46e-06,3144169154.0
1780743600,4.46e-06,4.51e-06,4.45e-06,4.5e-06,9265571574.0
1780747200,4.51e-06,4.55e-06,4.49e-06,4.53e-06,4276702520.0
1780750800,4.54e-06,4.57e-06,4.53e-06,4.54e-06,8408883868.0
1780754400,4.55e-06,4.57e-06,4.54e-06,4.56e-06,5337669708.0
1780758000,4.55e-06,4.56e-06,4.5e-06,4.55e-06,7283694129.0
1780761600,4.55e-06,4.57e-06,4.52e-06,4.55e-06,11396725000.0
1780765200,4.55e-06,4.55e-06,4.5e-06,4.5e-06,3785901981.0
1780768800,4.5e-06,4.53e-06,4.49e-06,4.51e-06,2690439211.0
1780772400,4.51e-06,4.54e-06,4.5e-06,4.5e-06,1371242793.0
1780776000,4.5e-06,4.52e-06,4.5e-06,4.52e-06,10472502843.0
1780779600,4.53e-06,4.55e-06,4.52e-06,4.53e-06,2222764144.0
1780783200,4.53e-06,4.54e-06,4.52e-06,4.54e-06,832813531.0
1780786800,4.54e-06,4.57e-06,4.53e-06,4.56e-06,1628706927.0
1780790400,4.57e-06,4.58e-06,4.55e-06,4.57e-06,3324031422.0
1780794000,4.57e-06,4.66e-06,4.57e-06,4.64e-06,7882560777.0
1780797600,4.64e-06,4.66e-06,4.62e-06,4.64e-06,15458921150.0
1780801200,4.63e-06,4.66e-06,4.63e-06,4.65e-06,771849163.0
1780804800,4.65e-06,4.68e-06,4.63e-06,4.68e-06,14157995903.0
1780808400,4.68e-06,4.7e-06,4.67e-06,4.68e-06,1296493066.0
1780812000,4.69e-06,4.73e-06,4.67e-06,4.72e-06,6009759338.0
1780815600,4.71e-06,4.73e-06,4.71e-06,4.72e-06,4769568930.0
1780819200,4.72e-06,4.78e-06,4.7e-06,4.77e-06,1579073652.0
1780822800,4.78e-06,4.79e-06,4.73e-06,4.73e-06,3395229325.0
1780826400,4.73e-06,4.73e-06,4.7e-06,4.7e-06,2302002837.0
1780830000,4.7e-06,4.72e-06,4.7e-06,4.72e-06,1605118053.0
1780833600,4.72e-06,4.72e-06,4.63e-06,4.66e-06,11042987780.0
1780837200,4.65e-06,4.66e-06,4.65e-06,4.66e-06,2768021529.0
1780840800,4.66e-06,4.71e-06,4.66e-06,4.69e-06,2171412876.0
1780844400,4.69e-06,4.71e-06,4.68e-06,4.69e-06,5602121745.0
1780848000,4.69e-06,4.71e-06,4.68e-06,4.7e-06,2837727520.0
1780851600,4.69e-06,4.73e-06,4.69e-06,4.71e-06,1963299569.0
1780855200,4.72e-06,4.72e-06,4.67e-06,4.67e-06,1510652148.0
1780858800,4.67e-06,4.67e-06,4.58e-06,4.6e-06,14133791530.0
1780862400,4.59e-06,4.64e-06,4.59e-06,4.64e-06,1933862246.0
1780866000,4.63e-06,4.64e-06,4.61e-06,4.64e-06,30352720433.0
1780869600,4.63e-06,4.83e-06,4.63e-06,4.7e-06,63878085046.0
1780873200,4.71e-06,4.73e-06,4.7e-06,4.72e-06,17157668424.0
1780876800,4.72e-06,4.76e-06,4.69e-06,4.74e-06,32446200887.0
1780880400,4.74e-06,4.74e-06,4.65e-06,4.71e-06,17942130248.0
1780884000,4.71e-06,4.72e-06,4.68e-06,4.7e-06,20023805365.0
1780887600,4.7e-06,4.72e-06,4.69e-06,4.7e-06,8723084691.0
1780891200,4.71e-06,4.71e-06,4.66e-06,4.67e-06,4364608628.0
1780894800,4.67e-06,4.68e-06,4.65e-06,4.68e-06,5307162505.0
1780898400,4.68e-06,4.7e-06,4.68e-06,4.69e-06,2223462095.0
1780902000,4.69e-06,4.73e-06,4.68e-06,4.72e-06,6879278510.0
1780905600,4.72e-06,4.73e-06,4.69e-06,4.7e-06,4163795499.0
1780909200,4.7e-06,4.73e-06,4.69e-06,4.73e-06,2877714613.0
1780912800,4.73e-06,4.73e-06,4.71e-06,4.71e-06,7851531058.0
1780916400,4.72e-06,4.79e-06,4.71e-06,4.77e-06,3780146555.0
1780920000,4.77e-06,4.78e-06,4.73e-06,4.78e-06,9094013771.0
1780923600,4.78e-06,4.78e-06,4.74e-06,4.75e-06,8664435140.0
1780927200,4.76e-06,4.77e-06,4.75e-06,4.77e-06,4002597410.0
1780930800,4.77e-06,4.81e-06,4.75e-06,4.75e-06,19255674773.0
1780934400,4.76e-06,4.79e-06,4.75e-06,4.75e-06,4145934287.0
1780938000,4.75e-06,4.77e-06,4.73e-06,4.77e-06,5196201119.0
1780941600,4.78e-06,4.8e-06,4.76e-06,4.76e-06,4129527749.0
1780945200,4.77e-06,4.79e-06,4.76e-06,4.77e-06,1098627936.0
1780948800,4.76e-06,4.77e-06,4.74e-06,4.77e-06,2576859694.0
1780952400,4.77e-06,4.8e-06,4.76e-06,4.77e-06,19072025362.0
1780956000,4.77e-06,4.77e-06,4.73e-06,4.75e-06,90216664882.0
1780959600,4.74e-06,4.76e-06,4.71e-06,4.72e-06,12310171928.0
1780963200,4.71e-06,4.72e-06,4.64e-06,4.65e-06,20543659900.0
1780966800,4.66e-06,4.69e-06,4.65e-06,4.68e-06,10025588416.0
1780970400,4.68e-06,4.68e-06,4.65e-06,4.67e-06,7283528603.0
1780974000,4.67e-06,4.68e-06,4.65e-06,4.67e-06,35568466973.0
1780977600,4.67e-06,4.73e-06,4.66e-06,4.71e-06,14886300788.0
1780981200,4.71e-06,4.75e-06,4.71e-06,4.73e-06,4529467871.0
1780984800,4.73e-06,4.74e-06,4.73e-06,4.73e-06,1788395940.0
1780988400,4.73e-06,4.74e-06,4.7e-06,4.73e-06,2629614889.0
1780992000,4.72e-06,4.73e-06,4.7e-06,4.71e-06,8243635112.0
1780995600,4.71e-06,4.71e-06,4.68e-06,4.68e-06,5296560425.0
1780999200,4.69e-06,4.7e-06,4.68e-06,4.68e-06,5847999792.0
1781002800,4.69e-06,4.69e-06,4.67e-06,4.69e-06,2724327556.0
1781006400,4.69e-06,4.71e-06,4.69e-06,4.71e-06,3151192922.0
1781010000,4.71e-06,4.72e-06,4.68e-06,4.69e-06,6628359449.0
1781013600,4.7e-06,4.7e-06,4.61e-06,4.65e-06,22107339279.0
1781017200,4.65e-06,4.67e-06,4.61e-06,4.62e-06,19728216883.0
1781020800,4.62e-06,4.63e-06,4.57e-06,4.61e-06,35828860958.0
1781024400,4.62e-06,4.68e-06,4.61e-06,4.65e-06,6851650481.0
1781028000,4.65e-06,4.67e-06,4.64e-06,4.67e-06,3620869856.0
1781031600,4.67e-06,4.69e-06,4.66e-06,4.69e-06,1815234998.0
1781035200,4.69e-06,4.7e-06,4.68e-06,4.7e-06,3847703873.0
1781038800,4.69e-06,4.7e-06,4.65e-06,4.66e-06,3710661263.0
1781042400,4.65e-06,4.67e-06,4.65e-06,4.65e-06,6844545981.0
1781046000,4.65e-06,4.67e-06,4.65e-06,4.67e-06,4519439391.0
1781049600,4.68e-06,4.69e-06,4.65e-06,4.69e-06,3941890834.0
1781053200,4.69e-06,4.7e-06,4.67e-06,4.68e-06,6724629535.0
1781056800,4.68e-06,4.69e-06,4.63e-06,4.64e-06,5334255656.0
1781060400,4.65e-06,4.66e-06,4.64e-06,4.66e-06,1484518646.0
1781064000,4.66e-06,4.67e-06,4.63e-06,4.63e-06,1043900064.0
1781067600,4.64e-06,4.65e-06,4.62e-06,4.63e-06,4262298170.0
1781071200,4.64e-06,4.65e-06,4.62e-06,4.65e-06,4752432376.0
1781074800,4.64e-06,4.68e-06,4.64e-06,4.66e-06,9483169329.0
1781078400,4.65e-06,4.66e-06,4.63e-06,4.63e-06,3541762635.0
1781082000,4.64e-06,4.65e-06,4.61e-06,4.63e-06,4866203981.0
1781085600,4.64e-06,4.66e-06,4.62e-06,4.66e-06,5919760520.0
1781089200,4.65e-06,4.66e-06,4.6e-06,4.63e-06,10258440264.0
1781092800,4.62e-06,4.7e-06,4.62e-06,4.67e-06,6972640966.0
1781096400,4.67e-06,4.77e-06,4.67e-06,4.74e-06,37778120524.0
1781100000,4.74e-06,4.76e-06,4.71e-06,4.73e-06,13121317745.0
1781103600,4.74e-06,4.75e-06,4.7e-06,4.74e-06,26692724723.0
1781107200,4.73e-06,4.76e-06,4.69e-06,4.71e-06,11491857308.0
1781110800,4.71e-06,4.72e-06,4.66e-06,4.68e-06,3181280576.0
1781114400,4.69e-06,4.69e-06,4.66e-06,4.68e-06,1421320530.0
1781118000,4.68e-06,4.68e-06,4.64e-06,4.64e-06,15778252875.0
1781121600,4.64e-06,4.64e-06,4.6e-06,4.62e-06,6534248069.0
1781125200,4.61e-06,4.61e-06,4.55e-06,4.57e-06,6461162778.0
1781128800,4.56e-06,4.61e-06,4.56e-06,4.59e-06,12472284652.0
1781132400,4.59e-06,4.63e-06,4.58e-06,4.62e-06,15099270077.0
1781136000,4.62e-06,4.65e-06,4.62e-06,4.64e-06,10354103463.0
1781139600,4.64e-06,4.69e-06,4.64e-06,4.68e-06,12051446138.0
1781143200,4.68e-06,4.69e-06,4.65e-06,4.67e-06,6090946557.0
1781146800,4.66e-06,4.72e-06,4.65e-06,4.71e-06,9940992751.0
1781150400,4.71e-06,4.73e-06,4.69e-06,4.72e-06,17789566236.0
1781154000,4.71e-06,4.72e-06,4.69e-06,4.7e-06,15317566842.0
1781157600,4.7e-06,4.73e-06,4.69e-06,4.69e-06,8944278033.0
1781161200,4.7e-06,4.71e-06,4.69e-06,4.7e-06,19704571253.0
1781164800,4.7e-06,4.75e-06,4.7e-06,4.73e-06,18996462028.0
1781168400,4.73e-06,4.74e-06,4.71e-06,4.72e-06,7285796035.0
1781172000,4.73e-06,4.73e-06,4.71e-06,4.72e-06,15282824097.0
1781175600,4.72e-06,4.76e-06,4.72e-06,4.74e-06,10779969606.0
1781179200,4.74e-06,4.75e-06,4.69e-06,4.73e-06,15441648633.0
1781182800,4.73e-06,4.78e-06,4.73e-06,4.76e-06,21811630359.0
1781186400,4.76e-06,4.77e-06,4.74e-06,4.75e-06,10597163262.0
1781190000,4.75e-06,4.76e-06,4.73e-06,4.75e-06,2946657949.0
1781193600,4.75e-06,4.78e-06,4.75e-06,4.76e-06,3794682395.0
1781197200,4.77e-06,4.88e-06,4.74e-06,4.87e-06,22830662845.0
1781200800,4.87e-06,4.88e-06,4.83e-06,4.83e-06,3211756373.0
1781204400,4.83e-06,4.85e-06,4.82e-06,4.83e-06,7484681911.0
1781208000,4.83e-06,4.84e-06,4.81e-06,4.83e-06,1266376402.0
1781211600,4.83e-06,4.84e-06,4.82e-06,4.83e-06,1155031023.0
1781215200,4.83e-06,4.84e-06,4.81e-06,4.81e-06,5344207582.0
1781218800,4.81e-06,4.82e-06,4.8e-06,4.81e-06,13494711107.0
1781222400,4.81e-06,4.84e-06,4.81e-06,4.83e-06,16745592338.0
1781226000,4.83e-06,4.83e-06,4.8e-06,4.83e-06,8673885463.0
1781229600,4.84e-06,4.85e-06,4.82e-06,4.84e-06,11842195950.0
1781233200,4.84e-06,4.85e-06,4.83e-06,4.85e-06,12970215284.0
1781236800,4.85e-06,4.86e-06,4.83e-06,4.85e-06,8403111379.0
1781240400,4.84e-06,4.84e-06,4.81e-06,4.81e-06,12822549919.0
1781244000,4.8e-06,4.81e-06,4.78e-06,4.79e-06,13978766483.0
1781247600,4.79e-06,4.81e-06,4.79e-06,4.81e-06,2756385855.0
1781251200,4.82e-06,4.85e-06,4.82e-06,4.85e-06,7721046424.0
1781254800,4.84e-06,4.89e-06,4.84e-06,4.87e-06,7591857826.0
1781258400,4.87e-06,4.88e-06,4.85e-06,4.87e-06,3526326241.0
1781262000,4.87e-06,4.87e-06,4.85e-06,4.85e-06,4146410661.0
1781265600,4.86e-06,4.88e-06,4.85e-06,4.85e-06,7068636630.0
1781269200,4.85e-06,4.85e-06,4.8e-06,4.82e-06,14945089099.0
1781272800,4.82e-06,4.93e-06,4.82e-06,4.93e-06,42355643535.0
1781276400,4.93e-06,4.94e-06,4.83e-06,4.84e-06,21282624872.0
1781280000,4.84e-06,4.88e-06,4.83e-06,4.87e-06,8415823966.0
1781283600,4.87e-06,4.88e-06,4.84e-06,4.84e-06,9719255446.0
1781287200,4.85e-06,4.86e-06,4.83e-06,4.85e-06,5299117841.0
1781290800,4.85e-06,4.87e-06,4.85e-06,4.86e-06,10851752193.0
1781294400,4.86e-06,4.86e-06,4.84e-06,4.85e-06,5559089041.0
1781298000,4.84e-06,4.87e-06,4.84e-06,4.84e-06,850148411.0
1781301600,4.84e-06,4.85e-06,4.83e-06,4.84e-06,3552298531.0
1781305200,4.83e-06,4.85e-06,4.82e-06,4.84e-06,6651388461.0
1781308800,4.84e-06,4.86e-06,4.84e-06,4.86e-06,1906165286.0
1781312400,4.85e-06,4.88e-06,4.85e-06,4.88e-06,5230480649.0
1781316000,4.88e-06,4.88e-06,4.86e-06,4.86e-06,1823933730.0
1781319600,4.87e-06,4.88e-06,4.86e-06,4.87e-06,3588945360.0
1781323200,4.87e-06,4.9e-06,4.86e-06,4.88e-06,4551099322.0
1781326800,4.88e-06,4.89e-06,4.87e-06,4.89e-06,4227927256.0
1781330400,4.9e-06,4.93e-06,4.89e-06,4.93e-06,12390828347.0
1781334000,4.92e-06,4.94e-06,4.92e-06,4.94e-06,7845899227.0
1781337600,4.94e-06,4.96e-06,4.93e-06,4.96e-06,25286038997.0
1781341200,4.96e-06,5.01e-06,4.95e-06,4.99e-06,61475572872.0
1781344800,5e-06,5.02e-06,4.98e-06,4.98e-06,13409874900.0
1781348400,4.97e-06,5.08e-06,4.96e-06,5.08e-06,21081197472.0
1781352000,5.08e-06,5.09e-06,5e-06,5.01e-06,14244208236.0
1781355600,5.01e-06,5.01e-06,4.98e-06,4.99e-06,39090419422.0
1781359200,4.99e-06,5e-06,4.95e-06,4.98e-06,33630796581.0
1781362800,4.98e-06,5e-06,4.98e-06,4.98e-06,25133656319.0
1781366400,4.98e-06,5e-06,4.96e-06,5e-06,28299517874.0
1781370000,5e-06,5.01e-06,4.97e-06,4.98e-06,13610633655.0
1781373600,4.98e-06,5e-06,4.97e-06,4.97e-06,15300230305.0
1781377200,4.97e-06,5.01e-06,4.96e-06,4.98e-06,6398497170.0
1781380800,4.98e-06,5e-06,4.98e-06,5e-06,2965981636.0
1781384400,5e-06,5.04e-06,4.99e-06,5.02e-06,11508138696.0
1781388000,5.02e-06,5.03e-06,4.99e-06,5e-06,17021459459.0
1781391600,5e-06,5.02e-06,5e-06,5.01e-06,6591317147.0
1781395200,5.01e-06,5.02e-06,5e-06,5.01e-06,4993838799.0
1781398800,5.01e-06,5.03e-06,5.01e-06,5.03e-06,3350292383.0
1781402400,5.03e-06,5.03e-06,5.01e-06,5.01e-06,1167999628.0
1781406000,5.01e-06,5.02e-06,5e-06,5.02e-06,1932286560.0
1781409600,5.02e-06,5.02e-06,5e-06,5e-06,13334701642.0
1781413200,5e-06,5.02e-06,4.98e-06,5.02e-06,12015984216.0
1781416800,5.02e-06,5.02e-06,5e-06,5e-06,14851936732.0
1781420400,5e-06,5.02e-06,4.99e-06,5e-06,5816787745.0
1781424000,5e-06,5.02e-06,4.99e-06,5e-06,21385251942.0
1781427600,5e-06,5.01e-06,4.99e-06,5e-06,29848383450.0
1781431200,5e-06,5e-06,4.96e-06,4.96e-06,5707589197.0
1781434800,4.97e-06,4.98e-06,4.96e-06,4.96e-06,1582605561.0
1781438400,4.96e-06,4.96e-06,4.9e-06,4.92e-06,2761647413.0
1781442000,4.92e-06,4.92e-06,4.91e-06,4.92e-06,1973534603.0
1781445600,4.91e-06,4.92e-06,4.87e-06,4.89e-06,38430824831.0
1781449200,4.88e-06,4.89e-06,4.88e-06,4.88e-06,3438918106.0
1781452800,4.89e-06,4.91e-06,4.88e-06,4.89e-06,4837640345.0
1781456400,4.89e-06,4.9e-06,4.88e-06,4.88e-06,3870221921.0
1781460000,4.88e-06,4.89e-06,4.87e-06,4.87e-06,4051587123.0
1781463600,4.88e-06,4.89e-06,4.87e-06,4.88e-06,761278401.0
1781467200,4.88e-06,4.93e-06,4.88e-06,4.91e-06,3370546303.0
1781470800,4.92e-06,5.03e-06,4.91e-06,5e-06,38474759877.0
1781474400,5e-06,5.02e-06,4.98e-06,5e-06,45541241013.0
1781478000,5e-06,5.05e-06,4.99e-06,5.05e-06,38905473541.0
1781481600,5.04e-06,5.05e-06,5e-06,5.01e-06,55949649195.0
1781485200,5.01e-06,5.02e-06,4.99e-06,5e-06,24644143389.0
1781488800,5e-06,5.04e-06,5e-06,5e-06,35399037983.0
1781492400,5e-06,5.03e-06,5e-06,5.02e-06,32640982331.0
1781496000,5.02e-06,5.03e-06,5e-06,5.02e-06,9173910416.0
1781499600,5.01e-06,5.03e-06,5e-06,5.02e-06,26255521980.0
1781503200,5.03e-06,5.08e-06,5.01e-06,5.02e-06,24253027361.0
1781506800,5.02e-06,5.09e-06,5e-06,5e-06,30964288258.0
1781510400,5e-06,5.01e-06,4.99e-06,4.99e-06,3809106037.0
1781514000,4.99e-06,5.02e-06,4.98e-06,5.01e-06,5889137720.0
1781517600,5e-06,5.04e-06,5e-06,5.03e-06,29003516482.0
1781521200,5.02e-06,5.07e-06,5.02e-06,5.07e-06,27473533940.0
1781524800,5.07e-06,5.1e-06,5.06e-06,5.08e-06,36493159062.0
1781528400,5.09e-06,5.14e-06,5.08e-06,5.12e-06,45946797423.0
1781532000,5.12e-06,5.13e-06,5.09e-06,5.13e-06,18512349064.0
1781535600,5.13e-06,5.18e-06,5.11e-06,5.18e-06,9641870233.0
1781539200,5.17e-06,5.19e-06,5.15e-06,5.15e-06,9936786604.0
1781542800,5.15e-06,5.15e-06,5.1e-06,5.13e-06,8212646085.0
1781546400,5.13e-06,5.14e-06,5.1e-06,5.1e-06,5197568240.0
1781550000,5.11e-06,5.14e-06,5.04e-06,5.06e-06,10820826636.0
1781553600,5.06e-06,5.08e-06,5.05e-06,5.05e-06,3531197750.0
1781557200,5.06e-06,5.07e-06,5.04e-06,5.05e-06,68691767224.0
1781560800,5.06e-06,5.07e-06,5.01e-06,5.03e-06,8342527869.0
1781564400,5.03e-06,5.06e-06,5.02e-06,5.05e-06,5841898159.0
1781568000,5.06e-06,5.06e-06,5.03e-06,5.04e-06,5068563290.0
1781571600,5.03e-06,5.05e-06,5.02e-06,5.02e-06,4734868098.0
1781575200,5.02e-06,5.02e-06,4.97e-06,4.98e-06,10977198514.0
1781578800,4.98e-06,5.03e-06,4.98e-06,5.03e-06,3369849582.0
1781582400,5.03e-06,5.03e-06,4.98e-06,4.99e-06,1694963552.0
1781586000,4.99e-06,5.01e-06,4.99e-06,5e-06,2657014571.0
1781589600,5.01e-06,5.03e-06,5e-06,5.02e-06,1117536323.0
1781593200,5.03e-06,5.04e-06,5.01e-06,5.03e-06,2730778351.0
1781596800,5.03e-06,5.09e-06,5.03e-06,5.07e-06,7886279053.0
1781600400,5.07e-06,5.07e-06,5.03e-06,5.04e-06,5519593157.0
1781604000,5.04e-06,5.05e-06,5.03e-06,5.03e-06,1274412123.0
1781607600,5.03e-06,5.03e-06,4.99e-06,5.01e-06,1019869529.0
1781611200,5e-06,5.04e-06,5e-06,5.02e-06,1499792567.0
1781614800,5.02e-06,5.02e-06,4.97e-06,4.98e-06,7523203455.0
1781618400,4.98e-06,4.99e-06,4.91e-06,4.96e-06,6719109911.0
1781622000,4.95e-06,4.98e-06,4.95e-06,4.98e-06,2046717398.0
1781625600,4.97e-06,4.98e-06,4.95e-06,4.95e-06,978985318.0
1781629200,4.96e-06,4.98e-06,4.95e-06,4.97e-06,1192694333.0
1781632800,4.98e-06,5e-06,4.97e-06,4.99e-06,9036921165.0
1781636400,4.98e-06,4.98e-06,4.97e-06,4.97e-06,2257563275.0
1781640000,4.97e-06,5e-06,4.97e-06,4.99e-06,2130279112.0
1781643600,4.99e-06,5e-06,4.98e-06,5e-06,53525894443.0
1781647200,4.99e-06,4.99e-06,4.97e-06,4.98e-06,9438545964.0
1781650800,4.98e-06,4.99e-06,4.97e-06,4.98e-06,1751162535.0
1781654400,4.98e-06,4.99e-06,4.97e-06,4.99e-06,1959759971.0
1781658000,4.98e-06,4.99e-06,4.95e-06,4.99e-06,4008610209.0
1781661600,4.99e-06,5.03e-06,4.98e-06,5.01e-06,3519623264.0
1781665200,5.01e-06,5.01e-06,4.99e-06,5e-06,1741616230.0
1781668800,5e-06,5.01e-06,4.99e-06,5e-06,3648663274.0
1781672400,5e-06,5e-06,4.98e-06,4.99e-06,2094900909.0
1781676000,4.99e-06,5e-06,4.97e-06,4.98e-06,1299689529.0
1781679600,4.98e-06,5e-06,4.95e-06,4.97e-06,7266320746.0
1781683200,4.97e-06,4.97e-06,4.92e-06,4.93e-06,3829109259.0
1781686800,4.93e-06,4.95e-06,4.93e-06,4.94e-06,3251393732.0
1781690400,4.94e-06,4.95e-06,4.93e-06,4.94e-06,3522957766.0
1781694000,4.94e-06,4.95e-06,4.92e-06,4.94e-06,2950295241.0
1781697600,4.94e-06,4.97e-06,4.93e-06,4.97e-06,5965468285.0
1781701200,4.96e-06,4.98e-06,4.95e-06,4.95e-06,7090626191.0
1781704800,4.96e-06,4.97e-06,4.93e-06,4.96e-06,7183123509.0
1781708400,4.96e-06,5.01e-06,4.94e-06,5.01e-06,17009284401.0
1781712000,5.01e-06,5.05e-06,5e-06,5e-06,3031775628.0
1781715600,5e-06,5.01e-06,4.98e-06,5.01e-06,2674766666.0
1781719200,5.01e-06,5.03e-06,4.92e-06,5e-06,17621639341.0
1781722800,5e-06,5e-06,4.87e-06,4.9e-06,31614601192.0
1781726400,4.9e-06,4.95e-06,4.88e-06,4.95e-06,6763916049.0
1781730000,4.95e-06,4.95e-06,4.9e-06,4.93e-06,27808553363.0
1781733600,4.92e-06,4.95e-06,4.87e-06,4.93e-06,3862476333.0
1781737200,4.93e-06,4.96e-06,4.93e-06,4.95e-06,3011062335.0
1781740800,4.95e-06,4.98e-06,4.94e-06,4.94e-06,6204414081.0
1781744400,4.94e-06,4.96e-06,4.93e-06,4.94e-06,5104839699.0
1781748000,4.94e-06,4.95e-06,4.93e-06,4.94e-06,5543215195.0
1781751600,4.93e-06,4.94e-06,4.89e-06,4.9e-06,987134546.0
1781755200,4.9e-06,4.9e-06,4.86e-06,4.87e-06,9801179250.0
1781758800,4.87e-06,4.88e-06,4.85e-06,4.87e-06,22617205665.0
1781762400,4.87e-06,4.89e-06,4.86e-06,4.87e-06,19301967359.0
1781766000,4.87e-06,4.9e-06,4.86e-06,4.88e-06,10248405537.0
1781769600,4.88e-06,4.9e-06,4.87e-06,4.88e-06,8946819235.0
1781773200,4.88e-06,4.9e-06,4.87e-06,4.87e-06,4887273585.0
1781776800,4.86e-06,4.87e-06,4.85e-06,4.86e-06,10757725351.0
1781780400,4.86e-06,4.86e-06,4.83e-06,4.83e-06,10389971564.0
1781784000,4.83e-06,4.86e-06,4.83e-06,4.85e-06,8661056588.0
1781787600,4.85e-06,4.85e-06,4.76e-06,4.77e-06,11957655038.0
1781791200,4.77e-06,4.8e-06,4.75e-06,4.78e-06,23268659057.0
1781794800,4.78e-06,4.78e-06,4.64e-06,4.65e-06,33898355330.0
1781798400,4.64e-06,4.69e-06,4.64e-06,4.69e-06,12443105386.0
1781802000,4.68e-06,4.68e-06,4.63e-06,4.66e-06,25733767357.0
1781805600,4.66e-06,4.69e-06,4.65e-06,4.68e-06,10708836252.0
1781809200,4.68e-06,4.72e-06,4.67e-06,4.71e-06,20046370946.0
1781812800,4.72e-06,4.74e-06,4.72e-06,4.74e-06,11566066309.0
1781816400,4.74e-06,4.76e-06,4.73e-06,4.73e-06,35667027365.0
1781820000,4.74e-06,4.76e-06,4.73e-06,4.75e-06,8081895534.0
1781823600,4.75e-06,4.77e-06,4.74e-06,4.76e-06,10078532364.0
1781827200,4.76e-06,4.77e-06,4.75e-06,4.77e-06,2954154567.0
1781830800,4.77e-06,4.79e-06,4.77e-06,4.79e-06,6261458375.0
1781834400,4.79e-06,4.79e-06,4.77e-06,4.79e-06,11260963132.0
1781838000,4.78e-06,4.78e-06,4.73e-06,4.74e-06,6816754950.0
1781841600,4.73e-06,4.74e-06,4.68e-06,4.7e-06,3494027471.0
1781845200,4.7e-06,4.73e-06,4.7e-06,4.73e-06,1209240913.0
1781848800,4.73e-06,4.73e-06,4.71e-06,4.72e-06,2634757195.0
1781852400,4.72e-06,4.72e-06,4.69e-06,4.7e-06,6630811338.0
1781856000,4.71e-06,4.72e-06,4.7e-06,4.7e-06,2651183784.0
1781859600,4.71e-06,4.71e-06,4.69e-06,4.7e-06,3748031968.0
1781863200,4.71e-06,4.73e-06,4.7e-06,4.72e-06,2135242331.0
1781866800,4.72e-06,4.72e-06,4.7e-06,4.72e-06,5244404126.0
1781870400,4.72e-06,4.73e-06,4.69e-06,4.73e-06,8146296714.0
1781874000,4.73e-06,4.77e-06,4.72e-06,4.76e-06,6335787848.0
1781877600,4.76e-06,4.77e-06,4.75e-06,4.75e-06,1520395393.0
1781881200,4.75e-06,4.78e-06,4.75e-06,4.77e-06,1104361380.0
1781884800,4.77e-06,4.78e-06,4.74e-06,4.75e-06,2290793126.0
1781888400,4.74e-06,4.78e-06,4.74e-06,4.77e-06,1869983673.0
1781892000,4.78e-06,4.78e-06,4.75e-06,4.75e-06,1560531551.0
1781895600,4.75e-06,4.76e-06,4.73e-06,4.74e-06,10939228480.0
1781899200,4.75e-06,4.76e-06,4.73e-06,4.76e-06,1214728493.0
1781902800,4.76e-06,4.76e-06,4.73e-06,4.73e-06,527520813.0
1781906400,4.73e-06,4.75e-06,4.72e-06,4.74e-06,3022311551.0
1781910000,4.74e-06,4.76e-06,4.73e-06,4.75e-06,8711266930.0
1781913600,4.75e-06,4.77e-06,4.73e-06,4.73e-06,69238522429.0
1781917200,4.74e-06,4.75e-06,4.71e-06,4.73e-06,191303319369.0
1781920800,4.73e-06,4.75e-06,4.7e-06,4.7e-06,39171452593.0
1781924400,4.71e-06,4.71e-06,4.69e-06,4.7e-06,40246928237.0
1781928000,4.7e-06,4.73e-06,4.69e-06,4.71e-06,49602555025.0
1781931600,4.72e-06,4.76e-06,4.7e-06,4.73e-06,79021720197.0
1781935200,4.73e-06,4.74e-06,4.72e-06,4.72e-06,9593040488.0
1781938800,4.72e-06,4.73e-06,4.71e-06,4.71e-06,1251356289.0
1781942400,4.71e-06,4.72e-06,4.7e-06,4.72e-06,11481712347.0
1781946000,4.72e-06,4.74e-06,4.72e-06,4.74e-06,14340097275.0
1781949600,4.73e-06,4.74e-06,4.71e-06,4.72e-06,1558092219.0
1781953200,4.71e-06,4.72e-06,4.7e-06,4.7e-06,2215057624.0
1781956800,4.71e-06,4.71e-06,4.69e-06,4.71e-06,966348397.0
1781960400,4.7e-06,4.71e-06,4.67e-06,4.69e-06,5624179198.0
1781964000,4.68e-06,4.72e-06,4.66e-06,4.69e-06,8220343601.0
1781967600,4.7e-06,4.73e-06,4.69e-06,4.71e-06,10204788149.0
1781971200,4.72e-06,4.72e-06,4.7e-06,4.71e-06,2823554421.0
1781974800,4.7e-06,4.71e-06,4.68e-06,4.7e-06,1440580768.0
1781978400,4.69e-06,4.71e-06,4.69e-06,4.69e-06,4175962788.0
1781982000,4.7e-06,4.71e-06,4.69e-06,4.7e-06,2320617851.0
1781985600,4.7e-06,4.72e-06,4.7e-06,4.71e-06,1612719797.0
1781989200,4.71e-06,4.73e-06,4.7e-06,4.73e-06,7469650522.0
1781992800,4.73e-06,4.75e-06,4.72e-06,4.74e-06,5930118907.0
1781996400,4.74e-06,4.74e-06,4.73e-06,4.74e-06,8823357033.0
1782000000,4.74e-06,4.74e-06,4.72e-06,4.73e-06,4579139400.0
1782003600,4.73e-06,4.74e-06,4.72e-06,4.72e-06,1275206082.0
1782007200,4.72e-06,4.73e-06,4.71e-06,4.71e-06,869097249.0
1782010800,4.72e-06,4.73e-06,4.71e-06,4.72e-06,1397276278.0
1782014400,4.72e-06,4.73e-06,4.7e-06,4.7e-06,2517420922.0
1782018000,4.7e-06,4.71e-06,4.68e-06,4.68e-06,1330670786.0
1782021600,4.69e-06,4.7e-06,4.69e-06,4.7e-06,1181331494.0
1782025200,4.7e-06,4.71e-06,4.69e-06,4.69e-06,769843116.0
1782028800,4.69e-06,4.69e-06,4.67e-06,4.67e-06,9585288842.0
1782032400,4.67e-06,4.69e-06,4.66e-06,4.69e-06,1319945993.0
1782036000,4.7e-06,4.71e-06,4.68e-06,4.69e-06,1498612466.0
1782039600,4.68e-06,4.69e-06,4.66e-06,4.68e-06,2975735921.0
1782043200,4.68e-06,4.69e-06,4.66e-06,4.69e-06,1599603805.0
1782046800,4.69e-06,4.7e-06,4.68e-06,4.7e-06,559866757.0
1782050400,4.7e-06,4.7e-06,4.69e-06,4.7e-06,998792117.0
1782054000,4.7e-06,4.7e-06,4.69e-06,4.69e-06,2618669445.0
1782057600,4.7e-06,4.71e-06,4.68e-06,4.69e-06,2215282967.0
1782061200,4.69e-06,4.7e-06,4.68e-06,4.68e-06,1948416565.0
1782064800,4.67e-06,4.7e-06,4.67e-06,4.69e-06,4971895983.0
1782068400,4.69e-06,4.7e-06,4.68e-06,4.68e-06,2867485282.0
1782072000,4.69e-06,4.69e-06,4.67e-06,4.68e-06,746350099.0
1782075600,4.67e-06,4.68e-06,4.64e-06,4.66e-06,5832320484.0
1782079200,4.66e-06,4.67e-06,4.65e-06,4.65e-06,9594773860.0
1782082800,4.65e-06,4.66e-06,4.63e-06,4.65e-06,10873950934.0
1782086400,4.65e-06,4.68e-06,4.65e-06,4.68e-06,6858356735.0
1782090000,4.68e-06,4.72e-06,4.67e-06,4.71e-06,15962044644.0
1782093600,4.71e-06,4.71e-06,4.67e-06,4.67e-06,4052201440.0
1782097200,4.67e-06,4.69e-06,4.65e-06,4.65e-06,12179393797.0
1782100800,4.65e-06,4.68e-06,4.65e-06,4.68e-06,6015226965.0
1782104400,4.67e-06,4.68e-06,4.66e-06,4.67e-06,3278055574.0
1782108000,4.68e-06,4.68e-06,4.65e-06,4.66e-06,4766792997.0
1782111600,4.66e-06,4.68e-06,4.66e-06,4.67e-06,5464623702.0
1782115200,4.67e-06,4.68e-06,4.66e-06,4.67e-06,4386308796.0
1782118800,4.66e-06,4.67e-06,4.66e-06,4.67e-06,7246670378.0
1782122400,4.67e-06,4.68e-06,4.66e-06,4.68e-06,3147824685.0
1782126000,4.68e-06,4.73e-06,4.67e-06,4.72e-06,8068397641.0
1782129600,4.72e-06,4.75e-06,4.71e-06,4.74e-06,6131296556.0
1782133200,4.74e-06,4.76e-06,4.73e-06,4.76e-06,13571575717.0
1782136800,4.76e-06,4.76e-06,4.7e-06,4.73e-06,14478078808.0
1782140400,4.73e-06,4.74e-06,4.68e-06,4.69e-06,16344513562.0
1782144000,4.69e-06,4.69e-06,4.66e-06,4.67e-06,20599104381.0
1782147600,4.67e-06,4.69e-06,4.66e-06,4.68e-06,9411449890.0
1782151200,4.69e-06,4.7e-06,4.67e-06,4.68e-06,3893299487.0
1782154800,4.67e-06,4.68e-06,4.66e-06,4.67e-06,6018429835.0
1782158400,4.66e-06,4.68e-06,4.66e-06,4.67e-06,2101882763.0
1782162000,4.66e-06,4.68e-06,4.65e-06,4.66e-06,36992080444.0
1782165600,4.66e-06,4.66e-06,4.61e-06,4.62e-06,9761942284.0
1782169200,4.62e-06,4.64e-06,4.61e-06,4.63e-06,9729041226.0
1782172800,4.64e-06,4.65e-06,4.63e-06,4.65e-06,3556611612.0
1782176400,4.65e-06,4.67e-06,4.62e-06,4.65e-06,6613884876.0
1782180000,4.64e-06,4.65e-06,4.63e-06,4.64e-06,8411804658.0
1782183600,4.64e-06,4.65e-06,4.63e-06,4.65e-06,4054746234.0
1782187200,4.65e-06,4.65e-06,4.62e-06,4.63e-06,4899803670.0
1782190800,4.63e-06,4.64e-06,4.61e-06,4.62e-06,13182498083.0
1782194400,4.62e-06,4.62e-06,4.51e-06,4.55e-06,27274575752.0
1782198000,4.55e-06,4.57e-06,4.54e-06,4.55e-06,6955691655.0
1782201600,4.54e-06,4.55e-06,4.47e-06,4.5e-06,14656100429.0
1782205200,4.5e-06,4.52e-06,4.5e-06,4.52e-06,6546638057.0
1782208800,4.52e-06,4.53e-06,4.5e-06,4.5e-06,3207336107.0
1782212400,4.49e-06,4.53e-06,4.49e-06,4.52e-06,3409917418.0
1782216000,4.52e-06,4.64e-06,4.52e-06,4.56e-06,22255868288.0
1782219600,4.55e-06,4.6e-06,4.55e-06,4.6e-06,3478925120.0
1782223200,4.6e-06,4.61e-06,4.55e-06,4.55e-06,3662180622.0
1782226800,4.55e-06,4.55e-06,4.52e-06,4.54e-06,687002069.0
1782230400,4.54e-06,4.57e-06,4.54e-06,4.55e-06,5506676836.0
1782234000,4.55e-06,4.56e-06,4.53e-06,4.53e-06,1347941071.0
1782237600,4.53e-06,4.54e-06,4.52e-06,4.53e-06,1676385978.0
1782241200,4.53e-06,4.54e-06,4.52e-06,4.54e-06,1921193813.0
1782244800,4.54e-06,4.56e-06,4.54e-06,4.55e-06,1629494382.0
1782248400,4.55e-06,4.56e-06,4.54e-06,4.55e-06,15092247802.0
1782252000,4.56e-06,4.57e-06,4.55e-06,4.56e-06,2113730909.0
1782255600,4.55e-06,4.57e-06,4.55e-06,4.56e-06,1240606379.0
1782259200,4.56e-06,4.58e-06,4.56e-06,4.58e-06,26499096471.0
1782262800,4.58e-06,4.59e-06,4.56e-06,4.58e-06,2041601502.0
1782266400,4.57e-06,4.57e-06,4.55e-06,4.56e-06,5812158372.0
1782270000,4.56e-06,4.56e-06,4.53e-06,4.55e-06,1363119091.0
1782273600,4.55e-06,4.56e-06,4.53e-06,4.56e-06,997556913.0
1782277200,4.56e-06,4.57e-06,4.56e-06,4.56e-06,9357581715.0
1782280800,4.55e-06,4.57e-06,4.55e-06,4.56e-06,626242208.0
1782284400,4.56e-06,4.56e-06,4.54e-06,4.55e-06,8214023797.0
1782288000,4.55e-06,4.56e-06,4.55e-06,4.56e-06,1231567474.0
1782291600,4.56e-06,4.56e-06,4.54e-06,4.55e-06,5538199017.0
1782295200,4.55e-06,4.55e-06,4.53e-06,4.54e-06,1504090939.0
1782298800,4.53e-06,4.58e-06,4.52e-06,4.56e-06,13598045180.0
1782302400,4.56e-06,4.56e-06,4.53e-06,4.53e-06,2088093907.0
1782306000,4.54e-06,4.54e-06,4.44e-06,4.46e-06,25005941474.0
1782309600,4.46e-06,4.48e-06,4.44e-06,4.47e-06,6932952956.0
1782313200,4.47e-06,4.48e-06,4.34e-06,4.36e-06,42063439115.0
1782316800,4.36e-06,4.41e-06,4.28e-06,4.3e-06,24033002857.0
1782320400,4.3e-06,4.31e-06,4.21e-06,4.23e-06,47140113443.0
1782324000,4.23e-06,4.3e-06,4.22e-06,4.27e-06,15817740885.0
1782327600,4.27e-06,4.27e-06,4.23e-06,4.27e-06,4640961896.0
1782331200,4.27e-06,4.36e-06,4.27e-06,4.34e-06,19953629051.0
1782334800,4.34e-06,4.36e-06,4.32e-06,4.36e-06,3843804398.0
1782338400,4.37e-06,4.38e-06,4.35e-06,4.36e-06,1541741773.0
1782342000,4.36e-06,4.38e-06,4.36e-06,4.38e-06,2395182318.0
1782345600,4.38e-06,4.46e-06,4.37e-06,4.39e-06,28949265508.0
1782349200,4.39e-06,4.4e-06,4.38e-06,4.38e-06,3490409522.0
1782352800,4.39e-06,4.39e-06,4.37e-06,4.38e-06,2053930192.0
1782356400,4.37e-06,4.39e-06,4.36e-06,4.38e-06,747393800.0
1782360000,4.38e-06,4.41e-06,4.36e-06,4.41e-06,1776969299.0
1782363600,4.41e-06,4.44e-06,4.41e-06,4.43e-06,1495498075.0
1782367200,4.43e-06,4.43e-06,4.41e-06,4.43e-06,807998495.0
1782370800,4.42e-06,4.42e-06,4.41e-06,4.42e-06,628453401.0
1782374400,4.41e-06,4.43e-06,4.41e-06,4.42e-06,557419346.0
1782378000,4.42e-06,4.43e-06,4.41e-06,4.41e-06,1596789944.0
1782381600,4.41e-06,4.42e-06,4.38e-06,4.38e-06,2115967468.0
1782385200,4.37e-06,4.38e-06,4.37e-06,4.37e-06,1364928336.0
1782388800,4.37e-06,4.38e-06,4.34e-06,4.37e-06,11701060011.0
1782392400,4.37e-06,4.39e-06,4.05e-06,4.06e-06,26370921858.0
1782396000,4.09e-06,4.22e-06,4.09e-06,4.14e-06,14715477745.0
1782399600,4.14e-06,4.17e-06,4.1e-06,4.17e-06,9563051319.0
1782403200,4.17e-06,4.25e-06,4.17e-06,4.19e-06,24876538296.0
1782406800,4.2e-06,4.29e-06,4.2e-06,4.28e-06,28590853243.0
1782410400,4.28e-06,4.28e-06,4.18e-06,4.18e-06,9725424820.0
1782414000,4.19e-06,4.19e-06,4.15e-06,4.17e-06,11859840001.0
1782417600,4.18e-06,4.2e-06,4.18e-06,4.19e-06,10633338796.0
1782421200,4.19e-06,4.24e-06,4.18e-06,4.24e-06,3135883258.0
1782424800,4.24e-06,4.24e-06,4.19e-06,4.23e-06,4655411138.0
1782428400,4.22e-06,4.25e-06,4.22e-06,4.24e-06,3488165590.0
1782432000,4.24e-06,4.24e-06,4.21e-06,4.22e-06,1552664415.0
1782435600,4.22e-06,4.22e-06,4.18e-06,4.19e-06,1252774185.0
1782439200,4.18e-06,4.19e-06,4.1e-06,4.11e-06,5032452973.0
1782442800,4.11e-06,4.21e-06,4.05e-06,4.2e-06,16028356101.0
1782446400,4.2e-06,4.2e-06,4.18e-06,4.18e-06,2172032911.0
1782450000,4.18e-06,4.2e-06,4.17e-06,4.18e-06,1016868381.0
1782453600,4.18e-06,4.23e-06,4.16e-06,4.23e-06,6926726440.0
1782457200,4.24e-06,4.27e-06,4.23e-06,4.27e-06,3392531324.0
1782460800,4.26e-06,4.27e-06,4.16e-06,4.21e-06,26965234776.0
1782464400,4.21e-06,4.22e-06,4.18e-06,4.18e-06,2065787703.0
1782468000,4.18e-06,4.19e-06,4.15e-06,4.16e-06,472865241.0
1782471600,4.17e-06,4.17e-06,4.14e-06,4.15e-06,2130531843.0
1782475200,4.15e-06,4.18e-06,4.13e-06,4.15e-06,3850856912.0
1782478800,4.14e-06,4.21e-06,4.11e-06,4.21e-06,21326029039.0
1782482400,4.21e-06,4.22e-06,4.17e-06,4.19e-06,25233643622.0
1782486000,4.19e-06,4.25e-06,4.17e-06,4.24e-06,17367775384.0
1782489600,4.25e-06,4.27e-06,4.22e-06,4.25e-06,8343804745.0
1782493200,4.24e-06,4.27e-06,4.24e-06,4.26e-06,4370289975.0
1782496800,4.26e-06,4.26e-06,4.22e-06,4.22e-06,11295279222.0
1782500400,4.22e-06,4.24e-06,4.22e-06,4.22e-06,3342959305.0
1782504000,4.22e-06,4.25e-06,4.21e-06,4.22e-06,7667424209.0
1782507600,4.22e-06,4.23e-06,4.2e-06,4.21e-06,2604907770.0
1782511200,4.21e-06,4.24e-06,4.2e-06,4.24e-06,6921769185.0
1782514800,4.24e-06,4.25e-06,4.23e-06,4.23e-06,2962119684.0
1782518400,4.24e-06,4.25e-06,4.22e-06,4.24e-06,3329373252.0
1782522000,4.24e-06,4.24e-06,4.23e-06,4.23e-06,2630900072.0
1782525600,4.24e-06,4.3e-06,4.24e-06,4.28e-06,12574474242.0
1782529200,4.28e-06,4.29e-06,4.26e-06,4.28e-06,11107066146.0
1782532800,4.28e-06,4.3e-06,4.27e-06,4.27e-06,8604756232.0
1782536400,4.26e-06,4.27e-06,4.25e-06,4.27e-06,9652944206.0
1782540000,4.27e-06,4.28e-06,4.25e-06,4.27e-06,2356085349.0
1782543600,4.27e-06,4.28e-06,4.25e-06,4.26e-06,2289961108.0
1782547200,4.25e-06,4.25e-06,4.22e-06,4.25e-06,14745673404.0
1782550800,4.25e-06,4.27e-06,4.24e-06,4.26e-06,5810209919.0
1782554400,4.26e-06,4.26e-06,4.25e-06,4.25e-06,2967112588.0
1782558000,4.25e-06,4.25e-06,4.23e-06,4.25e-06,1344192058.0
1782561600,4.25e-06,4.27e-06,4.24e-06,4.26e-06,1263739343.0
1782565200,4.26e-06,4.28e-06,4.26e-06,4.27e-06,897064033.0
1782568800,4.27e-06,4.28e-06,4.26e-06,4.28e-06,2118957059.0
1782572400,4.28e-06,4.3e-06,4.28e-06,4.28e-06,5522069062.0
1782576000,4.28e-06,4.38e-06,4.28e-06,4.3e-06,23673226147.0
1782579600,4.29e-06,4.29e-06,4.25e-06,4.25e-06,4823364975.0
1782583200,4.25e-06,4.26e-06,4.24e-06,4.26e-06,143456945.0
1782586800,4.26e-06,4.26e-06,4.21e-06,4.23e-06,1685812363.0
1782590400,4.24e-06,4.24e-06,4.23e-06,4.23e-06,507951390.0
1782594000,4.23e-06,4.24e-06,4.2e-06,4.2e-06,1052115217.0
1782597600,4.21e-06,4.23e-06,4.19e-06,4.23e-06,1686237295.0
1782601200,4.23e-06,4.23e-06,4.2e-06,4.2e-06,230198234.0
1782604800,4.2e-06,4.23e-06,4.2e-06,4.22e-06,1343686324.0
1782608400,4.21e-06,4.22e-06,4.21e-06,4.22e-06,190657576.0
1782612000,4.22e-06,4.23e-06,4.2e-06,4.21e-06,898117363.0
1782615600,4.21e-06,4.22e-06,4.2e-06,4.22e-06,1746882247.0
1782619200,4.21e-06,4.22e-06,4.2e-06,4.2e-06,2001518418.0
1782622800,4.2e-06,4.2e-06,4.18e-06,4.19e-06,4651553744.0
1782626400,4.19e-06,4.19e-06,4.15e-06,4.16e-06,2407606809.0
1782630000,4.16e-06,4.17e-06,4.16e-06,4.17e-06,662853822.0
1782633600,4.17e-06,4.23e-06,4.17e-06,4.21e-06,10368723065.0
1782637200,4.21e-06,4.22e-06,4.19e-06,4.19e-06,4835221222.0
1782640800,4.19e-06,4.2e-06,4.18e-06,4.2e-06,967482246.0
1782644400,4.2e-06,4.21e-06,4.18e-06,4.2e-06,2096398916.0
1782648000,4.2e-06,4.21e-06,4.19e-06,4.19e-06,2253985281.0
1782651600,4.19e-06,4.19e-06,4.17e-06,4.18e-06,643657885.0
1782655200,4.18e-06,4.21e-06,4.18e-06,4.18e-06,2253108648.0
1782658800,4.18e-06,4.2e-06,4.17e-06,4.18e-06,2427999423.0
1782662400,4.18e-06,4.18e-06,4.14e-06,4.16e-06,4593429023.0
1782666000,4.16e-06,4.17e-06,4.12e-06,4.15e-06,6312355297.0
1782669600,4.15e-06,4.15e-06,4.14e-06,4.14e-06,3227622684.0
1782673200,4.14e-06,4.16e-06,4.12e-06,4.14e-06,6968848814.0
1782676800,4.14e-06,4.17e-06,4.14e-06,4.15e-06,3812832246.0
1782680400,4.15e-06,4.15e-06,4.11e-06,4.13e-06,1963447355.0
1782684000,4.13e-06,4.16e-06,4.08e-06,4.1e-06,6468451173.0
1782687600,4.11e-06,4.17e-06,4.11e-06,4.15e-06,3806633942.0
1782691200,4.15e-06,4.17e-06,4.12e-06,4.16e-06,9472588804.0
1782694800,4.17e-06,4.18e-06,4.14e-06,4.17e-06,5152654917.0
1782698400,4.17e-06,4.18e-06,4.11e-06,4.18e-06,3157309432.0
1782702000,4.18e-06,4.21e-06,4.17e-06,4.18e-06,5092193458.0
1782705600,4.18e-06,4.18e-06,4.15e-06,4.16e-06,991031528.0
1782709200,4.15e-06,4.16e-06,4.13e-06,4.16e-06,1298253467.0
1782712800,4.17e-06,4.2e-06,4.16e-06,4.17e-06,2062288847.0
1782716400,4.17e-06,4.19e-06,4.16e-06,4.17e-06,347759932.0
1782720000,4.17e-06,4.18e-06,4.14e-06,4.15e-06,7073268943.0
1782723600,4.15e-06,4.19e-06,4.15e-06,4.19e-06,6196592333.0
1782727200,4.19e-06,4.21e-06,4.19e-06,4.21e-06,8877041667.0
1782730800,4.21e-06,4.22e-06,4.18e-06,4.2e-06,16528857250.0
1782734400,4.2e-06,4.26e-06,4.18e-06,4.21e-06,18971467010.0
1782738000,4.22e-06,4.22e-06,4.17e-06,4.19e-06,4276754318.0
1782741600,4.17e-06,4.21e-06,4.16e-06,4.19e-06,5301854626.0
1782745200,4.19e-06,4.23e-06,4.17e-06,4.23e-06,1424783267.0
1782748800,4.23e-06,4.25e-06,4.21e-06,4.25e-06,1171772016.0
1782752400,4.25e-06,4.33e-06,4.25e-06,4.29e-06,3703306411.0
1782756000,4.29e-06,4.3e-06,4.28e-06,4.28e-06,1045776219.0
1782759600,4.28e-06,4.34e-06,4.28e-06,4.3e-06,6015282572.0
1782763200,4.3e-06,4.3e-06,4.27e-06,4.28e-06,2864883722.0
1782766800,4.28e-06,4.3e-06,4.27e-06,4.28e-06,1941218826.0
1782770400,4.28e-06,4.29e-06,4.26e-06,4.26e-06,785279944.0
1782774000,4.26e-06,4.27e-06,4.25e-06,4.25e-06,2030219517.0
1782777600,4.25e-06,4.26e-06,4.22e-06,4.22e-06,6243557776.0
1782781200,4.22e-06,4.24e-06,4.21e-06,4.23e-06,1247091452.0
1782784800,4.23e-06,4.26e-06,4.22e-06,4.25e-06,925349645.0
1782788400,4.25e-06,4.26e-06,4.23e-06,4.24e-06,5755110411.0
1782792000,4.24e-06,4.26e-06,4.23e-06,4.25e-06,2428799862.0
1782795600,4.24e-06,4.25e-06,4.23e-06,4.24e-06,978537852.0
1782799200,4.24e-06,4.24e-06,4.23e-06,4.24e-06,9185933399.0
1782802800,4.24e-06,4.24e-06,4.22e-06,4.23e-06,3454058034.0
1782806400,4.23e-06,4.24e-06,4.21e-06,4.24e-06,10010450535.0
1782810000,4.22e-06,4.24e-06,4.21e-06,4.23e-06,5053539881.0
1782813600,4.23e-06,4.24e-06,4.23e-06,4.24e-06,4349785331.0
1782817200,4.23e-06,4.25e-06,4.2e-06,4.21e-06,31626579430.0
1782820800,4.2e-06,4.2e-06,4.16e-06,4.17e-06,15740000928.0
1782824400,4.15e-06,4.19e-06,4.15e-06,4.19e-06,18875529149.0
1782828000,4.19e-06,4.22e-06,4.17e-06,4.18e-06,14908713886.0
1782831600,4.19e-06,4.22e-06,4.17e-06,4.21e-06,9935854796.0
1782835200,4.21e-06,4.22e-06,4.19e-06,4.22e-06,22789393443.0
1782838800,4.22e-06,4.23e-06,4.21e-06,4.23e-06,5840732009.0
1782842400,4.22e-06,4.25e-06,4.22e-06,4.23e-06,7552337154.0
1782846000,4.23e-06,4.24e-06,4.21e-06,4.23e-06,2038730015.0
1782849600,4.22e-06,4.24e-06,4.21e-06,4.21e-06,326176499.0
1782853200,4.22e-06,4.22e-06,4.19e-06,4.2e-06,676324184.0
1782856800,4.21e-06,4.21e-06,4.18e-06,4.19e-06,4062402997.0
1782860400,4.19e-06,4.2e-06,4.18e-06,4.19e-06,4014061892.0
1782864000,4.19e-06,4.21e-06,4.19e-06,4.19e-06,7996615570.0
1782867600,4.19e-06,4.21e-06,4.13e-06,4.2e-06,14045397676.0
1782871200,4.2e-06,4.23e-06,4.19e-06,4.23e-06,18298443228.0
1782874800,4.23e-06,4.25e-06,4.21e-06,4.25e-06,16357743480.0
1782878400,4.25e-06,4.26e-06,4.23e-06,4.24e-06,11923803619.0
1782882000,4.24e-06,4.24e-06,4.22e-06,4.23e-06,5623509577.0
1782885600,4.22e-06,4.23e-06,4.18e-06,4.19e-06,8225822871.0
1782889200,4.19e-06,4.23e-06,4.18e-06,4.22e-06,12349898756.0
1782892800,4.22e-06,4.23e-06,4.2e-06,4.23e-06,14107620935.0
1782896400,4.23e-06,4.24e-06,4.23e-06,4.23e-06,22526829149.0
1782900000,4.24e-06,4.25e-06,4.21e-06,4.22e-06,38314947880.0
1782903600,4.22e-06,4.23e-06,4.21e-06,4.21e-06,14744979700.0
1782907200,4.21e-06,4.22e-06,4.2e-06,4.21e-06,12792955786.0
1782910800,4.21e-06,4.28e-06,4.19e-06,4.27e-06,20496204674.0
1782914400,4.27e-06,4.32e-06,4.27e-06,4.29e-06,18486518621.0
1782918000,4.29e-06,4.34e-06,4.29e-06,4.33e-06,10473418487.0
1782921600,4.34e-06,4.35e-06,4.31e-06,4.31e-06,1131753361.0
1782925200,4.31e-06,4.33e-06,4.29e-06,4.32e-06,3898321985.0
1782928800,4.32e-06,4.32e-06,4.29e-06,4.31e-06,875165182.0
1782932400,4.31e-06,4.31e-06,4.28e-06,4.29e-06,5538919555.0
1782936000,4.28e-06,4.31e-06,4.28e-06,4.31e-06,1694605184.0
1782939600,4.31e-06,4.37e-06,4.3e-06,4.35e-06,7560301139.0
1782943200,4.35e-06,4.38e-06,4.33e-06,4.33e-06,40485727776.0
1782946800,4.33e-06,4.33e-06,4.26e-06,4.27e-06,19827563637.0
1782950400,4.27e-06,4.28e-06,4.24e-06,4.27e-06,6026548587.0
1782954000,4.28e-06,4.32e-06,4.27e-06,4.31e-06,2953817141.0
1782957600,4.3e-06,4.32e-06,4.3e-06,4.32e-06,987210127.0
1782961200,4.32e-06,4.36e-06,4.3e-06,4.34e-06,6585288300.0
1782964800,4.34e-06,4.35e-06,4.33e-06,4.33e-06,903321559.0
1782968400,4.33e-06,4.33e-06,4.3e-06,4.3e-06,454329039.0
1782972000,4.3e-06,4.31e-06,4.28e-06,4.28e-06,2113440724.0
1782975600,4.29e-06,4.29e-06,4.27e-06,4.28e-06,324103792.0
1782979200,4.29e-06,4.3e-06,4.29e-06,4.29e-06,3709942949.0
1782982800,4.3e-06,4.33e-06,4.28e-06,4.31e-06,3879283528.0
1782986400,4.31e-06,4.32e-06,4.3e-06,4.32e-06,2078497279.0
1782990000,4.31e-06,4.33e-06,4.3e-06,4.31e-06,1647270970.0
1782993600,4.32e-06,4.34e-06,4.32e-06,4.32e-06,1101986711.0
1782997200,4.32e-06,4.37e-06,4.32e-06,4.36e-06,1191644008.0
1783000800,4.34e-06,4.35e-06,4.31e-06,4.31e-06,5704137882.0
1783004400,4.31e-06,4.32e-06,4.29e-06,4.31e-06,1431069188.0
1783008000,4.31e-06,4.32e-06,4.29e-06,4.31e-06,951989071.0
1783011600,4.3e-06,4.32e-06,4.3e-06,4.3e-06,2721612623.0
1783015200,4.32e-06,4.32e-06,4.3e-06,4.31e-06,3535835968.0
1783018800,4.3e-06,4.31e-06,4.29e-06,4.3e-06,5552768034.0
1783022400,4.3e-06,4.3e-06,4.28e-06,4.28e-06,2950815331.0
1783026000,4.28e-06,4.29e-06,4.22e-06,4.26e-06,4900408919.0
1783029600,4.27e-06,4.28e-06,4.25e-06,4.26e-06,2393556153.0
1783033200,4.26e-06,4.29e-06,4.25e-06,4.28e-06,2841183858.0
1783036800,4.28e-06,4.29e-06,4.26e-06,4.26e-06,1701879167.0
1783040400,4.28e-06,4.31e-06,4.27e-06,4.29e-06,1093962665.0
1783044000,4.3e-06,4.31e-06,4.26e-06,4.26e-06,3495652392.0
1783047600,4.26e-06,4.27e-06,4.23e-06,4.25e-06,2292033102.0
1783051200,4.25e-06,4.25e-06,4.23e-06,4.24e-06,539112698.0
1783054800,4.24e-06,4.27e-06,4.24e-06,4.26e-06,325469447.0
1783058400,4.26e-06,4.28e-06,4.26e-06,4.27e-06,1017367113.0
1783062000,4.27e-06,4.29e-06,4.27e-06,4.28e-06,2596444906.0
1783065600,4.28e-06,4.3e-06,4.27e-06,4.28e-06,4805774207.0
1783069200,4.28e-06,4.3e-06,4.28e-06,4.3e-06,857152737.0
1783072800,4.3e-06,4.34e-06,4.3e-06,4.31e-06,2851172825.0
1783076400,4.33e-06,4.34e-06,4.32e-06,4.33e-06,6781507637.0
1783080000,4.33e-06,4.35e-06,4.32e-06,4.33e-06,1158370118.0
1783083600,4.33e-06,4.37e-06,4.33e-06,4.35e-06,5049326797.0
1783087200,4.34e-06,4.36e-06,4.32e-06,4.36e-06,3371402309.0
1783090800,4.36e-06,4.39e-06,4.33e-06,4.35e-06,4228438877.0
1783094400,4.35e-06,4.37e-06,4.34e-06,4.37e-06,415629640.0
1783098000,4.37e-06,4.39e-06,4.36e-06,4.37e-06,944997690.0
1783101600,4.37e-06,4.39e-06,4.37e-06,4.38e-06,4282521586.0
1783105200,4.39e-06,4.42e-06,4.38e-06,4.38e-06,2395162346.0
1783108800,4.39e-06,4.44e-06,4.38e-06,4.43e-06,2027558141.0
1783112400,4.42e-06,4.49e-06,4.42e-06,4.48e-06,2197504542.0
1783116000,4.48e-06,4.48e-06,4.42e-06,4.45e-06,8628343753.0
1783119600,4.45e-06,4.45e-06,4.42e-06,4.44e-06,1786720942.0
1783123200,4.44e-06,4.44e-06,4.42e-06,4.42e-06,21418800004.0
1783126800,4.42e-06,4.42e-06,4.37e-06,4.39e-06,11004285805.0
1783130400,4.39e-06,4.4e-06,4.38e-06,4.4e-06,995893580.0
1783134000,4.4e-06,4.44e-06,4.39e-06,4.43e-06,4906727205.0
1783137600,4.43e-06,4.45e-06,4.42e-06,4.44e-06,30739779200.0
1783141200,4.44e-06,4.44e-06,4.41e-06,4.41e-06,13620609143.0
1783144800,4.41e-06,4.43e-06,4.39e-06,4.4e-06,1225981136.0
1783148400,4.4e-06,4.4e-06,4.38e-06,4.38e-06,3890628164.0
1783152000,4.39e-06,4.4e-06,4.38e-06,4.39e-06,789007971.0
1783155600,4.38e-06,4.39e-06,4.35e-06,4.36e-06,324884339.0
1783159200,4.36e-06,4.37e-06,4.36e-06,4.36e-06,1134258747.0
1783162800,4.37e-06,4.4e-06,4.37e-06,4.4e-06,546092912.0
1783166400,4.4e-06,4.41e-06,4.39e-06,4.4e-06,106459109.0
1783170000,4.4e-06,4.41e-06,4.38e-06,4.4e-06,329891418.0
1783173600,4.41e-06,4.44e-06,4.4e-06,4.44e-06,334635634.0
1783177200,4.44e-06,4.48e-06,4.44e-06,4.48e-06,7348255422.0
1783180800,4.45e-06,4.47e-06,4.44e-06,4.44e-06,1262256870.0
1783184400,4.44e-06,4.52e-06,4.44e-06,4.51e-06,3143625187.0
1783188000,4.5e-06,4.54e-06,4.48e-06,4.54e-06,2911111499.0
1783191600,4.55e-06,4.58e-06,4.47e-06,4.48e-06,3789241484.0
1783195200,4.48e-06,4.48e-06,4.45e-06,4.48e-06,1252096767.0
1783198800,4.47e-06,4.5e-06,4.46e-06,4.48e-06,1195208030.0
1783202400,4.48e-06,4.48e-06,4.46e-06,4.47e-06,1909394179.0
1783206000,4.46e-06,4.47e-06,4.43e-06,4.44e-06,1562165094.0
1783209600,4.44e-06,4.44e-06,4.41e-06,4.42e-06,2031197280.0
1783213200,4.42e-06,4.42e-06,4.38e-06,4.4e-06,3869652493.0
1783216800,4.4e-06,4.4e-06,4.34e-06,4.35e-06,53621263455.0
1783220400,4.35e-06,4.36e-06,4.32e-06,4.32e-06,19368809421.0
1783224000,4.32e-06,4.35e-06,4.31e-06,4.33e-06,2015736180.0
1783227600,4.33e-06,4.34e-06,4.3e-06,4.3e-06,3863844809.0
1783231200,4.3e-06,4.32e-06,4.3e-06,4.32e-06,10007669217.0
1783234800,4.32e-06,4.35e-06,4.31e-06,4.35e-06,14439399574.0
1783238400,4.34e-06,4.34e-06,4.32e-06,4.32e-06,245978897.0
1783242000,4.32e-06,4.33e-06,4.29e-06,4.3e-06,2652420413.0
1783245600,4.29e-06,4.31e-06,4.28e-06,4.3e-06,3325415253.0
1783249200,4.31e-06,4.32e-06,4.3e-06,4.32e-06,449504582.0
1783252800,4.31e-06,4.35e-06,4.31e-06,4.35e-06,593951016.0
1783256400,4.34e-06,4.35e-06,4.33e-06,4.35e-06,177326955.0
1783260000,4.35e-06,4.36e-06,4.34e-06,4.36e-06,934552959.0
1783263600,4.36e-06,4.37e-06,4.33e-06,4.34e-06,2540639022.0
1783267200,4.34e-06,4.34e-06,4.32e-06,4.34e-06,5284673648.0
1783270800,4.35e-06,4.36e-06,4.33e-06,4.35e-06,811828629.0
1783274400,4.35e-06,4.37e-06,4.35e-06,4.36e-06,865348456.0
1783278000,4.37e-06,4.37e-06,4.35e-06,4.36e-06,349391819.0
1783281600,4.37e-06,4.37e-06,4.36e-06,4.36e-06,4105945233.0
1783285200,4.35e-06,4.42e-06,4.35e-06,4.4e-06,984727661.0
1783288800,4.41e-06,4.45e-06,4.39e-06,4.43e-06,33757626055.0
1783292400,4.42e-06,4.45e-06,4.41e-06,4.42e-06,4051712690.0
1783296000,4.42e-06,4.42e-06,4.37e-06,4.41e-06,22416808144.0
1783299600,4.42e-06,4.42e-06,4.39e-06,4.39e-06,727871327.0
1783303200,4.4e-06,4.42e-06,4.39e-06,4.4e-06,708989028.0
1783306800,4.39e-06,4.39e-06,4.37e-06,4.38e-06,476982504.0
1783310400,4.38e-06,4.39e-06,4.37e-06,4.37e-06,271808646.0
1783314000,4.36e-06,4.36e-06,4.33e-06,4.35e-06,3696098193.0
1783317600,4.35e-06,4.35e-06,4.33e-06,4.33e-06,400392977.0
1783321200,4.33e-06,4.36e-06,4.33e-06,4.36e-06,221593399.0
1783324800,4.35e-06,4.37e-06,4.35e-06,4.36e-06,166572407.0
1783328400,4.35e-06,4.35e-06,4.34e-06,4.35e-06,649610987.0
1783332000,4.36e-06,4.37e-06,4.35e-06,4.36e-06,29543752.0
1783335600,4.37e-06,4.38e-06,4.33e-06,4.33e-06,249762630.0
1783339200,4.32e-06,4.32e-06,4.27e-06,4.27e-06,26123663630.0
1783342800,4.28e-06,4.32e-06,4.26e-06,4.31e-06,5893543744.0
1783346400,4.3e-06,4.35e-06,4.3e-06,4.35e-06,3595876283.0
1783350000,4.34e-06,4.39e-06,4.33e-06,4.39e-06,27087732230.0
1783353600,4.39e-06,4.41e-06,4.37e-06,4.41e-06,2392141085.0
1783357200,4.41e-06,4.41e-06,4.37e-06,4.39e-06,5520971437.0
1783360800,4.39e-06,4.41e-06,4.38e-06,4.4e-06,4939892763.0
1783364400,4.4e-06,4.41e-06,4.4e-06,4.4e-06,717280356.0
1783368000,4.4e-06,4.41e-06,4.39e-06,4.4e-06,12617619738.0
1783371600,4.4e-06,4.47e-06,4.4e-06,4.44e-06,31445128665.0
1783375200,4.43e-06,4.43e-06,4.4e-06,4.4e-06,1958992187.0
1783378800,4.4e-06,4.4e-06,4.39e-06,4.4e-06,138797547.0
1783382400,4.4e-06,4.41e-06,4.39e-06,4.4e-06,1362891805.0
1783386000,4.41e-06,4.41e-06,4.37e-06,4.4e-06,865418696.0
1783389600,4.39e-06,4.4e-06,4.34e-06,4.34e-06,1759306391.0
1783393200,4.34e-06,4.36e-06,4.32e-06,4.33e-06,28781804655.0
1783396800,4.33e-06,4.35e-06,4.32e-06,4.33e-06,1043271099.0
1783400400,4.34e-06,4.35e-06,4.32e-06,4.34e-06,1764668028.0
1783404000,4.34e-06,4.37e-06,4.34e-06,4.37e-06,1349193542.0
1783407600,4.36e-06,4.38e-06,4.35e-06,4.36e-06,138750225.0
1783411200,4.35e-06,4.36e-06,4.35e-06,4.35e-06,581990873.0
1783414800,4.35e-06,4.37e-06,4.35e-06,4.37e-06,747828788.0
1783418400,4.37e-06,4.38e-06,4.35e-06,4.35e-06,602298699.0
1783422000,4.35e-06,4.39e-06,4.34e-06,4.39e-06,931637933.0
1783425600,4.4e-06,4.41e-06,4.38e-06,4.38e-06,302548256.0
1783429200,4.38e-06,4.39e-06,4.35e-06,4.36e-06,680066525.0
1783432800,4.38e-06,4.41e-06,4.35e-06,4.41e-06,1450134761.0
1783436400,4.41e-06,4.45e-06,4.39e-06,4.44e-06,22193926307.0
1783440000,4.44e-06,4.5e-06,4.42e-06,4.49e-06,7262242743.0
1783443600,4.5e-06,4.52e-06,4.44e-06,4.46e-06,11980134234.0
1783447200,4.45e-06,4.46e-06,4.42e-06,4.42e-06,3249825625.0
1783450800,4.43e-06,4.45e-06,4.41e-06,4.44e-06,2111109109.0
1783454400,4.44e-06,4.44e-06,4.4e-06,4.41e-06,691386580.0
1783458000,4.41e-06,4.44e-06,4.36e-06,4.36e-06,2201907775.0
1783461600,4.35e-06,4.39e-06,4.35e-06,4.38e-06,739199419.0
1783465200,4.39e-06,4.41e-06,4.37e-06,4.37e-06,115022783.0
1783468800,4.38e-06,4.4e-06,4.36e-06,4.4e-06,2065414040.0
1783472400,4.39e-06,4.4e-06,4.32e-06,4.33e-06,13232885733.0
1783476000,4.33e-06,4.33e-06,4.29e-06,4.32e-06,4573779487.0
1783479600,4.31e-06,4.33e-06,4.29e-06,4.29e-06,1173413544.0
1783483200,4.29e-06,4.31e-06,4.28e-06,4.3e-06,1358097754.0
1783486800,4.3e-06,4.31e-06,4.29e-06,4.29e-06,4778334202.0
1783490400,4.29e-06,4.3e-06,4.27e-06,4.27e-06,4837970354.0
1783494000,4.26e-06,4.3e-06,4.26e-06,4.28e-06,2757401043.0
1783497600,4.28e-06,4.29e-06,4.2e-06,4.2e-06,6388904988.0
1783501200,4.2e-06,4.2e-06,4.15e-06,4.15e-06,13003678629.0
1783504800,4.15e-06,4.21e-06,4.14e-06,4.21e-06,6605699410.0
1783508400,4.21e-06,4.24e-06,4.2e-06,4.23e-06,1138576851.0
1783512000,4.24e-06,4.24e-06,4.2e-06,4.2e-06,1646831278.0
1783515600,4.2e-06,4.24e-06,4.19e-06,4.22e-06,1948488116.0
1783519200,4.22e-06,4.22e-06,4.18e-06,4.21e-06,1137481337.0
1783522800,4.19e-06,4.21e-06,4.17e-06,4.2e-06,2107570870.0
1783526400,4.21e-06,4.26e-06,4.2e-06,4.25e-06,4955527541.0
1783530000,4.25e-06,4.28e-06,4.25e-06,4.25e-06,3106345333.0
1783533600,4.26e-06,4.26e-06,4.23e-06,4.25e-06,4065259525.0
1783537200,4.24e-06,4.26e-06,4.24e-06,4.25e-06,1448855163.0
1783540800,4.25e-06,4.27e-06,4.25e-06,4.25e-06,816269255.0
1783544400,4.25e-06,4.28e-06,4.24e-06,4.26e-06,601783093.0
1783548000,4.28e-06,4.29e-06,4.27e-06,4.28e-06,1924706906.0
1783551600,4.26e-06,4.28e-06,4.26e-06,4.28e-06,353227663.0
1783555200,4.29e-06,4.31e-06,4.25e-06,4.26e-06,8743832344.0
1783558800,4.26e-06,4.3e-06,4.25e-06,4.26e-06,507880063.0
1783562400,4.27e-06,4.27e-06,4.24e-06,4.24e-06,300625710.0
1783566000,4.24e-06,4.24e-06,4.22e-06,4.24e-06,2234856502.0
1783569600,4.24e-06,4.28e-06,4.23e-06,4.27e-06,1805571711.0
1783573200,4.27e-06,4.29e-06,4.26e-06,4.29e-06,808910961.0
1783576800,4.29e-06,4.3e-06,4.27e-06,4.3e-06,2124476057.0
1783580400,4.3e-06,4.31e-06,4.28e-06,4.29e-06,725546841.0
1783584000,4.29e-06,4.3e-06,4.27e-06,4.29e-06,2271067986.0
1783587600,4.29e-06,4.3e-06,4.28e-06,4.3e-06,137120708.0
1783591200,4.31e-06,4.31e-06,4.28e-06,4.28e-06,640935618.0
1783594800,4.29e-06,4.29e-06,4.28e-06,4.29e-06,163758094.0
1783598400,4.29e-06,4.3e-06,4.27e-06,4.28e-06,944589895.0
1783602000,4.28e-06,4.3e-06,4.27e-06,4.29e-06,971474527.0
1783605600,4.29e-06,4.3e-06,4.26e-06,4.27e-06,504051442.0
1783609200,4.27e-06,4.28e-06,4.25e-06,4.25e-06,1251436257.0
1783612800,4.27e-06,4.27e-06,4.25e-06,4.25e-06,1693018594.0
1783616400,4.25e-06,4.29e-06,4.25e-06,4.29e-06,673004979.0
1783620000,4.28e-06,4.3e-06,4.28e-06,4.28e-06,595722430.0
1783623600,4.28e-06,4.3e-06,4.28e-06,4.29e-06,1399906216.0
1783627200,4.28e-06,4.3e-06,4.28e-06,4.29e-06,278150679.0
1783630800,4.3e-06,4.3e-06,4.27e-06,4.28e-06,1509621543.0
1783634400,4.29e-06,4.29e-06,4.27e-06,4.27e-06,146049838.0
1783638000,4.28e-06,4.29e-06,4.27e-06,4.29e-06,247479818.0
1783641600,4.29e-06,4.29e-06,4.25e-06,4.27e-06,1090219021.0
1783645200,4.28e-06,4.35e-06,4.27e-06,4.33e-06,10769813218.0
1783648800,4.33e-06,4.35e-06,4.32e-06,4.35e-06,4245393072.0
1783652400,4.34e-06,4.35e-06,4.32e-06,4.35e-06,3353047102.0
1783656000,4.35e-06,4.36e-06,4.34e-06,4.34e-06,2848701213.0
1783659600,4.34e-06,4.36e-06,4.34e-06,4.35e-06,606466460.0
1783663200,4.35e-06,4.36e-06,4.33e-06,4.33e-06,498085133.0
1783666800,4.33e-06,4.35e-06,4.33e-06,4.34e-06,629948959.0
1783670400,4.34e-06,4.38e-06,4.34e-06,4.36e-06,698563621.0
1783674000,4.36e-06,4.38e-06,4.34e-06,4.37e-06,1146235825.0
1783677600,4.36e-06,4.39e-06,4.36e-06,4.38e-06,1522066418.0
1783681200,4.38e-06,4.38e-06,4.36e-06,4.37e-06,141670118.0
1783684800,4.38e-06,4.4e-06,4.37e-06,4.38e-06,1479010423.0
1783688400,4.38e-06,4.4e-06,4.37e-06,4.39e-06,2453148716.0
1783692000,4.39e-06,4.39e-06,4.32e-06,4.36e-06,2846383904.0
1783695600,4.37e-06,4.37e-06,4.34e-06,4.35e-06,303142891.0
1783699200,4.35e-06,4.38e-06,4.35e-06,4.38e-06,5119730442.0
1783702800,4.38e-06,4.38e-06,4.35e-06,4.36e-06,2530565548.0
1783706400,4.36e-06,4.37e-06,4.34e-06,4.35e-06,1599935573.0
1783710000,4.36e-06,4.38e-06,4.36e-06,4.37e-06,3109598873.0
1783713600,4.37e-06,4.37e-06,4.36e-06,4.37e-06,687083836.0
1783717200,4.37e-06,4.4e-06,4.37e-06,4.39e-06,1516665756.0
1783720800,4.38e-06,4.41e-06,4.38e-06,4.39e-06,2925075638.0
1783724400,4.4e-06,4.4e-06,4.39e-06,4.39e-06,73631314.0
1783728000,4.4e-06,4.43e-06,4.39e-06,4.42e-06,8813040505.0
1783731600,4.42e-06,4.42e-06,4.39e-06,4.4e-06,2194495706.0
1783735200,4.4e-06,4.4e-06,4.38e-06,4.38e-06,1079417098.0
1783738800,4.39e-06,4.41e-06,4.39e-06,4.4e-06,1057064172.0
1783742400,4.4e-06,4.4e-06,4.38e-06,4.38e-06,5328526214.0
1783746000,4.38e-06,4.4e-06,4.38e-06,4.38e-06,78411280.0
1783749600,4.39e-06,4.4e-06,4.38e-06,4.38e-06,315358238.0
1783753200,4.38e-06,4.39e-06,4.38e-06,4.38e-06,186403466.0
1783756800,4.38e-06,4.39e-06,4.37e-06,4.39e-06,745918348.0
1783760400,4.39e-06,4.4e-06,4.38e-06,4.39e-06,295175170.0
1783764000,4.38e-06,4.39e-06,4.38e-06,4.39e-06,77011765.0
1783767600,4.39e-06,4.4e-06,4.38e-06,4.4e-06,62533552.0
1783771200,4.4e-06,4.41e-06,4.39e-06,4.4e-06,615292565.0
1783774800,4.39e-06,4.41e-06,4.39e-06,4.41e-06,971635982.0
1783778400,4.4e-06,4.42e-06,4.39e-06,4.42e-06,426166606.0
1783782000,4.43e-06,4.43e-06,4.39e-06,4.41e-06,504563746.0
1783785600,4.41e-06,4.42e-06,4.4e-06,4.41e-06,1835239449.0
1783789200,4.41e-06,4.42e-06,4.4e-06,4.41e-06,363500144.0
1783792800,4.41e-06,4.42e-06,4.4e-06,4.41e-06,563184021.0
1783796400,4.41e-06,4.41e-06,4.4e-06,4.4e-06,905322593.0
1783800000,4.4e-06,4.41e-06,4.38e-06,4.39e-06,293654069.0
1783803600,4.39e-06,4.39e-06,4.37e-06,4.37e-06,999994285.0
1783807200,4.38e-06,4.38e-06,4.35e-06,4.36e-06,2027299569.0
1783810800,4.35e-06,4.35e-06,4.29e-06,4.29e-06,26388769263.0
1783814400,4.29e-06,4.3e-06,4.27e-06,4.28e-06,4654555704.0
1783818000,4.28e-06,4.31e-06,4.28e-06,4.3e-06,1971496943.0
1783821600,4.3e-06,4.3e-06,4.29e-06,4.3e-06,866077902.0
1783825200,4.29e-06,4.32e-06,4.29e-06,4.32e-06,3086300034.0
1783828800,4.31e-06,4.32e-06,4.29e-06,4.3e-06,1125760247.0
1783832400,4.3e-06,4.31e-06,4.29e-06,4.29e-06,1846231978.0
1783836000,4.28e-06,4.29e-06,4.28e-06,4.29e-06,425018996.0
1783839600,4.29e-06,4.3e-06,4.28e-06,4.3e-06,284482677.0
1783843200,4.29e-06,4.3e-06,4.29e-06,4.3e-06,23241836.0
1783846800,4.3e-06,4.31e-06,4.29e-06,4.31e-06,932399737.0
1783850400,4.3e-06,4.3e-06,4.29e-06,4.29e-06,337206015.0
1783854000,4.29e-06,4.31e-06,4.28e-06,4.29e-06,393368814.0
1783857600,4.3e-06,4.31e-06,4.29e-06,4.29e-06,258214474.0
1783861200,4.3e-06,4.31e-06,4.29e-06,4.3e-06,123138846.0
1783864800,4.29e-06,4.31e-06,4.29e-06,4.31e-06,262210034.0
1783868400,4.3e-06,4.32e-06,4.3e-06,4.3e-06,360925926.0
1783872000,4.3e-06,4.3e-06,4.28e-06,4.3e-06,344600126.0
1783875600,4.29e-06,4.3e-06,4.27e-06,4.28e-06,357218318.0
1783879200,4.28e-06,4.29e-06,4.27e-06,4.29e-06,585134798.0
1783882800,4.29e-06,4.29e-06,4.27e-06,4.29e-06,739680866.0
1783886400,4.29e-06,4.29e-06,4.28e-06,4.28e-06,170655687.0
1783890000,4.28e-06,4.28e-06,4.23e-06,4.24e-06,2080957462.0
1783893600,4.24e-06,4.24e-06,4.21e-06,4.23e-06,2295322026.0
1783897200,4.23e-06,4.23e-06,4.22e-06,4.23e-06,1935817619.0
1783900800,4.23e-06,4.29e-06,4.22e-06,4.25e-06,3014160091.0
1783904400,4.25e-06,4.25e-06,4.21e-06,4.21e-06,751551872.0
1783908000,4.2e-06,4.23e-06,4.2e-06,4.21e-06,881329335.0
1783911600,4.21e-06,4.22e-06,4.17e-06,4.18e-06,4853470182.0
1783915200,4.17e-06,4.21e-06,4.17e-06,4.18e-06,673403196.0
1783918800,4.18e-06,4.21e-06,4.18e-06,4.19e-06,504162908.0
1783922400,4.2e-06,4.21e-06,4.19e-06,4.2e-06,2227914284.0
1783926000,4.2e-06,4.23e-06,4.2e-06,4.21e-06,556845279.0
1783929600,4.21e-06,4.23e-06,4.21e-06,4.22e-06,252007702.0
1783933200,4.22e-06,4.22e-06,4.21e-06,4.21e-06,310263524.0
1783936800,4.21e-06,4.22e-06,4.2e-06,4.2e-06,714306840.0
1783940400,4.2e-06,4.22e-06,4.2e-06,4.21e-06,26578013.0
1783944000,4.21e-06,4.21e-06,4.19e-06,4.2e-06,583408080.0
1783947600,4.2e-06,4.2e-06,4.17e-06,4.19e-06,601292451.0
1783951200,4.18e-06,4.21e-06,4.16e-06,4.21e-06,4500084638.0
1783954800,4.21e-06,4.21e-06,4.17e-06,4.17e-06,1703754097.0
1783958400,4.18e-06,4.18e-06,4.14e-06,4.15e-06,9275787802.0
1783962000,4.16e-06,4.16e-06,4.12e-06,4.13e-06,4964482164.0
1783965600,4.13e-06,4.13e-06,4.12e-06,4.13e-06,1770040743.0
1783969200,4.12e-06,4.14e-06,4.12e-06,4.14e-06,4086063534.0
1783972800,4.14e-06,4.14e-06,4.12e-06,4.12e-06,2371897769.0
1783976400,4.12e-06,4.12e-06,4.09e-06,4.11e-06,4474588509.0
1783980000,4.12e-06,4.12e-06,4.11e-06,4.11e-06,2503240709.0
1783983600,4.12e-06,4.16e-06,4.12e-06,4.16e-06,2667999896.0
1783987200,4.16e-06,4.16e-06,4.14e-06,4.16e-06,6080955607.0
1783990800,4.15e-06,4.15e-06,4.13e-06,4.14e-06,5729547158.0
1783994400,4.14e-06,4.15e-06,4.12e-06,4.14e-06,3622494342.0
1783998000,4.14e-06,4.16e-06,4.12e-06,4.16e-06,3639195660.0
1784001600,4.16e-06,4.17e-06,4.15e-06,4.16e-06,679341096.0
1784005200,4.16e-06,4.18e-06,4.16e-06,4.16e-06,2094079191.0
1784008800,4.16e-06,4.17e-06,4.16e-06,4.16e-06,1206360282.0
1784012400,4.16e-06,4.17e-06,4.14e-06,4.14e-06,761735691.0
1784016000,4.13e-06,4.14e-06,4.12e-06,4.12e-06,767466133.0
1784019600,4.13e-06,4.13e-06,4.11e-06,4.13e-06,1599501946.0
1784023200,4.13e-06,4.13e-06,4.11e-06,4.12e-06,1056012462.0
1784026800,4.12e-06,4.13e-06,4.12e-06,4.12e-06,266280115.0
1784030400,4.13e-06,4.19e-06,4.11e-06,4.19e-06,14221551713.0
1784034000,4.18e-06,4.23e-06,4.17e-06,4.21e-06,4215620399.0
1784037600,4.22e-06,4.23e-06,4.2e-06,4.23e-06,7957170542.0
1784041200,4.24e-06,4.26e-06,4.23e-06,4.24e-06,2398596851.0
1784044800,4.24e-06,4.26e-06,4.23e-06,4.23e-06,1437464212.0
1784048400,4.22e-06,4.22e-06,4.2e-06,4.22e-06,579749060.0
1784052000,4.23e-06,4.23e-06,4.2e-06,4.2e-06,2370046407.0
1784055600,4.2e-06,4.22e-06,4.2e-06,4.2e-06,1089522362.0
1784059200,4.21e-06,4.22e-06,4.2e-06,4.21e-06,640876970.0
1784062800,4.2e-06,4.21e-06,4.19e-06,4.19e-06,855608520.0
1784066400,4.19e-06,4.22e-06,4.18e-06,4.22e-06,2794454196.0
1784070000,4.21e-06,4.23e-06,4.2e-06,4.22e-06,551677268.0
1784073600,4.22e-06,4.24e-06,4.21e-06,4.21e-06,1048558168.0
1784077200,4.22e-06,4.22e-06,4.2e-06,4.21e-06,2355862123.0
1784080800,4.21e-06,4.22e-06,4.19e-06,4.2e-06,249094250.0
1784084400,4.21e-06,4.22e-06,4.2e-06,4.22e-06,688991427.0
1784088000,4.2e-06,4.22e-06,4.2e-06,4.21e-06,74805523.0
1784091600,4.21e-06,4.23e-06,4.2e-06,4.23e-06,156518629.0
1784095200,4.24e-06,4.27e-06,4.23e-06,4.27e-06,1343673837.0
1784098800,4.27e-06,4.27e-06,4.23e-06,4.25e-06,142936761.0
1784102400,4.25e-06,4.25e-06,4.23e-06,4.24e-06,1283354665.0
1784106000,4.24e-06,4.26e-06,4.24e-06,4.26e-06,1838160952.0
1784109600,4.26e-06,4.26e-06,4.24e-06,4.24e-06,40206580.0
1784113200,4.25e-06,4.26e-06,4.24e-06,4.25e-06,1822913457.0
1784116800,4.25e-06,4.32e-06,4.24e-06,4.31e-06,5610277517.0
1784120400,4.32e-06,4.35e-06,4.28e-06,4.29e-06,5062219931.0
1784124000,4.3e-06,4.3e-06,4.27e-06,4.29e-06,2702713760.0
1784127600,4.28e-06,4.29e-06,4.26e-06,4.27e-06,4654104843.0
1784131200,4.27e-06,4.27e-06,4.19e-06,4.22e-06,5488015931.0
1784134800,4.23e-06,4.23e-06,4.21e-06,4.23e-06,5213927323.0
1784138400,4.23e-06,4.24e-06,4.22e-06,4.23e-06,3257581151.0
1784142000,4.22e-06,4.23e-06,4.21e-06,4.21e-06,2085356759.0
1784145600,4.21e-06,4.24e-06,4.21e-06,4.24e-06,1239294463.0
1784149200,4.23e-06,4.25e-06,4.22e-06,4.24e-06,1503817175.0
1784152800,4.24e-06,4.25e-06,4.23e-06,4.24e-06,958664804.0
1784156400,4.24e-06,4.25e-06,4.22e-06,4.24e-06,345136043.0
1784160000,4.23e-06,4.24e-06,4.21e-06,4.22e-06,692373319.0
1784163600,4.23e-06,4.23e-06,4.2e-06,4.23e-06,398814473.0
1784167200,4.23e-06,4.24e-06,4.22e-06,4.24e-06,273043488.0
1784170800,4.23e-06,4.23e-06,4.21e-06,4.22e-06,340760185.0
1784174400,4.21e-06,4.23e-06,4.21e-06,4.22e-06,576625772.0
1784178000,4.21e-06,4.24e-06,4.21e-06,4.23e-06,243838345.0
1784181600,4.23e-06,4.24e-06,4.2e-06,4.21e-06,2006830335.0
1784185200,4.22e-06,4.22e-06,4.17e-06,4.18e-06,1745801733.0
1784188800,4.18e-06,4.18e-06,4.14e-06,4.16e-06,3142250925.0
1784192400,4.17e-06,4.17e-06,4.16e-06,4.16e-06,139400023.0
1784196000,4.16e-06,4.17e-06,4.16e-06,4.16e-06,167345061.0
1784199600,4.15e-06,4.17e-06,4.15e-06,4.16e-06,1202752814.0
1784203200,4.16e-06,4.16e-06,4.14e-06,4.15e-06,2213415090.0
1784206800,4.14e-06,4.17e-06,4.14e-06,4.17e-06,803836756.0
1784210400,4.18e-06,4.18e-06,4.16e-06,4.16e-06,950780656.0
1784214000,4.16e-06,4.17e-06,4.13e-06,4.16e-06,38333710461.0
1784217600,4.16e-06,4.16e-06,4.14e-06,4.15e-06,855881526.0
1784221200,4.15e-06,4.15e-06,4.13e-06,4.14e-06,3699918243.0
1784224800,4.13e-06,4.16e-06,4.13e-06,4.15e-06,1439449109.0
1784228400,4.15e-06,4.16e-06,4.14e-06,4.15e-06,4030378026.0
1784232000,4.15e-06,4.15e-06,4.14e-06,4.15e-06,2690136148.0
1784235600,4.15e-06,4.17e-06,4.15e-06,4.16e-06,1035553505.0
1784239200,4.16e-06,4.17e-06,4.13e-06,4.14e-06,3498331842.0
1784242800,4.13e-06,4.13e-06,4.1e-06,4.12e-06,16803201487.0
1784246400,4.11e-06,4.17e-06,4.11e-06,4.17e-06,5055160832.0
1784250000,4.16e-06,4.16e-06,4.12e-06,4.12e-06,2567231474.0
1784253600,4.12e-06,4.13e-06,4.11e-06,4.13e-06,1686707447.0
1784257200,4.14e-06,4.16e-06,4.14e-06,4.14e-06,974672668.0
1784260800,4.13e-06,4.15e-06,4.13e-06,4.14e-06,702976906.0
1784264400,4.14e-06,4.14e-06,4.09e-06,4.1e-06,2434353997.0
1784268000,4.1e-06,4.13e-06,4.1e-06,4.13e-06,3988704834.0
1784271600,4.12e-06,4.12e-06,4.1e-06,4.11e-06,1116201602.0
1784275200,4.1e-06,4.12e-06,4.08e-06,4.12e-06,4213940020.0
1784278800,4.12e-06,4.13e-06,4.11e-06,4.13e-06,117015038.0
1784282400,4.13e-06,4.14e-06,4.13e-06,4.14e-06,37593487.0
1784286000,4.13e-06,4.14e-06,4.12e-06,4.13e-06,1169052390.0
1784289600,4.13e-06,4.13e-06,4.1e-06,4.1e-06,1497454313.0
1784293200,4.1e-06,4.12e-06,4.05e-06,4.11e-06,11662335091.0
1784296800,4.12e-06,4.14e-06,4.11e-06,4.11e-06,6522452586.0
1784300400,4.12e-06,4.12e-06,4.09e-06,4.12e-06,10129433142.0
1784304000,4.12e-06,4.15e-06,4.11e-06,4.15e-06,1517698547.0
1784307600,4.15e-06,4.17e-06,4.14e-06,4.15e-06,1025391788.0
1784311200,4.16e-06,4.16e-06,4.14e-06,4.15e-06,1842265892.0
1784314800,4.15e-06,4.15e-06,4.13e-06,4.14e-06,2212873104.0
1784318400,4.14e-06,4.15e-06,4.12e-06,4.15e-06,926235467.0
1784322000,4.15e-06,4.15e-06,4.13e-06,4.15e-06,1213128152.0
1784325600,4.15e-06,4.15e-06,4.13e-06,4.14e-06,1441698677.0
1784329200,4.13e-06,4.15e-06,4.12e-06,4.15e-06,6648320699.0
1784332800,4.15e-06,4.16e-06,4.14e-06,4.15e-06,3557146124.0
1784336400,4.15e-06,4.17e-06,4.14e-06,4.17e-06,2408750703.0
1784340000,4.16e-06,4.19e-06,4.16e-06,4.17e-06,1581230275.0
1784343600,4.16e-06,4.2e-06,4.16e-06,4.18e-06,2174084235.0
1784347200,4.18e-06,4.2e-06,4.16e-06,4.17e-06,5689417149.0
1784350800,4.17e-06,4.19e-06,4.15e-06,4.17e-06,5999880618.0
1784354400,4.17e-06,4.18e-06,4.16e-06,4.18e-06,380149542.0
1784358000,4.17e-06,4.17e-06,4.16e-06,4.17e-06,261037448.0
1784361600,4.17e-06,4.17e-06,4.15e-06,4.15e-06,5246272522.0
1784365200,4.15e-06,4.16e-06,4.15e-06,4.15e-06,2151964306.0
1784368800,4.16e-06,4.18e-06,4.15e-06,4.16e-06,1894353196.0
1784372400,4.16e-06,4.16e-06,4.16e-06,4.16e-06,276971728.0
1784376000,4.17e-06,4.18e-06,4.14e-06,4.15e-06,678594693.0
1784379600,4.15e-06,4.16e-06,4.14e-06,4.15e-06,693807084.0
1784383200,4.15e-06,4.17e-06,4.15e-06,4.15e-06,810957728.0
1784386800,4.16e-06,4.16e-06,4.14e-06,4.14e-06,1514727066.0
1784390400,4.14e-06,4.16e-06,4.14e-06,4.15e-06,358600526.0
1784394000,4.14e-06,4.16e-06,4.14e-06,4.15e-06,1752651494.0
1784397600,4.14e-06,4.16e-06,4.13e-06,4.14e-06,11442442818.0
1784401200,4.14e-06,4.15e-06,4.13e-06,4.13e-06,865265717.0
1784404800,4.14e-06,4.15e-06,4.13e-06,4.13e-06,212452874.0
1784408400,4.14e-06,4.14e-06,4.12e-06,4.13e-06,1559639474.0
1784412000,4.14e-06,4.15e-06,4.13e-06,4.15e-06,297189803.0
1784415600,4.14e-06,4.15e-06,4.13e-06,4.15e-06,660257630.0
1784419200,4.14e-06,4.15e-06,4.14e-06,4.14e-06,239572773.0
1784422800,4.14e-06,4.15e-06,4.13e-06,4.14e-06,530376586.0
1784426400,4.14e-06,4.15e-06,4.14e-06,4.14e-06,1268284279.0
1784430000,4.14e-06,4.14e-06,4.13e-06,4.14e-06,1732215052.0
1784433600,4.14e-06,4.16e-06,4.14e-06,4.15e-06,318726638.0
1784437200,4.16e-06,4.16e-06,4.15e-06,4.15e-06,768958563.0
1784440800,4.16e-06,4.16e-06,4.16e-06,4.16e-06,146807695.0
1784444400,4.16e-06,4.18e-06,4.15e-06,4.16e-06,363620240.0
1784448000,4.16e-06,4.17e-06,4.15e-06,4.16e-06,218610444.0
1784451600,4.17e-06,4.17e-06,4.14e-06,4.15e-06,1185659745.0
1784455200,4.15e-06,4.17e-06,4.15e-06,4.16e-06,312002741.0
1784458800,4.15e-06,4.16e-06,4.14e-06,4.15e-06,76390222.0
1784462400,4.14e-06,4.15e-06,4.13e-06,4.14e-06,978765701.0
1784466000,4.13e-06,4.15e-06,4.13e-06,4.14e-06,650925765.0
1784469600,4.15e-06,4.17e-06,4.13e-06,4.17e-06,102087466.0
1784473200,4.15e-06,4.18e-06,4.15e-06,4.15e-06,3094003711.0
1784476800,4.15e-06,4.16e-06,4.12e-06,4.12e-06,1603358468.0
1784480400,4.12e-06,4.14e-06,4.11e-06,4.12e-06,1120007869.0
1784484000,4.12e-06,4.13e-06,4.11e-06,4.12e-06,2813869189.0
1784487600,4.12e-06,4.14e-06,4.12e-06,4.14e-06,285720649.0
1784491200,4.15e-06,4.15e-06,4.14e-06,4.15e-06,931480144.0
1784494800,4.14e-06,4.15e-06,4.12e-06,4.12e-06,470436257.0
1784498400,4.12e-06,4.16e-06,4.12e-06,4.15e-06,778511406.0
1784502000,4.15e-06,4.15e-06,4.13e-06,4.13e-06,1133076406.0
1784505600,4.15e-06,4.18e-06,4.15e-06,4.17e-06,2086138080.0
1784509200,4.18e-06,4.19e-06,4.15e-06,4.16e-06,505276343.0
1784512800,4.16e-06,4.19e-06,4.16e-06,4.18e-06,703366349.0
1784516400,4.18e-06,4.18e-06,4.17e-06,4.18e-06,208245356.0
1784520000,4.18e-06,4.19e-06,4.16e-06,4.16e-06,80122986.0
1784523600,4.17e-06,4.17e-06,4.13e-06,4.14e-06,292912791.0
1784527200,4.14e-06,4.15e-06,4.11e-06,4.14e-06,2817807400.0
1784530800,4.14e-06,4.17e-06,4.14e-06,4.17e-06,482840331.0
1784534400,4.18e-06,4.19e-06,4.16e-06,4.18e-06,1430302767.0
1784538000,4.18e-06,4.21e-06,4.18e-06,4.2e-06,2846241377.0
1784541600,4.21e-06,4.21e-06,4.19e-06,4.2e-06,253164919.0
1784545200,4.2e-06,4.23e-06,4.2e-06,4.22e-06,1083121844.0
1784548800,4.22e-06,4.23e-06,4.2e-06,4.21e-06,1909206161.0
1784552400,4.21e-06,4.23e-06,4.19e-06,4.19e-06,10909175517.0
1784556000,4.2e-06,4.2e-06,4.16e-06,4.19e-06,1255279873.0
1784559600,4.19e-06,4.25e-06,4.19e-06,4.25e-06,2734964497.0
1784563200,4.25e-06,4.25e-06,4.23e-06,4.25e-06,8988868417.0
1784566800,4.25e-06,4.26e-06,4.23e-06,4.24e-06,1145319568.0
1784570400,4.25e-06,4.26e-06,4.23e-06,4.23e-06,1069061268.0
1784574000,4.23e-06,4.24e-06,4.21e-06,4.23e-06,1005975176.0
1784577600,4.23e-06,4.24e-06,4.22e-06,4.24e-06,1079769434.0
1784581200,4.24e-06,4.26e-06,4.22e-06,4.22e-06,1285965746.0
1784584800,4.24e-06,4.24e-06,4.22e-06,4.23e-06,767024128.0
1784588400,4.22e-06,4.25e-06,4.22e-06,4.24e-06,479099694.0
1784592000,4.25e-06,4.26e-06,4.24e-06,4.26e-06,3280441225.0
1784595600,4.25e-06,4.26e-06,4.24e-06,4.24e-06,755160706.0
1784599200,4.25e-06,4.26e-06,4.24e-06,4.26e-06,2263998774.0
1784602800,4.27e-06,4.28e-06,4.27e-06,4.28e-06,1024984963.0
1784606400,4.28e-06,4.28e-06,4.26e-06,4.27e-06,1402299866.0
1784610000,4.28e-06,4.3e-06,4.27e-06,4.29e-06,1516976052.0
