time,open,high,low,close,volume
1777356000,0.0001841,0.0001842,0.0001821,0.0001832,235503629.0
1777359600,0.0001828,0.0001829,0.0001819,0.0001822,6237941.0
1777363200,0.0001821,0.0001833,0.0001816,0.0001829,20171105.0
1777366800,0.000183,0.0001832,0.0001817,0.0001821,26477247.0
1777370400,0.0001823,0.0001825,0.0001815,0.0001816,15156018.0
1777374000,0.0001818,0.0001818,0.0001803,0.0001809,20288063.0
1777377600,0.0001807,0.0001811,0.0001801,0.0001811,37772436.0
1777381200,0.0001809,0.0001821,0.0001802,0.0001812,53864626.0
1777384800,0.000181,0.0001813,0.0001799,0.0001813,29142445.0
1777388400,0.0001817,0.0001829,0.0001815,0.0001829,25467620.0
1777392000,0.0001826,0.0001826,0.0001815,0.0001824,14549964.0
1777395600,0.0001826,0.0001826,0.0001816,0.0001825,46224842.0
1777399200,0.0001826,0.0001829,0.000182,0.0001827,14936600.0
1777402800,0.0001828,0.000183,0.0001818,0.0001827,58282057.0
1777406400,0.0001831,0.0001832,0.0001827,0.0001832,51726439.0
1777410000,0.000183,0.0001858,0.0001827,0.0001858,186193480.0
1777413600,0.0001855,0.0001859,0.0001841,0.0001843,113666898.0
1777417200,0.0001843,0.0001871,0.000184,0.0001863,195539503.0
1777420800,0.0001861,0.0001869,0.0001851,0.0001851,20438478.0
1777424400,0.0001847,0.0001889,0.0001837,0.0001879,437888826.0
1777428000,0.0001881,0.0001881,0.0001852,0.0001852,76812250.0
1777431600,0.0001857,0.0001871,0.0001843,0.000187,258368611.0
1777435200,0.0001868,0.0001896,0.0001865,0.000188,85119942.0
1777438800,0.0001879,0.0001887,0.0001878,0.0001886,23727423.0
1777442400,0.0001887,0.0001887,0.0001863,0.0001867,27151597.0
1777446000,0.0001867,0.0001885,0.0001863,0.0001879,26136685.0
1777449600,0.000188,0.0001883,0.0001875,0.000188,18990552.0
1777453200,0.0001879,0.0001965,0.0001878,0.000195,997909808.0
1777456800,0.0001953,0.0001971,0.0001927,0.0001927,562222926.0
1777460400,0.0001929,0.0001937,0.0001911,0.0001925,415305599.0
1777464000,0.0001923,0.0001923,0.0001878,0.0001895,147427488.0
1777467600,0.0001895,0.0001899,0.0001869,0.0001891,87078027.0
1777471200,0.0001889,0.0001917,0.0001878,0.00019,526908407.0
1777474800,0.0001901,0.0001901,0.0001852,0.0001856,345601120.0
1777478400,0.0001854,0.0001861,0.000183,0.0001837,366151264.0
1777482000,0.0001837,0.0001859,0.0001836,0.0001852,215922656.0
1777485600,0.0001855,0.0001855,0.00018,0.0001829,204222768.0
1777489200,0.0001829,0.0001838,0.0001821,0.0001834,199064774.0
1777492800,0.0001835,0.0001871,0.0001834,0.0001857,121988455.0
1777496400,0.0001856,0.000188,0.0001856,0.0001869,53134040.0
1777500000,0.0001873,0.0001875,0.0001861,0.0001864,25804928.0
1777503600,0.0001864,0.0001876,0.0001862,0.0001869,166924473.0
1777507200,0.0001869,0.0001902,0.0001838,0.0001899,303883496.0
1777510800,0.0001898,0.0001909,0.0001893,0.0001901,83546173.0
1777514400,0.0001899,0.0001912,0.000186,0.0001861,313786130.0
1777518000,0.0001862,0.0001867,0.0001844,0.0001859,69012418.0
1777521600,0.0001857,0.000186,0.0001821,0.0001823,217787456.0
1777525200,0.0001826,0.0001829,0.0001817,0.0001822,19573060.0
1777528800,0.0001821,0.0001835,0.0001821,0.0001828,23352075.0
1777532400,0.0001828,0.0001841,0.0001821,0.0001841,23953352.0
1777536000,0.0001843,0.0001847,0.0001831,0.0001837,40609867.0
1777539600,0.0001838,0.0001865,0.0001832,0.0001844,108788522.0
1777543200,0.0001849,0.0001849,0.0001813,0.0001819,161667275.0
1777546800,0.0001817,0.0001833,0.0001812,0.0001818,76171183.0
1777550400,0.0001819,0.0001836,0.0001819,0.0001826,27926185.0
1777554000,0.0001827,0.0001833,0.0001819,0.0001826,28040245.0
1777557600,0.0001829,0.0001832,0.0001815,0.0001826,42323950.0
1777561200,0.0001823,0.0001837,0.0001814,0.0001831,56162440.0
1777564800,0.0001829,0.0001835,0.0001819,0.0001823,27468787.0
1777568400,0.0001823,0.0001824,0.0001813,0.0001819,37356947.0
1777572000,0.0001817,0.0001821,0.0001804,0.0001815,18825798.0
1777575600,0.0001815,0.0001824,0.0001812,0.0001819,29229999.0
1777579200,0.0001821,0.0001826,0.0001815,0.0001825,23744259.0
1777582800,0.0001824,0.0001826,0.0001815,0.0001815,12307316.0
1777586400,0.0001815,0.0001825,0.0001809,0.0001816,88226615.0
1777590000,0.0001816,0.0001821,0.0001811,0.0001817,18960887.0
1777593600,0.0001819,0.0001834,0.0001805,0.0001808,200869426.0
1777597200,0.0001812,0.0001822,0.0001806,0.0001818,135980204.0
1777600800,0.0001822,0.0001828,0.000182,0.0001823,17665597.0
1777604400,0.0001822,0.0001846,0.0001821,0.0001832,98896412.0
1777608000,0.0001834,0.0001842,0.0001823,0.0001824,35060547.0
1777611600,0.0001822,0.0001827,0.0001819,0.000182,30277066.0
1777615200,0.0001821,0.0001821,0.0001799,0.0001804,166532948.0
1777618800,0.0001804,0.0001811,0.0001801,0.0001808,51930793.0
1777622400,0.0001807,0.0001823,0.0001805,0.0001817,13538989.0
1777626000,0.0001815,0.0001822,0.0001806,0.000181,15553594.0
1777629600,0.000181,0.0001813,0.0001801,0.0001813,28042757.0
1777633200,0.0001815,0.0001823,0.000181,0.0001816,15506037.0
1777636800,0.0001817,0.0001829,0.0001815,0.0001825,42164577.0
1777640400,0.0001825,0.0001857,0.0001825,0.0001857,274930360.0
1777644000,0.0001853,0.0001867,0.0001844,0.000185,162508755.0
1777647600,0.0001849,0.0001862,0.0001844,0.0001855,153794989.0
1777651200,0.0001857,0.0001865,0.0001844,0.0001856,100065159.0
1777654800,0.0001857,0.0001857,0.0001845,0.0001845,33117513.0
1777658400,0.0001845,0.0001849,0.0001838,0.0001843,70473679.0
1777662000,0.0001843,0.0001847,0.0001839,0.0001843,4103977.0
1777665600,0.0001844,0.0001844,0.0001823,0.0001825,24535576.0
1777669200,0.0001828,0.0001833,0.0001819,0.0001826,96849602.0
1777672800,0.0001826,0.0001833,0.0001814,0.0001817,37044816.0
1777676400,0.0001817,0.000182,0.0001809,0.0001818,39792327.0
1777680000,0.0001816,0.0001821,0.0001812,0.0001817,21170258.0
1777683600,0.0001816,0.0001827,0.0001805,0.0001826,135616688.0
1777687200,0.0001825,0.0001838,0.0001821,0.0001823,65351046.0
1777690800,0.0001823,0.0001831,0.000182,0.0001827,9701389.0
1777694400,0.0001829,0.0001829,0.0001813,0.0001814,3923395.0
1777698000,0.0001814,0.000182,0.0001813,0.0001817,14864677.0
1777701600,0.0001821,0.0001825,0.0001819,0.0001821,4056248.0
1777705200,0.0001821,0.0001825,0.0001821,0.0001821,11497213.0
1777708800,0.0001821,0.0001821,0.0001812,0.0001819,9615405.0
1777712400,0.000182,0.0001828,0.000182,0.0001823,5951938.0
1777716000,0.0001822,0.0001822,0.0001813,0.0001815,29534876.0
1777719600,0.0001815,0.0001815,0.00018,0.0001804,88313470.0
1777723200,0.0001807,0.0001814,0.0001784,0.0001804,449540535.0
1777726800,0.000181,0.0001814,0.0001805,0.0001808,19377864.0
1777730400,0.000181,0.0001817,0.0001798,0.0001817,52986114.0
1777734000,0.0001818,0.0001824,0.0001816,0.0001823,12541979.0
1777737600,0.0001824,0.0001831,0.0001824,0.0001829,16408141.0
1777741200,0.0001829,0.0001829,0.0001815,0.0001821,34642016.0
1777744800,0.0001823,0.0001826,0.0001813,0.0001819,19855052.0
1777748400,0.0001818,0.0001821,0.0001815,0.0001817,8424171.0
1777752000,0.0001817,0.000182,0.0001815,0.000182,4423940.0
1777755600,0.0001818,0.0001825,0.0001815,0.000182,24731450.0
1777759200,0.0001821,0.0001821,0.0001804,0.0001812,53911546.0
1777762800,0.0001809,0.0001811,0.0001803,0.0001806,15155730.0
1777766400,0.0001806,0.0001808,0.0001789,0.0001792,99881003.0
1777770000,0.0001796,0.0001796,0.0001774,0.0001781,237359054.0
1777773600,0.0001779,0.0001783,0.0001763,0.0001773,63145233.0
1777777200,0.0001773,0.0001778,0.0001764,0.0001774,24563418.0
1777780800,0.0001777,0.0001783,0.0001768,0.0001772,75269010.0
1777784400,0.0001771,0.0001777,0.0001765,0.0001772,29678710.0
1777788000,0.0001769,0.0001779,0.0001769,0.0001779,60217426.0
1777791600,0.0001781,0.0001785,0.0001777,0.0001777,11335732.0
1777795200,0.0001782,0.0001783,0.0001775,0.0001777,5754667.0
1777798800,0.0001777,0.000178,0.000177,0.0001776,16574744.0
1777802400,0.0001771,0.0001784,0.000177,0.000177,25896674.0
1777806000,0.0001769,0.0001781,0.0001765,0.0001778,34601148.0
1777809600,0.0001777,0.0001788,0.0001777,0.0001779,53607048.0
1777813200,0.000178,0.0001782,0.0001771,0.0001774,6931674.0
1777816800,0.0001773,0.000179,0.0001765,0.0001776,291077290.0
1777820400,0.0001774,0.0001775,0.0001765,0.0001773,84155567.0
1777824000,0.0001774,0.0001774,0.0001758,0.0001762,73852961.0
1777827600,0.0001762,0.000177,0.0001759,0.0001766,3807893.0
1777831200,0.0001766,0.0001773,0.0001764,0.0001773,15940973.0
1777834800,0.0001771,0.0001773,0.0001767,0.0001773,5308032.0
1777838400,0.0001772,0.0001784,0.0001771,0.000178,29937814.0
1777842000,0.0001779,0.0001784,0.0001766,0.0001776,29603665.0
1777845600,0.0001777,0.0001796,0.0001777,0.0001792,40524763.0
1777849200,0.0001793,0.0001794,0.0001769,0.0001769,28080557.0
1777852800,0.0001768,0.0001773,0.0001747,0.000177,168285749.0
1777856400,0.0001769,0.0001802,0.0001762,0.0001801,459931771.0
1777860000,0.0001803,0.0001825,0.0001795,0.000182,409099166.0
1777863600,0.0001822,0.000184,0.0001815,0.0001825,137886359.0
1777867200,0.0001827,0.0001837,0.0001825,0.0001832,23009908.0
1777870800,0.0001834,0.0001834,0.0001819,0.0001822,13094936.0
1777874400,0.0001822,0.0001822,0.0001792,0.0001817,131743492.0
1777878000,0.0001817,0.0001818,0.0001811,0.0001811,22644242.0
1777881600,0.0001809,0.0001813,0.0001807,0.0001808,5736567.0
1777885200,0.0001814,0.0001818,0.0001811,0.0001811,14174235.0
1777888800,0.0001809,0.0001809,0.0001741,0.000179,588464005.0
1777892400,0.0001791,0.0001807,0.0001787,0.0001807,30125715.0
1777896000,0.0001806,0.0001809,0.0001801,0.0001803,7999097.0
1777899600,0.0001801,0.0001805,0.0001773,0.0001791,257631555.0
1777903200,0.0001791,0.0001815,0.0001782,0.0001813,41874388.0
1777906800,0.0001813,0.0001813,0.0001783,0.0001798,86651193.0
1777910400,0.0001796,0.00018,0.0001783,0.00018,116039547.0
1777914000,0.00018,0.0001819,0.0001799,0.0001818,125358079.0
1777917600,0.0001817,0.0001824,0.0001812,0.0001816,47974089.0
1777921200,0.0001807,0.0001814,0.00018,0.00018,8138595.0
1777924800,0.0001801,0.0001812,0.0001792,0.0001794,40832527.0
1777928400,0.0001795,0.0001811,0.0001795,0.0001803,37467159.0
1777932000,0.0001804,0.0001809,0.0001793,0.0001793,11404977.0
1777935600,0.0001793,0.0001793,0.0001779,0.0001785,25717441.0
1777939200,0.0001783,0.0001799,0.0001783,0.0001795,269367033.0
1777942800,0.0001795,0.0001807,0.0001795,0.0001802,59018782.0
1777946400,0.0001801,0.0001824,0.0001799,0.000182,72536844.0
1777950000,0.000182,0.0001822,0.0001806,0.0001813,154401703.0
1777953600,0.0001811,0.0001813,0.0001799,0.0001803,54404715.0
1777957200,0.0001802,0.0001821,0.0001801,0.0001819,92302715.0
1777960800,0.0001816,0.0001817,0.0001811,0.0001817,10450527.0
1777964400,0.0001818,0.0001821,0.0001816,0.0001816,81660637.0
1777968000,0.000182,0.0001824,0.0001814,0.0001814,98436178.0
1777971600,0.0001819,0.000183,0.0001816,0.0001823,36981739.0
1777975200,0.0001825,0.0001844,0.0001821,0.0001839,66127149.0
1777978800,0.0001837,0.000185,0.0001833,0.0001848,58823778.0
1777982400,0.0001848,0.0001852,0.0001831,0.0001842,232948339.0
1777986000,0.0001844,0.0001851,0.0001824,0.0001847,226908201.0
1777989600,0.0001845,0.000185,0.0001808,0.0001824,186392352.0
1777993200,0.0001825,0.0001835,0.0001817,0.000182,70372528.0
1777996800,0.000182,0.0001823,0.00018,0.0001815,314005988.0
1778000400,0.0001815,0.0001821,0.0001812,0.0001821,18785085.0
1778004000,0.0001819,0.000183,0.0001818,0.0001823,9677787.0
1778007600,0.0001824,0.0001834,0.0001809,0.0001834,93159230.0
1778011200,0.0001834,0.0001848,0.0001831,0.0001844,24314131.0
1778014800,0.0001846,0.0001853,0.0001836,0.0001844,59850810.0
1778018400,0.0001842,0.0001847,0.0001817,0.0001829,68592831.0
1778022000,0.0001827,0.0001853,0.0001817,0.0001824,600916384.0
1778025600,0.0001827,0.0001847,0.0001821,0.0001837,228183109.0
1778029200,0.0001837,0.0001865,0.0001835,0.0001864,92226635.0
1778032800,0.0001861,0.0001861,0.0001829,0.0001852,320605606.0
1778036400,0.0001855,0.0001879,0.0001846,0.0001868,153747930.0
1778040000,0.0001872,0.0001874,0.0001849,0.0001855,43279942.0
1778043600,0.0001854,0.0001884,0.0001852,0.0001875,204421089.0
1778047200,0.0001877,0.0001893,0.0001875,0.0001882,148387431.0
1778050800,0.0001881,0.0001883,0.0001872,0.0001877,35028365.0
1778054400,0.0001879,0.0001895,0.0001875,0.0001886,65594593.0
1778058000,0.0001887,0.0001904,0.0001886,0.0001903,487984065.0
1778061600,0.0001905,0.0001908,0.0001896,0.0001897,85315469.0
1778065200,0.0001896,0.0001907,0.0001896,0.0001901,30940785.0
1778068800,0.0001901,0.000191,0.0001889,0.0001906,181480481.0
1778072400,0.0001905,0.0001905,0.0001863,0.0001867,260472660.0
1778076000,0.0001865,0.0001873,0.0001848,0.0001866,205746954.0
1778079600,0.0001867,0.0001877,0.0001861,0.0001874,32396330.0
1778083200,0.0001874,0.0001893,0.0001866,0.0001881,184015951.0
1778086800,0.000188,0.0001886,0.0001874,0.0001879,70125067.0
1778090400,0.0001879,0.0001879,0.0001865,0.000187,26921637.0
1778094000,0.0001872,0.0001876,0.0001863,0.0001867,33417151.0
1778097600,0.000187,0.0001883,0.0001869,0.0001879,29946636.0
1778101200,0.0001881,0.0001901,0.0001875,0.0001897,46221071.0
1778104800,0.00019,0.00019,0.0001873,0.0001883,95733068.0
1778108400,0.0001883,0.000189,0.0001871,0.0001881,38581624.0
1778112000,0.0001884,0.0001884,0.0001858,0.0001865,104697495.0
1778115600,0.0001861,0.0001863,0.0001841,0.0001845,90753794.0
1778119200,0.0001847,0.0001852,0.0001827,0.0001845,82520250.0
1778122800,0.0001841,0.0001851,0.0001835,0.0001838,211359664.0
1778126400,0.0001838,0.0001857,0.0001836,0.0001857,24476370.0
1778130000,0.0001857,0.0001871,0.0001854,0.0001865,53463355.0
1778133600,0.0001864,0.0001872,0.0001852,0.000187,49638743.0
1778137200,0.0001871,0.0001906,0.0001868,0.0001879,349942621.0
1778140800,0.0001881,0.0001885,0.0001873,0.0001875,74059275.0
1778144400,0.0001873,0.0001878,0.0001865,0.0001871,20411929.0
1778148000,0.0001871,0.0001875,0.0001855,0.0001864,66783287.0
1778151600,0.0001869,0.0001874,0.0001861,0.0001869,23461415.0
1778155200,0.0001866,0.0001911,0.0001866,0.0001906,193759980.0
1778158800,0.0001905,0.0001909,0.0001864,0.0001868,76787677.0
1778162400,0.0001866,0.0001871,0.0001837,0.0001844,58245778.0
1778166000,0.0001849,0.0001852,0.0001834,0.0001839,36283645.0
1778169600,0.0001845,0.000185,0.0001836,0.000184,14513884.0
1778173200,0.0001843,0.0001851,0.0001833,0.0001851,162883947.0
1778176800,0.0001853,0.0001867,0.0001846,0.0001849,45972750.0
1778180400,0.0001847,0.0001855,0.0001842,0.0001847,65835349.0
1778184000,0.0001849,0.0001859,0.0001837,0.0001839,41910195.0
1778187600,0.000184,0.0001841,0.0001821,0.0001835,64871031.0
1778191200,0.0001831,0.0001837,0.0001827,0.0001832,55100166.0
1778194800,0.0001828,0.0001836,0.0001828,0.0001836,88214377.0
1778198400,0.0001833,0.0001839,0.0001826,0.0001835,136345412.0
1778202000,0.0001835,0.0001836,0.0001824,0.0001824,9058625.0
1778223600,0.0001825,0.0001894,0.0001825,0.000186,112593638.0
1778227200,0.0001848,0.0001874,0.0001834,0.0001851,131559017.0
1778230800,0.0001851,0.0001876,0.0001846,0.0001855,37294349.0
1778234400,0.0001852,0.0001856,0.0001841,0.0001845,22180827.0
1778238000,0.0001848,0.0001858,0.0001843,0.0001858,21397872.0
1778241600,0.0001855,0.0001864,0.0001853,0.0001857,27665222.0
1778245200,0.0001856,0.000186,0.0001836,0.0001845,85998011.0
1778248800,0.0001842,0.0001864,0.0001842,0.0001854,9720958.0
1778252400,0.0001859,0.0001864,0.0001847,0.0001864,10368551.0
1778256000,0.0001865,0.0001873,0.0001847,0.0001868,115609595.0
1778259600,0.0001865,0.0001891,0.0001863,0.0001879,53264359.0
1778263200,0.0001879,0.0001894,0.0001879,0.0001885,58903398.0
1778266800,0.0001885,0.0001897,0.0001881,0.0001895,310533822.0
1778270400,0.0001895,0.0001898,0.0001879,0.0001894,37417181.0
1778274000,0.000189,0.0001922,0.0001888,0.0001922,57214259.0
1778277600,0.0001921,0.0001925,0.0001907,0.0001907,70348052.0
1778281200,0.0001906,0.0001917,0.0001898,0.0001909,76435097.0
1778284800,0.0001909,0.0001942,0.0001902,0.0001933,150771662.0
1778288400,0.0001934,0.0001958,0.0001933,0.0001945,69062002.0
1778292000,0.0001941,0.0001949,0.0001939,0.0001939,22419551.0
1778295600,0.0001937,0.0001941,0.0001928,0.0001932,44505538.0
1778299200,0.0001934,0.0001937,0.0001915,0.0001915,30180966.0
1778302800,0.0001914,0.0001934,0.0001914,0.0001925,178386996.0
1778306400,0.0001926,0.0001929,0.0001912,0.0001915,14142068.0
1778310000,0.0001915,0.0001918,0.0001905,0.0001906,31127450.0
1778313600,0.0001907,0.0001925,0.0001907,0.0001911,27678319.0
1778317200,0.0001909,0.0001911,0.0001892,0.0001897,49767124.0
1778320800,0.0001898,0.0001905,0.0001895,0.0001904,11491538.0
1778324400,0.0001905,0.0001912,0.0001904,0.0001912,5252218.0
1778328000,0.0001906,0.0001913,0.0001897,0.0001901,74378988.0
1778331600,0.00019,0.0001907,0.0001884,0.0001889,185873971.0
1778335200,0.0001887,0.0001887,0.000187,0.0001879,35660460.0
1778338800,0.0001881,0.0001883,0.0001865,0.0001882,47488809.0
1778342400,0.000188,0.000192,0.0001876,0.0001894,47820711.0
1778346000,0.000191,0.0001916,0.0001895,0.0001915,33646768.0
1778349600,0.0001916,0.000194,0.0001912,0.0001938,69304477.0
1778353200,0.0001937,0.0001937,0.0001924,0.0001936,21804947.0
1778356800,0.0001932,0.0001936,0.000191,0.0001917,142595005.0
1778360400,0.0001918,0.000193,0.0001917,0.0001923,22445769.0
1778364000,0.0001921,0.0001923,0.0001909,0.0001914,36780287.0
1778367600,0.0001913,0.0001947,0.00019,0.0001937,48562614.0
1778371200,0.0001937,0.0001998,0.0001915,0.0001939,268970497.0
1778374800,0.0001938,0.000203,0.0001928,0.0001992,858041558.0
1778378400,0.0001994,0.0001995,0.0001946,0.000196,315803974.0
1778382000,0.0001963,0.0001971,0.0001941,0.0001951,141375701.0
1778385600,0.000195,0.0001972,0.0001937,0.0001938,83772460.0
1778389200,0.0001937,0.0001952,0.0001935,0.0001935,47001829.0
1778392800,0.0001942,0.0001951,0.0001932,0.0001947,31014342.0
1778396400,0.0001949,0.0001951,0.0001937,0.0001947,52272888.0
1778400000,0.0001946,0.0001957,0.0001945,0.0001957,65430964.0
1778403600,0.0001961,0.0001961,0.0001948,0.0001948,17831982.0
1778407200,0.0001949,0.0001955,0.000194,0.0001953,9252168.0
1778410800,0.0001956,0.0001972,0.000194,0.0001942,150447983.0
1778414400,0.000194,0.000194,0.0001927,0.0001936,29013699.0
1778418000,0.0001936,0.0001965,0.0001933,0.0001961,105954687.0
1778421600,0.0001964,0.0001978,0.0001952,0.0001977,316778042.0
1778425200,0.000198,0.000199,0.000197,0.0001981,296798274.0
1778428800,0.0001984,0.000201,0.0001979,0.0001997,317775891.0
1778432400,0.0001997,0.0002027,0.0001985,0.0002027,122397415.0
1778436000,0.0002027,0.0002072,0.0002023,0.0002047,534627723.0
1778439600,0.0002047,0.0002061,0.0002019,0.0002026,385534998.0
1778443200,0.0002024,0.0002036,0.0001946,0.0001964,580887736.0
1778446800,0.0001961,0.0002,0.0001943,0.000199,612205557.0
1778450400,0.0002,0.0002026,0.000199,0.0002019,161093057.0
1778454000,0.0002022,0.0002038,0.0002017,0.0002026,165264044.0
1778457600,0.0002027,0.0002028,0.0001985,0.000199,189761144.0
1778461200,0.0001991,0.0002012,0.0001986,0.0001997,122002585.0
1778464800,0.0001985,0.0001985,0.0001959,0.0001962,34501458.0
1778468400,0.0001961,0.0001964,0.0001926,0.0001944,326506741.0
1778472000,0.0001943,0.0001951,0.000193,0.0001947,36152752.0
1778475600,0.0001948,0.0001962,0.0001948,0.0001954,13004104.0
1778479200,0.0001956,0.0001967,0.0001946,0.0001957,68856171.0
1778482800,0.0001953,0.0001961,0.0001945,0.0001961,58293243.0
1778486400,0.0001959,0.0001985,0.0001954,0.0001978,14269329.0
1778490000,0.0001981,0.0001989,0.0001974,0.0001989,17704301.0
1778493600,0.0001983,0.0001995,0.0001966,0.0001968,19967168.0
1778497200,0.000197,0.0001987,0.0001969,0.0001987,30424326.0
1778500800,0.0001985,0.0002,0.0001973,0.0001974,211105039.0
1778504400,0.0001976,0.0002004,0.0001976,0.0002004,23607325.0
1778508000,0.0002003,0.0002036,0.0001983,0.0001983,354265535.0
1778511600,0.0001981,0.0002044,0.0001977,0.0002041,106053807.0
1778515200,0.0002038,0.0002052,0.0002025,0.0002038,177804444.0
1778518800,0.0002035,0.0002061,0.000203,0.0002055,114467174.0
1778522400,0.0002054,0.0002058,0.0002028,0.0002028,63410692.0
1778526000,0.0002025,0.0002026,0.0001986,0.0001997,684348412.0
1778529600,0.0002002,0.0002014,0.0001984,0.0001997,152008827.0
1778533200,0.0001995,0.0002007,0.000199,0.0001991,36577982.0
1778536800,0.0001995,0.0002,0.0001991,0.0001994,43290310.0
1778540400,0.0001993,0.0001993,0.0001982,0.0001985,75258456.0
1778544000,0.0001984,0.0001991,0.0001964,0.0001986,52339613.0
1778547600,0.0001986,0.0002,0.0001935,0.0001949,116074165.0
1778551200,0.0001952,0.0001982,0.0001952,0.0001978,199848457.0
1778554800,0.0001976,0.0001977,0.0001957,0.0001961,75082987.0
1778558400,0.0001963,0.0001981,0.0001962,0.0001978,94735341.0
1778562000,0.000198,0.0002,0.000198,0.0001991,34918366.0
1778565600,0.0001992,0.0002019,0.0001985,0.0001985,112122411.0
1778569200,0.0001983,0.0001995,0.000197,0.0001979,29229029.0
1778572800,0.0001981,0.0001983,0.0001967,0.0001979,17730809.0
1778576400,0.0001975,0.0001978,0.0001961,0.0001973,21237102.0
1778580000,0.0001972,0.0001975,0.0001951,0.0001955,39444429.0
1778583600,0.0001953,0.0001955,0.0001932,0.000194,89713861.0
1778587200,0.0001942,0.0001955,0.0001932,0.0001946,84299364.0
1778590800,0.0001947,0.0001955,0.000193,0.0001937,80594478.0
1778594400,0.0001937,0.0001938,0.0001906,0.0001911,168531581.0
1778598000,0.0001912,0.000192,0.0001893,0.0001893,99418300.0
1778601600,0.0001893,0.0001903,0.0001885,0.0001891,161836155.0
1778605200,0.0001891,0.0001931,0.0001891,0.0001922,167319780.0
1778608800,0.0001919,0.000192,0.0001903,0.0001912,167730355.0
1778612400,0.0001912,0.0001939,0.0001912,0.000193,66104932.0
1778616000,0.0001931,0.0001932,0.0001911,0.0001925,28660275.0
1778619600,0.0001923,0.0001934,0.0001917,0.0001933,31788912.0
1778623200,0.0001935,0.0001937,0.0001927,0.0001928,46263584.0
1778626800,0.000193,0.000193,0.0001916,0.0001917,32485346.0
1778630400,0.0001917,0.0001922,0.0001913,0.0001921,47768543.0
1778634000,0.0001921,0.0001959,0.0001919,0.000195,138354756.0
1778637600,0.0001952,0.0001952,0.0001936,0.0001939,71640256.0
1778641200,0.0001938,0.0001944,0.0001919,0.0001942,261042127.0
1778644800,0.0001943,0.0001956,0.0001941,0.0001952,19524599.0
1778648400,0.0001953,0.0001957,0.0001934,0.0001943,19664649.0
1778652000,0.0001945,0.0001949,0.0001942,0.0001945,29108924.0
1778655600,0.0001944,0.0001947,0.0001939,0.000194,14165974.0
1778659200,0.0001939,0.0001969,0.0001939,0.0001969,25201171.0
1778662800,0.0001969,0.0001995,0.0001968,0.0001982,70401293.0
1778666400,0.0001983,0.0001983,0.0001953,0.0001958,113107315.0
1778670000,0.000196,0.000196,0.0001941,0.0001954,98277395.0
1778673600,0.0001949,0.0001952,0.0001891,0.0001902,263369335.0
1778677200,0.0001905,0.0001913,0.0001872,0.0001883,333748377.0
1778680800,0.0001881,0.0001894,0.0001871,0.0001882,172466038.0
1778684400,0.0001886,0.0001887,0.0001839,0.0001843,196974630.0
1778688000,0.0001845,0.0001864,0.0001839,0.0001861,76983706.0
1778691600,0.0001861,0.0001876,0.0001861,0.0001875,138980820.0
1778695200,0.0001875,0.0001884,0.0001875,0.0001877,82088819.0
1778698800,0.0001875,0.0001875,0.0001861,0.0001865,50742545.0
1778702400,0.0001863,0.0001869,0.000186,0.0001867,37118885.0
1778706000,0.0001865,0.0001865,0.0001851,0.0001855,50093658.0
1778709600,0.0001855,0.0001863,0.0001847,0.0001857,56666863.0
1778713200,0.0001858,0.000186,0.0001854,0.0001858,15643881.0
1778716800,0.0001857,0.0001875,0.0001852,0.0001867,224585727.0
1778720400,0.0001867,0.0001868,0.0001854,0.0001858,105255118.0
1778724000,0.0001859,0.0001867,0.0001848,0.0001853,27440742.0
1778727600,0.0001853,0.0001855,0.0001823,0.000183,271916122.0
1778731200,0.0001828,0.0001843,0.0001828,0.0001837,101932191.0
1778734800,0.0001835,0.0001855,0.0001835,0.0001847,79729509.0
1778738400,0.0001847,0.0001854,0.0001846,0.0001847,20257168.0
1778742000,0.0001847,0.0001849,0.0001842,0.0001845,14729094.0
1778745600,0.0001843,0.0001861,0.0001838,0.0001852,70441765.0
1778749200,0.0001854,0.0001854,0.0001836,0.0001843,30471089.0
1778752800,0.0001845,0.0001845,0.0001834,0.0001842,35190603.0
1778756400,0.0001843,0.0001883,0.0001837,0.0001855,563987556.0
1778760000,0.0001857,0.000187,0.0001854,0.000187,26463751.0
1778763600,0.000187,0.0001875,0.0001859,0.0001861,61933673.0
1778767200,0.0001863,0.000191,0.0001857,0.0001901,103209857.0
1778770800,0.0001902,0.0001916,0.0001892,0.0001916,70883192.0
1778774400,0.0001915,0.0001965,0.0001915,0.0001957,551990410.0
1778778000,0.0001959,0.000198,0.0001941,0.0001963,289605522.0
1778781600,0.0001963,0.0001963,0.000192,0.0001942,593607036.0
1778785200,0.0001942,0.0001947,0.0001921,0.000193,48075370.0
1778788800,0.0001932,0.0001933,0.0001912,0.0001928,67157493.0
1778792400,0.0001926,0.0001931,0.0001919,0.0001925,33617931.0
1778796000,0.0001927,0.0001928,0.0001917,0.0001917,34615215.0
1778799600,0.0001917,0.0001917,0.0001898,0.0001902,85348821.0
1778803200,0.0001904,0.0001927,0.0001902,0.0001921,91285625.0
1778806800,0.0001921,0.000193,0.0001914,0.0001925,75260404.0
1778810400,0.0001923,0.0001929,0.0001903,0.0001923,137273811.0
1778814000,0.0001926,0.0001936,0.0001908,0.0001933,90926045.0
1778817600,0.000193,0.0001949,0.0001928,0.0001938,75161599.0
1778821200,0.0001939,0.0001945,0.0001889,0.0001893,174616452.0
1778824800,0.0001895,0.0001911,0.0001893,0.0001906,65024944.0
1778828400,0.0001905,0.000193,0.0001898,0.0001909,81639569.0
1778832000,0.0001907,0.0001911,0.0001894,0.0001896,53197993.0
1778835600,0.0001895,0.00019,0.0001878,0.000189,95484778.0
1778839200,0.000189,0.0001905,0.0001888,0.0001902,33441344.0
1778842800,0.0001902,0.0001902,0.0001889,0.0001891,44704765.0
1778846400,0.000189,0.0001891,0.0001873,0.0001873,81617868.0
1778850000,0.0001871,0.0001881,0.0001816,0.0001817,458755030.0
1778853600,0.0001815,0.0001837,0.0001813,0.0001828,138381973.0
1778857200,0.0001831,0.0001833,0.0001816,0.0001822,113873661.0
1778860800,0.0001821,0.0001837,0.0001806,0.0001826,135343018.0
1778864400,0.0001829,0.0001847,0.0001827,0.0001847,66101475.0
1778868000,0.0001849,0.0001851,0.0001829,0.0001829,29890979.0
1778871600,0.0001827,0.0001831,0.0001823,0.0001826,27090059.0
1778875200,0.0001827,0.0001827,0.0001815,0.0001823,85675206.0
1778878800,0.0001823,0.0001823,0.0001817,0.0001823,12311718.0
1778882400,0.0001823,0.0001825,0.0001817,0.0001824,15531101.0
1778886000,0.0001825,0.0001828,0.0001821,0.0001825,30567529.0
1778889600,0.0001824,0.000183,0.0001822,0.0001824,31035549.0
1778893200,0.0001824,0.000183,0.000182,0.0001829,33178968.0
1778896800,0.0001828,0.0001833,0.0001825,0.0001833,14464357.0
1778900400,0.0001833,0.0001833,0.0001822,0.0001822,17982708.0
1778904000,0.0001821,0.0001823,0.00018,0.0001805,327160563.0
1778907600,0.0001804,0.0001809,0.00018,0.0001802,30084651.0
1778911200,0.0001802,0.0001803,0.0001774,0.0001781,170195684.0
1778914800,0.0001781,0.0001781,0.0001748,0.0001765,186282844.0
1778918400,0.0001767,0.0001769,0.0001761,0.0001765,14531664.0
1778922000,0.0001764,0.0001765,0.0001739,0.0001741,155354807.0
1778925600,0.0001744,0.0001747,0.0001731,0.0001743,44499189.0
1778929200,0.0001745,0.000176,0.0001745,0.0001759,29168775.0
1778932800,0.0001759,0.0001761,0.0001755,0.0001759,15814468.0
1778936400,0.0001758,0.0001763,0.0001748,0.0001755,73030692.0
1778940000,0.0001753,0.0001767,0.0001743,0.0001755,44046313.0
1778943600,0.0001754,0.0001778,0.0001754,0.0001775,164785773.0
1778947200,0.0001774,0.0001785,0.0001773,0.0001779,51522096.0
1778950800,0.000178,0.0001818,0.0001778,0.0001786,301285256.0
1778954400,0.0001787,0.0001789,0.0001774,0.0001778,29324542.0
1778958000,0.0001778,0.0001781,0.0001772,0.0001773,35398324.0
1778961600,0.0001773,0.0001776,0.0001768,0.000177,12479062.0
1778965200,0.0001769,0.0001775,0.0001763,0.0001765,12224211.0
1778968800,0.0001766,0.0001771,0.0001764,0.0001769,9515597.0
1778972400,0.0001767,0.000177,0.000176,0.0001763,28414686.0
1778976000,0.0001764,0.0001778,0.0001757,0.0001761,24603413.0
1778979600,0.0001755,0.0001761,0.0001747,0.0001757,15633180.0
1778983200,0.0001756,0.0001767,0.0001755,0.0001767,19902096.0
1778986800,0.0001767,0.0001791,0.0001767,0.0001789,35380026.0
1778990400,0.0001789,0.0001793,0.0001781,0.0001782,33208898.0
1778994000,0.0001784,0.0001787,0.0001774,0.0001779,18602250.0
1778997600,0.0001776,0.0001778,0.0001773,0.0001773,4135652.0
1779001200,0.0001773,0.0001776,0.000177,0.000177,4428094.0
1779004800,0.0001773,0.0001775,0.0001762,0.0001764,16718051.0
1779008400,0.0001767,0.0001771,0.0001767,0.0001771,2664160.0
1779012000,0.0001772,0.0001777,0.0001769,0.0001775,6087758.0
1779015600,0.0001772,0.0001792,0.0001766,0.0001786,238701793.0
1779019200,0.0001785,0.0001802,0.0001772,0.0001772,87431034.0
1779022800,0.0001771,0.0001772,0.0001759,0.0001759,30848449.0
1779026400,0.0001759,0.0001759,0.0001745,0.000175,68962653.0
1779030000,0.0001751,0.0001762,0.000174,0.0001762,67464433.0
1779033600,0.0001762,0.0001766,0.0001756,0.0001756,9448945.0
1779037200,0.0001755,0.0001759,0.0001739,0.0001751,52376743.0
1779040800,0.0001754,0.0001765,0.0001746,0.0001764,46355434.0
1779044400,0.0001761,0.0001763,0.0001755,0.0001755,14492331.0
1779048000,0.0001755,0.0001759,0.0001751,0.0001757,11557595.0
1779051600,0.0001759,0.0001762,0.0001744,0.0001744,11304672.0
1779055200,0.0001748,0.0001758,0.0001745,0.0001745,35816707.0
1779058800,0.0001745,0.0001745,0.0001672,0.0001705,277955762.0
1779062400,0.0001706,0.0001711,0.0001689,0.0001711,97598173.0
1779066000,0.0001712,0.0001714,0.0001697,0.0001708,46668555.0
1779069600,0.0001707,0.0001725,0.0001707,0.0001712,67683575.0
1779073200,0.0001713,0.0001722,0.0001703,0.000171,34676116.0
1779076800,0.0001711,0.0001721,0.0001704,0.0001718,14431749.0
1779080400,0.0001719,0.0001729,0.0001712,0.0001715,80742805.0
1779084000,0.0001716,0.0001717,0.00017,0.0001706,35739357.0
1779087600,0.0001706,0.0001706,0.0001697,0.0001705,10202166.0
1779091200,0.0001705,0.0001709,0.0001695,0.0001695,5533622.0
1779094800,0.0001696,0.0001704,0.000169,0.000169,7107487.0
1779098400,0.000169,0.0001694,0.0001681,0.0001686,224127083.0
1779102000,0.0001686,0.0001715,0.0001685,0.0001715,19435502.0
1779105600,0.0001716,0.0001721,0.0001705,0.0001715,47126383.0
1779109200,0.0001713,0.0001713,0.0001693,0.0001698,28427061.0
1779112800,0.0001699,0.0001701,0.000168,0.0001689,50540515.0
1779116400,0.0001687,0.0001691,0.0001674,0.0001685,84182140.0
1779120000,0.0001688,0.0001695,0.0001669,0.0001676,68486942.0
1779123600,0.0001675,0.000169,0.0001675,0.0001688,19905369.0
1779127200,0.0001686,0.0001688,0.0001667,0.0001673,14610361.0
1779130800,0.0001676,0.0001704,0.0001674,0.0001704,15424057.0
1779134400,0.0001704,0.0001711,0.0001695,0.0001699,26393479.0
1779138000,0.00017,0.000172,0.0001697,0.0001716,31484291.0
1779141600,0.0001716,0.0001729,0.0001714,0.0001722,22386443.0
1779145200,0.0001719,0.000173,0.0001715,0.0001726,65603240.0
1779148800,0.0001724,0.0001734,0.0001721,0.0001721,29987696.0
1779152400,0.0001722,0.0001727,0.0001701,0.0001701,61817163.0
1779156000,0.00017,0.0001711,0.0001691,0.0001694,25168420.0
1779159600,0.0001697,0.0001707,0.0001691,0.0001699,92087851.0
1779163200,0.0001701,0.0001708,0.0001698,0.0001708,3569907.0
1779166800,0.0001706,0.0001707,0.0001697,0.0001707,2859384.0
1779170400,0.0001707,0.0001711,0.0001707,0.0001707,8761215.0
1779174000,0.0001713,0.0001727,0.0001712,0.0001715,50654842.0
1779177600,0.0001713,0.0001718,0.0001707,0.0001707,39371753.0
1779181200,0.0001707,0.0001707,0.0001695,0.0001701,20728440.0
1779184800,0.0001696,0.0001705,0.0001695,0.00017,7235104.0
1779188400,0.00017,0.0001711,0.00017,0.0001701,19250700.0
1779192000,0.0001705,0.0001713,0.0001705,0.0001711,4425567.0
1779195600,0.000171,0.000172,0.0001703,0.0001715,45642722.0
1779199200,0.0001714,0.0001715,0.0001688,0.0001695,39257311.0
1779202800,0.0001695,0.0001699,0.0001677,0.0001678,100764478.0
1779206400,0.0001679,0.0001697,0.0001665,0.0001697,58936448.0
1779210000,0.0001695,0.0001696,0.0001681,0.0001684,36618119.0
1779213600,0.0001682,0.0001689,0.0001673,0.0001677,19381332.0
1779217200,0.0001678,0.0001686,0.0001673,0.0001683,50879691.0
1779220800,0.0001684,0.0001684,0.0001678,0.0001679,11125921.0
1779224400,0.0001679,0.0001688,0.0001679,0.0001681,46429660.0
1779228000,0.0001681,0.0001683,0.0001656,0.0001661,65658008.0
1779231600,0.0001659,0.0001665,0.0001652,0.0001662,79940047.0
1779235200,0.0001662,0.0001664,0.0001655,0.0001663,6819392.0
1779238800,0.000166,0.0001675,0.0001653,0.0001675,45840624.0
1779242400,0.0001675,0.0001677,0.0001667,0.0001668,29542037.0
1779246000,0.0001669,0.0001672,0.000166,0.0001672,79956010.0
1779249600,0.0001671,0.0001677,0.0001668,0.0001675,20154756.0
1779253200,0.0001676,0.0001685,0.0001676,0.0001685,7864092.0
1779256800,0.0001685,0.0001685,0.0001676,0.0001682,18908179.0
1779260400,0.0001678,0.0001687,0.0001678,0.000168,29189495.0
1779264000,0.0001683,0.0001686,0.000168,0.0001686,3085199.0
1779267600,0.0001685,0.000169,0.000168,0.000168,34005495.0
1779271200,0.0001684,0.0001689,0.0001681,0.0001685,24799260.0
1779274800,0.0001685,0.0001693,0.0001673,0.0001679,51528342.0
1779278400,0.0001681,0.0001692,0.0001676,0.0001687,110153889.0
1779282000,0.0001687,0.000169,0.0001661,0.0001678,112934188.0
1779285600,0.0001681,0.0001701,0.0001671,0.0001699,74292719.0
1779289200,0.0001698,0.0001712,0.0001695,0.0001707,88696794.0
1779292800,0.0001709,0.0001713,0.0001697,0.0001707,27843689.0
1779296400,0.0001707,0.0001717,0.0001703,0.0001709,26153352.0
1779300000,0.000171,0.0001711,0.0001699,0.0001701,17547430.0
1779303600,0.0001701,0.0001707,0.0001699,0.0001701,11118929.0
1779307200,0.0001699,0.0001703,0.0001693,0.0001698,23341731.0
1779310800,0.0001698,0.0001708,0.0001695,0.0001705,99379273.0
1779314400,0.0001701,0.0001704,0.0001688,0.000169,67710356.0
1779318000,0.000169,0.0001701,0.0001688,0.0001698,56656051.0
1779321600,0.0001696,0.0001709,0.0001688,0.0001709,43012840.0
1779325200,0.0001709,0.0001715,0.0001707,0.0001713,52023703.0
1779328800,0.0001711,0.0001717,0.0001711,0.0001711,15925922.0
1779332400,0.0001711,0.000172,0.0001709,0.0001715,25339797.0
1779336000,0.0001719,0.0001723,0.0001712,0.0001718,43891599.0
1779339600,0.0001723,0.0001725,0.0001701,0.000171,76646368.0
1779343200,0.0001711,0.0001714,0.0001707,0.0001711,16232114.0
1779346800,0.0001711,0.0001717,0.0001702,0.0001717,24268132.0
1779350400,0.0001715,0.0001727,0.0001714,0.0001717,32411557.0
1779354000,0.0001717,0.000172,0.0001705,0.0001706,18393144.0
1779357600,0.0001705,0.0001705,0.0001682,0.0001686,175638325.0
1779361200,0.0001688,0.0001696,0.0001686,0.0001689,29873988.0
1779364800,0.0001689,0.0001694,0.0001683,0.0001694,38751130.0
1779368400,0.0001694,0.0001695,0.0001679,0.0001695,38067890.0
1779372000,0.0001691,0.0001693,0.0001671,0.0001674,130908461.0
1779375600,0.0001675,0.0001696,0.0001671,0.0001688,130215012.0
1779379200,0.0001691,0.0001694,0.0001683,0.0001688,25221123.0
1779382800,0.0001689,0.0001711,0.0001688,0.0001704,175391184.0
1779386400,0.0001703,0.0001713,0.0001693,0.0001699,54161144.0
1779390000,0.0001697,0.0001707,0.0001693,0.0001705,146991054.0
1779393600,0.0001705,0.0001709,0.0001703,0.0001703,51800991.0
1779397200,0.0001704,0.0001705,0.0001697,0.0001701,35049231.0
1779400800,0.00017,0.0001707,0.0001699,0.0001702,19377354.0
1779404400,0.00017,0.0001705,0.0001694,0.00017,68269575.0
1779408000,0.00017,0.0001702,0.0001676,0.0001678,165776146.0
1779411600,0.0001678,0.0001703,0.0001678,0.0001703,66273567.0
1779415200,0.0001703,0.0001709,0.0001703,0.0001708,35840372.0
1779418800,0.0001709,0.0001715,0.0001709,0.0001711,21194127.0
1779422400,0.0001711,0.0001725,0.0001711,0.0001723,66305683.0
1779426000,0.0001721,0.0001727,0.0001713,0.0001717,44559731.0
1779429600,0.0001717,0.0001717,0.0001697,0.0001698,28369794.0
1779433200,0.0001697,0.0001711,0.0001697,0.0001711,18316645.0
1779436800,0.000171,0.0001715,0.0001702,0.0001702,56383097.0
1779440400,0.0001701,0.0001707,0.0001699,0.0001703,24023745.0
1779444000,0.0001705,0.0001706,0.0001698,0.0001704,7311981.0
1779447600,0.0001701,0.0001709,0.0001697,0.0001708,21179160.0
1779451200,0.0001707,0.0001713,0.0001705,0.0001713,24645999.0
1779454800,0.0001715,0.0001722,0.0001705,0.0001706,78577831.0
1779458400,0.0001705,0.000171,0.0001692,0.0001694,86250592.0
1779462000,0.0001691,0.0001703,0.0001686,0.0001701,130185320.0
1779465600,0.0001703,0.0001706,0.0001693,0.0001706,25599137.0
1779469200,0.0001707,0.0001722,0.0001704,0.0001711,115702160.0
1779472800,0.000171,0.000171,0.000167,0.0001679,247511795.0
1779476400,0.000168,0.0001683,0.0001646,0.0001659,176618572.0
1779480000,0.0001661,0.0001664,0.0001641,0.0001644,178575124.0
1779483600,0.0001645,0.0001661,0.0001645,0.0001661,173471851.0
1779487200,0.000166,0.000166,0.0001646,0.0001647,47146796.0
1779490800,0.000165,0.0001659,0.0001623,0.0001631,77648074.0
1779494400,0.0001631,0.0001632,0.0001614,0.0001631,58151672.0
1779498000,0.0001631,0.0001641,0.0001627,0.0001641,48114108.0
1779501600,0.0001639,0.0001639,0.0001627,0.0001628,23273430.0
1779505200,0.0001628,0.0001634,0.0001618,0.0001621,36608421.0
1779508800,0.0001621,0.0001622,0.0001612,0.0001618,43998645.0
1779512400,0.0001617,0.000164,0.0001617,0.0001626,202020923.0
1779516000,0.0001626,0.0001627,0.0001623,0.0001627,2889348.0
1779519600,0.0001626,0.0001626,0.000156,0.000157,232430381.0
1779523200,0.0001571,0.0001589,0.0001566,0.0001586,146138875.0
1779526800,0.0001589,0.0001597,0.0001588,0.0001594,37671486.0
1779530400,0.0001594,0.0001599,0.0001591,0.0001597,11746319.0
1779534000,0.0001597,0.0001597,0.0001576,0.0001578,65625752.0
1779537600,0.0001578,0.0001582,0.000151,0.0001565,1463933015.0
1779541200,0.0001565,0.0001603,0.0001565,0.0001603,173399785.0
1779544800,0.0001603,0.0001613,0.0001593,0.0001608,110117391.0
1779548400,0.0001608,0.0001612,0.0001591,0.0001601,165106492.0
1779552000,0.0001603,0.0001612,0.0001601,0.0001612,34924526.0
1779555600,0.0001612,0.0001616,0.0001607,0.0001613,29874312.0
1779559200,0.0001612,0.0001638,0.0001611,0.0001634,200857366.0
1779562800,0.0001634,0.0001654,0.0001632,0.0001652,335477650.0
1779566400,0.0001651,0.0001683,0.0001645,0.0001683,134395327.0
1779570000,0.0001682,0.0001683,0.0001641,0.0001651,436194421.0
1779573600,0.0001655,0.0001665,0.0001633,0.0001642,196168217.0
1779577200,0.000164,0.0001645,0.0001627,0.0001635,110704058.0
1779580800,0.0001636,0.0001639,0.0001631,0.0001639,36592922.0
1779584400,0.0001639,0.0001641,0.0001627,0.0001631,58814978.0
1779588000,0.0001631,0.0001631,0.0001609,0.0001621,62618833.0
1779591600,0.0001623,0.0001626,0.0001611,0.0001613,18456930.0
1779595200,0.0001615,0.0001618,0.0001611,0.0001613,32429389.0
1779598800,0.0001613,0.0001615,0.0001599,0.0001612,63309597.0
1779602400,0.0001611,0.0001623,0.000161,0.0001621,18853836.0
1779606000,0.0001619,0.000162,0.0001611,0.0001614,26941468.0
1779609600,0.000161,0.0001614,0.0001607,0.000161,15084071.0
1779613200,0.0001608,0.0001617,0.0001607,0.000161,30176179.0
1779616800,0.000161,0.0001617,0.0001606,0.0001608,43806165.0
1779620400,0.0001608,0.0001614,0.0001607,0.0001609,30009387.0
1779624000,0.0001608,0.0001613,0.0001599,0.0001605,99873050.0
1779627600,0.0001605,0.0001605,0.000159,0.0001595,22668624.0
1779631200,0.0001595,0.0001596,0.0001569,0.0001589,54713275.0
1779634800,0.000159,0.000159,0.0001574,0.0001588,34500391.0
1779638400,0.0001588,0.000159,0.0001572,0.0001577,27543082.0
1779642000,0.0001578,0.0001583,0.0001578,0.0001583,23062081.0
1779645600,0.000158,0.0001585,0.0001574,0.0001576,97709480.0
1779649200,0.0001578,0.0001583,0.0001573,0.0001577,51124588.0
1779652800,0.0001578,0.000158,0.0001569,0.0001571,65579736.0
1779656400,0.0001572,0.0001575,0.0001553,0.000156,148427016.0
1779660000,0.0001561,0.000158,0.0001561,0.0001578,35736270.0
1779663600,0.0001579,0.0001593,0.0001579,0.000159,33158005.0
1779667200,0.0001595,0.0001601,0.0001594,0.0001599,16682758.0
1779670800,0.0001598,0.0001605,0.0001597,0.0001598,63884108.0
1779674400,0.0001597,0.0001616,0.0001595,0.0001608,80923930.0
1779678000,0.0001607,0.0001608,0.0001589,0.0001593,86251762.0
1779681600,0.0001592,0.0001615,0.0001592,0.0001613,30234811.0
1779685200,0.0001612,0.0001664,0.0001612,0.0001627,814824700.0
1779688800,0.0001631,0.0001636,0.0001623,0.0001629,60277310.0
1779692400,0.0001632,0.0001643,0.0001619,0.0001643,145381852.0
1779696000,0.0001641,0.0001642,0.0001628,0.0001639,68642865.0
1779699600,0.0001641,0.0001641,0.0001625,0.0001628,38767362.0
1779703200,0.0001627,0.000164,0.0001627,0.0001631,33839498.0
1779706800,0.0001633,0.0001637,0.0001623,0.0001623,18516753.0
1779710400,0.0001623,0.0001627,0.0001616,0.0001627,34147786.0
1779714000,0.0001624,0.0001631,0.0001618,0.0001627,29433407.0
1779717600,0.0001629,0.0001633,0.000162,0.0001626,79160522.0
1779721200,0.0001629,0.0001637,0.0001616,0.0001625,258451256.0
1779724800,0.0001624,0.0001639,0.0001624,0.0001635,89960875.0
1779728400,0.0001635,0.0001636,0.0001625,0.0001625,21619872.0
1779732000,0.0001625,0.0001632,0.0001621,0.0001621,117322639.0
1779735600,0.0001624,0.0001626,0.0001618,0.0001623,16364739.0
1779739200,0.0001625,0.0001626,0.0001604,0.000161,84245459.0
1779742800,0.0001612,0.0001612,0.0001601,0.0001605,122646358.0
1779746400,0.0001602,0.0001608,0.0001591,0.0001592,107288024.0
1779750000,0.0001594,0.0001602,0.0001592,0.0001595,42952442.0
1779753600,0.0001595,0.0001596,0.0001575,0.0001581,63040818.0
1779757200,0.0001581,0.0001585,0.0001569,0.0001576,24281831.0
1779760800,0.0001577,0.0001577,0.0001572,0.0001576,8212589.0
1779764400,0.0001574,0.0001581,0.000157,0.000158,14841409.0
1779768000,0.0001579,0.0001613,0.0001579,0.0001611,607527230.0
1779771600,0.0001611,0.000162,0.0001606,0.000161,49393273.0
1779775200,0.0001609,0.0001612,0.00016,0.0001608,23171714.0
1779778800,0.0001609,0.0001609,0.0001599,0.0001607,15963616.0
1779782400,0.0001607,0.0001609,0.0001603,0.0001604,3387591.0
1779786000,0.0001605,0.0001611,0.0001596,0.0001601,53229322.0
1779789600,0.0001601,0.0001623,0.0001596,0.0001621,27834978.0
1779793200,0.0001621,0.0001624,0.0001617,0.0001617,43349516.0
1779796800,0.0001616,0.0001616,0.0001599,0.000161,307288583.0
1779800400,0.0001608,0.0001608,0.0001589,0.0001607,307529452.0
1779804000,0.0001606,0.0001623,0.00016,0.0001605,81957375.0
1779807600,0.0001605,0.0001605,0.0001575,0.0001585,155163269.0
1779811200,0.0001585,0.0001586,0.0001577,0.0001582,16949153.0
1779814800,0.000158,0.0001594,0.0001559,0.0001567,170981328.0
1779818400,0.0001568,0.0001576,0.0001559,0.0001562,61641321.0
1779822000,0.0001565,0.0001567,0.0001554,0.0001565,156590062.0
1779825600,0.0001566,0.0001567,0.0001554,0.0001561,27101139.0
1779829200,0.0001561,0.0001565,0.0001553,0.0001565,62365720.0
1779832800,0.0001567,0.0001568,0.0001558,0.0001563,11874205.0
1779836400,0.0001563,0.0001567,0.0001558,0.0001558,25341913.0
1779840000,0.0001561,0.0001571,0.0001561,0.0001571,33932860.0
1779843600,0.0001573,0.0001579,0.0001544,0.0001554,95478654.0
1779847200,0.0001553,0.0001555,0.0001536,0.0001553,41367590.0
1779850800,0.0001553,0.0001559,0.0001546,0.0001551,76612336.0
1779854400,0.0001547,0.000155,0.0001532,0.0001549,35828954.0
1779858000,0.0001549,0.0001561,0.0001549,0.0001559,19233368.0
1779861600,0.0001561,0.0001572,0.0001557,0.0001572,19778309.0
1779865200,0.000157,0.0001575,0.0001564,0.0001575,30036253.0
1779868800,0.0001577,0.0001579,0.0001565,0.0001567,15118059.0
1779872400,0.0001566,0.0001566,0.0001559,0.0001559,12871629.0
1779876000,0.0001558,0.0001567,0.0001558,0.0001567,16123081.0
1779879600,0.0001569,0.000158,0.0001568,0.0001575,45941072.0
1779883200,0.0001573,0.0001589,0.000157,0.0001573,55642716.0
1779886800,0.0001575,0.0001576,0.0001557,0.0001563,13909249.0
1779890400,0.0001565,0.000157,0.000155,0.0001569,156828035.0
1779894000,0.0001568,0.0001593,0.0001568,0.0001585,56015562.0
1779897600,0.0001587,0.0001591,0.0001528,0.0001567,573690028.0
1779901200,0.0001563,0.0001563,0.0001547,0.0001547,59141428.0
1779904800,0.0001549,0.0001557,0.0001541,0.0001557,80891619.0
1779908400,0.0001557,0.0001558,0.0001549,0.0001552,37981942.0
1779912000,0.0001551,0.0001559,0.000155,0.0001556,38106244.0
1779915600,0.0001556,0.0001557,0.0001511,0.0001521,143853145.0
1779919200,0.0001519,0.0001529,0.0001515,0.0001521,93355256.0
1779922800,0.0001525,0.0001529,0.0001518,0.0001527,23301251.0
1779926400,0.0001527,0.000153,0.000152,0.000152,20000469.0
1779930000,0.0001521,0.0001522,0.000149,0.0001506,258445370.0
1779933600,0.0001507,0.0001509,0.0001501,0.0001505,25255384.0
1779937200,0.0001503,0.0001505,0.000146,0.0001467,213099227.0
1779940800,0.0001465,0.000147,0.0001445,0.000147,211232592.0
1779944400,0.0001469,0.000147,0.0001443,0.0001457,92195601.0
1779948000,0.0001457,0.0001466,0.0001455,0.0001465,20899139.0
1779951600,0.0001465,0.0001489,0.0001465,0.0001487,47956110.0
1779955200,0.0001485,0.0001492,0.0001479,0.0001489,33297204.0
1779958800,0.000149,0.0001521,0.000148,0.0001516,53061844.0
1779962400,0.0001515,0.0001522,0.0001496,0.0001499,49925651.0
1779966000,0.0001498,0.0001526,0.000147,0.0001475,176738299.0
1779969600,0.0001475,0.0001494,0.0001473,0.0001494,149691875.0
1779973200,0.0001494,0.0001495,0.0001468,0.0001474,91364006.0
1779976800,0.0001469,0.000148,0.000145,0.0001463,217565752.0
1779980400,0.0001464,0.0001487,0.0001455,0.0001475,150856124.0
1779984000,0.0001478,0.0001493,0.0001469,0.0001491,62815641.0
1779987600,0.000149,0.0001501,0.0001487,0.0001493,151461200.0
1779991200,0.0001495,0.0001501,0.0001487,0.0001487,70902676.0
1779994800,0.0001489,0.0001489,0.0001481,0.0001483,47755160.0
1779998400,0.0001481,0.0001497,0.0001479,0.0001491,37828288.0
1780002000,0.0001491,0.0001511,0.0001489,0.0001501,40492678.0
1780005600,0.0001501,0.0001505,0.0001494,0.0001498,35746318.0
1780009200,0.0001498,0.0001504,0.0001483,0.0001485,115369049.0
1780012800,0.0001487,0.0001495,0.0001486,0.000149,26603710.0
1780016400,0.000149,0.0001492,0.0001469,0.0001475,58636652.0
1780020000,0.0001474,0.0001482,0.0001463,0.0001469,83002740.0
1780023600,0.0001469,0.0001484,0.0001469,0.0001477,63867939.0
1780027200,0.0001478,0.0001486,0.0001469,0.0001485,27602614.0
1780030800,0.0001488,0.0001495,0.0001487,0.0001492,37143568.0
1780034400,0.0001491,0.0001512,0.0001489,0.0001501,33466646.0
1780038000,0.0001502,0.0001509,0.0001493,0.0001501,29966019.0
1780041600,0.00015,0.0001506,0.0001496,0.0001499,30134749.0
1780045200,0.0001502,0.0001509,0.00015,0.0001502,17120637.0
1780048800,0.0001501,0.0001505,0.0001493,0.0001494,15728461.0
1780052400,0.0001493,0.0001497,0.000148,0.0001483,28728186.0
1780056000,0.0001486,0.0001487,0.0001473,0.0001476,39168338.0
1780059600,0.0001476,0.0001484,0.0001471,0.0001473,147521534.0
1780063200,0.0001474,0.0001478,0.0001449,0.0001472,162955156.0
1780066800,0.0001469,0.0001509,0.0001469,0.0001494,118122941.0
1780070400,0.0001495,0.0001501,0.0001483,0.0001499,49046895.0
1780074000,0.0001499,0.0001502,0.0001489,0.0001491,23722014.0
1780077600,0.000149,0.0001494,0.0001473,0.0001477,95694446.0
1780081200,0.0001479,0.0001483,0.0001471,0.0001478,25588036.0
1780084800,0.0001479,0.0001499,0.0001478,0.000149,39430593.0
1780088400,0.0001489,0.0001493,0.0001481,0.0001481,29903063.0
1780092000,0.0001479,0.0001485,0.0001479,0.0001481,19885688.0
1780095600,0.0001483,0.0001484,0.0001465,0.0001475,101352275.0
1780099200,0.0001473,0.0001485,0.0001467,0.0001485,123743072.0
1780102800,0.0001485,0.000153,0.0001485,0.0001511,712087983.0
1780106400,0.0001513,0.0001519,0.0001508,0.0001513,76444789.0
1780110000,0.0001513,0.0001515,0.00015,0.0001503,46243116.0
1780113600,0.0001501,0.0001502,0.0001482,0.0001493,68979265.0
1780117200,0.0001495,0.0001506,0.0001495,0.0001498,107953032.0
1780120800,0.0001497,0.0001499,0.0001492,0.0001492,25740250.0
1780124400,0.0001491,0.0001496,0.0001486,0.0001496,123305728.0
1780128000,0.0001496,0.0001515,0.0001496,0.0001502,144458083.0
1780131600,0.0001505,0.0001511,0.0001504,0.0001507,21273853.0
1780135200,0.0001507,0.0001507,0.0001504,0.0001504,7460426.0
1780138800,0.0001504,0.0001504,0.0001497,0.0001498,4222248.0
1780142400,0.0001499,0.0001499,0.0001491,0.0001498,15718767.0
1780146000,0.0001499,0.0001501,0.0001491,0.0001499,14865633.0
1780149600,0.0001498,0.0001504,0.0001492,0.0001502,43290138.0
1780153200,0.0001504,0.0001509,0.0001493,0.00015,35090355.0
1780156800,0.0001499,0.0001513,0.0001499,0.0001511,37808393.0
1780160400,0.0001507,0.0001511,0.0001499,0.0001508,20964899.0
1780164000,0.0001507,0.0001507,0.0001502,0.0001502,18956738.0
1780167600,0.0001501,0.0001504,0.0001496,0.00015,29966385.0
1780171200,0.00015,0.0001507,0.0001498,0.0001503,23610749.0
1780174800,0.0001503,0.0001506,0.0001501,0.0001501,3820844.0
1780178400,0.0001497,0.0001497,0.0001485,0.0001488,36024269.0
1780182000,0.0001489,0.0001491,0.0001464,0.0001481,841156166.0
1780185600,0.0001482,0.0001494,0.0001472,0.0001491,122996390.0
1780189200,0.0001488,0.0001491,0.0001484,0.0001486,33578371.0
1780192800,0.0001488,0.0001496,0.0001485,0.0001492,50006496.0
1780196400,0.000149,0.000149,0.0001471,0.0001482,183979886.0
1780200000,0.0001481,0.0001486,0.000148,0.0001481,19414847.0
1780203600,0.0001481,0.0001483,0.0001475,0.0001475,30467108.0
1780207200,0.0001476,0.0001485,0.0001475,0.000148,136541927.0
1780210800,0.0001479,0.0001479,0.0001467,0.0001471,43630748.0
1780214400,0.0001472,0.0001473,0.0001466,0.0001469,20825447.0
1780218000,0.0001469,0.000148,0.0001468,0.0001469,23592954.0
1780221600,0.0001471,0.0001473,0.0001459,0.0001472,47210799.0
1780225200,0.0001472,0.0001492,0.0001471,0.0001489,80547243.0
1780228800,0.0001489,0.0001503,0.0001486,0.0001491,95095417.0
1780232400,0.0001491,0.0001491,0.0001481,0.0001481,38945963.0
1780236000,0.0001479,0.000148,0.0001453,0.0001463,373332110.0
1780239600,0.0001462,0.0001477,0.0001462,0.0001463,113825234.0
1780243200,0.0001464,0.0001473,0.0001453,0.0001457,63316108.0
1780246800,0.0001458,0.0001464,0.000145,0.0001461,29405994.0
1780250400,0.0001459,0.0001463,0.0001458,0.0001461,7553011.0
1780254000,0.0001458,0.0001459,0.0001449,0.0001454,24338466.0
1780257600,0.0001457,0.0001476,0.0001457,0.0001472,73076473.0
1780261200,0.0001471,0.0001485,0.000147,0.0001485,55551959.0
1780264800,0.0001485,0.0001492,0.0001479,0.0001492,21927872.0
1780268400,0.0001493,0.0001502,0.0001485,0.0001496,32222716.0
1780272000,0.0001497,0.0001505,0.0001493,0.0001493,19577657.0
1780275600,0.0001493,0.0001497,0.0001477,0.0001477,31838249.0
1780279200,0.0001476,0.0001495,0.0001474,0.0001494,47627152.0
1780282800,0.0001494,0.0001502,0.0001494,0.0001496,26932431.0
1780286400,0.0001497,0.00015,0.0001473,0.0001487,116024785.0
1780290000,0.0001485,0.0001487,0.0001476,0.0001479,26293498.0
1780293600,0.0001478,0.0001478,0.0001465,0.0001472,67712500.0
1780297200,0.0001469,0.0001473,0.0001461,0.0001462,18266984.0
1780300800,0.0001464,0.0001468,0.0001458,0.0001468,22018706.0
1780304400,0.0001471,0.0001478,0.0001471,0.0001473,12281699.0
1780308000,0.0001476,0.0001477,0.000147,0.0001476,6586781.0
1780311600,0.0001477,0.0001507,0.0001477,0.0001493,144572149.0
1780315200,0.0001493,0.0001493,0.0001477,0.000148,74959609.0
1780318800,0.0001477,0.0001477,0.0001457,0.0001466,154636182.0
1780322400,0.0001463,0.0001475,0.0001458,0.0001475,75279420.0
1780326000,0.0001474,0.0001489,0.0001469,0.0001484,74379173.0
1780329600,0.0001484,0.0001505,0.0001471,0.0001502,67046952.0
1780333200,0.0001504,0.0001521,0.0001501,0.0001514,186030967.0
1780336800,0.0001517,0.0001522,0.0001509,0.0001513,37793702.0
1780340400,0.0001511,0.0001517,0.0001509,0.0001515,25893401.0
1780344000,0.0001515,0.000152,0.0001511,0.0001512,13443810.0
1780347600,0.0001512,0.0001516,0.0001497,0.0001509,58788548.0
1780351200,0.0001509,0.000152,0.0001499,0.000152,64399520.0
1780354800,0.0001517,0.0001533,0.0001516,0.0001533,52510821.0
1780358400,0.0001532,0.0001533,0.0001519,0.0001522,69761247.0
1780362000,0.0001525,0.0001525,0.0001496,0.0001496,44925515.0
1780365600,0.0001495,0.0001511,0.0001482,0.000151,148147986.0
1780369200,0.0001509,0.0001522,0.0001509,0.0001515,48614232.0
1780372800,0.0001515,0.0001517,0.0001494,0.0001494,299038222.0
1780376400,0.0001493,0.0001499,0.000148,0.0001481,82843952.0
1780380000,0.0001484,0.0001493,0.0001481,0.000149,148798518.0
1780383600,0.000149,0.0001495,0.0001481,0.0001489,58441968.0
1780387200,0.0001489,0.0001492,0.0001484,0.0001485,29428781.0
1780390800,0.0001485,0.0001485,0.0001477,0.0001479,17459834.0
1780394400,0.0001478,0.0001492,0.0001477,0.0001492,30602983.0
1780398000,0.0001491,0.0001496,0.0001487,0.0001491,23974394.0
1780401600,0.0001489,0.0001495,0.0001483,0.0001491,30354471.0
1780405200,0.0001493,0.0001517,0.0001492,0.0001501,112105140.0
1780408800,0.0001501,0.0001501,0.0001441,0.0001451,363316863.0
1780412400,0.000145,0.0001451,0.0001403,0.0001427,512710698.0
1780416000,0.0001428,0.0001455,0.0001423,0.0001441,166173014.0
1780419600,0.0001445,0.0001455,0.0001445,0.0001447,32576356.0
1780423200,0.0001447,0.0001454,0.0001428,0.0001433,78523094.0
1780426800,0.0001432,0.0001439,0.0001404,0.0001436,128192530.0
1780430400,0.0001436,0.0001444,0.0001423,0.0001441,91522121.0
1780434000,0.0001443,0.0001451,0.0001437,0.0001437,84414952.0
1780437600,0.0001435,0.0001437,0.0001401,0.0001405,94468675.0
1780441200,0.0001405,0.0001417,0.000139,0.0001413,140001690.0
1780444800,0.0001415,0.0001422,0.0001411,0.0001414,128870759.0
1780448400,0.0001414,0.0001418,0.0001392,0.00014,161336284.0
1780452000,0.00014,0.00014,0.0001378,0.0001389,230019679.0
1780455600,0.000139,0.000139,0.0001369,0.0001381,96834984.0
1780459200,0.000138,0.0001413,0.000138,0.0001413,156210633.0
1780462800,0.0001412,0.0001443,0.0001412,0.0001443,86007115.0
1780466400,0.0001442,0.0001453,0.0001439,0.0001445,37528167.0
1780470000,0.0001443,0.0001454,0.0001442,0.0001448,16504039.0
1780473600,0.0001447,0.0001453,0.0001445,0.0001448,13417587.0
1780477200,0.0001448,0.0001451,0.0001435,0.0001441,27122231.0
1780480800,0.0001442,0.0001459,0.0001439,0.0001457,31272196.0
1780484400,0.000146,0.0001469,0.0001455,0.0001455,94265380.0
1780488000,0.0001453,0.0001458,0.0001445,0.0001456,58608547.0
1780491600,0.0001459,0.0001466,0.0001452,0.0001466,120592569.0
1780495200,0.0001465,0.0001465,0.0001444,0.0001449,78969254.0
1780498800,0.000145,0.0001455,0.0001441,0.0001442,44874905.0
1780502400,0.0001439,0.0001439,0.0001412,0.0001435,63513368.0
1780506000,0.0001434,0.0001445,0.0001421,0.0001434,69298979.0
1780509600,0.0001435,0.0001437,0.000142,0.0001434,50292116.0
1780513200,0.0001435,0.0001436,0.0001415,0.000142,57255091.0
1780516800,0.0001415,0.0001425,0.0001387,0.0001393,172704080.0
1780520400,0.0001391,0.0001441,0.000139,0.0001439,167993138.0
1780524000,0.0001439,0.0001444,0.0001417,0.0001423,54535068.0
1780527600,0.0001419,0.0001419,0.0001403,0.0001405,57127508.0
1780531200,0.0001405,0.0001409,0.0001379,0.0001387,138848262.0
1780534800,0.0001386,0.0001391,0.0001332,0.0001336,382960796.0
1780538400,0.0001337,0.0001354,0.0001274,0.0001353,438432775.0
1780542000,0.0001352,0.0001385,0.0001351,0.000138,107264186.0
1780545600,0.0001382,0.0001385,0.0001359,0.0001359,60455922.0
1780549200,0.0001359,0.0001359,0.0001342,0.0001351,83928626.0
1780552800,0.000135,0.0001365,0.0001346,0.0001354,36512058.0
1780556400,0.0001353,0.0001353,0.0001337,0.0001337,34863590.0
1780560000,0.0001336,0.000134,0.0001318,0.0001329,75434555.0
1780563600,0.0001327,0.0001328,0.0001298,0.0001316,90671037.0
1780567200,0.0001316,0.0001319,0.0001293,0.0001298,87697180.0
1780570800,0.0001299,0.0001314,0.0001291,0.0001309,125260135.0
1780574400,0.0001309,0.0001345,0.0001301,0.0001341,345938682.0
1780578000,0.0001341,0.0001349,0.0001319,0.0001341,324618712.0
1780581600,0.0001341,0.0001347,0.0001331,0.0001336,187272784.0
1780585200,0.0001334,0.0001349,0.000133,0.0001339,114639803.0
1780588800,0.0001337,0.0001343,0.0001324,0.0001336,195289008.0
1780592400,0.0001336,0.0001341,0.0001317,0.0001329,68194946.0
1780596000,0.0001328,0.0001342,0.0001321,0.0001339,30487722.0
1780599600,0.000134,0.0001345,0.0001333,0.0001334,123285494.0
1780603200,0.0001332,0.0001332,0.0001323,0.0001327,32054028.0
1780606800,0.0001329,0.0001333,0.0001294,0.0001297,260733913.0
1780610400,0.0001295,0.0001311,0.0001294,0.0001307,61683110.0
1780614000,0.0001307,0.0001319,0.0001297,0.0001313,191640359.0
1780617600,0.0001313,0.0001329,0.000131,0.0001313,291178947.0
1780621200,0.000131,0.0001321,0.0001301,0.0001315,70836084.0
1780624800,0.0001315,0.0001316,0.0001282,0.0001285,267900039.0
1780628400,0.0001284,0.0001299,0.000128,0.0001283,45781489.0
1780632000,0.0001283,0.0001303,0.0001275,0.0001303,89772326.0
1780635600,0.0001301,0.0001306,0.0001262,0.0001262,110402244.0
1780639200,0.0001266,0.0001269,0.0001222,0.0001244,242513911.0
1780642800,0.0001242,0.0001276,0.0001223,0.0001268,365226675.0
1780646400,0.000127,0.000127,0.0001243,0.0001248,83481378.0
1780650000,0.0001251,0.0001269,0.0001246,0.0001265,48461554.0
1780653600,0.0001266,0.0001267,0.0001248,0.0001248,24504646.0
1780657200,0.000125,0.0001251,0.000123,0.0001234,189525960.0
1780660800,0.0001229,0.0001239,0.0001219,0.0001226,180708195.0
1780664400,0.0001226,0.0001239,0.0001187,0.0001187,422493740.0
1780668000,0.0001189,0.0001214,0.0001187,0.0001198,223830765.0
1780671600,0.0001197,0.0001199,0.0001162,0.0001173,262477488.0
1780675200,0.0001169,0.000121,0.0001151,0.000121,788638883.0
1780678800,0.000121,0.000121,0.0001183,0.0001192,113060234.0
1780682400,0.0001193,0.0001197,0.0001143,0.0001149,469261292.0
1780686000,0.0001145,0.0001179,0.0001135,0.0001171,430837003.0
1780689600,0.0001175,0.00012,0.0001161,0.0001199,202710850.0
1780693200,0.0001199,0.0001217,0.0001197,0.000121,158182920.0
1780696800,0.0001212,0.0001212,0.0001194,0.0001199,61160151.0
1780700400,0.0001201,0.0001205,0.0001167,0.0001184,438729864.0
1780704000,0.0001185,0.0001207,0.0001185,0.0001206,67142162.0
1780707600,0.0001204,0.0001207,0.0001191,0.0001193,36962743.0
1780711200,0.0001193,0.0001193,0.0001177,0.000118,73055997.0
1780714800,0.0001179,0.0001179,0.0001163,0.000117,46552224.0
1780718400,0.0001167,0.0001167,0.0001123,0.0001134,81710088.0
1780722000,0.0001131,0.0001168,0.0001119,0.0001168,74914558.0
1780725600,0.0001169,0.0001179,0.0001162,0.0001163,31201899.0
1780729200,0.0001161,0.0001177,0.000116,0.0001172,31351381.0
1780732800,0.0001172,0.0001187,0.000117,0.0001184,16006038.0
1780736400,0.0001183,0.0001188,0.0001171,0.0001174,15501332.0
1780740000,0.0001169,0.0001169,0.0001147,0.0001161,30655082.0
1780743600,0.0001161,0.0001173,0.000116,0.0001173,17533009.0
1780747200,0.0001173,0.0001181,0.0001165,0.0001181,17501074.0
1780750800,0.0001181,0.0001186,0.0001173,0.0001177,65450504.0
1780754400,0.0001182,0.000119,0.0001177,0.0001182,202404394.0
1780758000,0.0001181,0.0001181,0.0001168,0.0001177,20168209.0
1780761600,0.000118,0.0001181,0.0001164,0.0001172,92565471.0
1780765200,0.0001169,0.000117,0.0001154,0.0001157,34783711.0
1780768800,0.000116,0.0001169,0.0001156,0.0001164,20586494.0
1780772400,0.0001163,0.0001171,0.0001159,0.0001161,16267094.0
1780776000,0.000116,0.0001171,0.0001156,0.000117,208647464.0
1780779600,0.0001172,0.00012,0.000117,0.0001182,174004701.0
1780783200,0.0001185,0.0001199,0.0001178,0.0001194,57708862.0
1780786800,0.0001197,0.0001221,0.0001192,0.000121,181732667.0
1780790400,0.0001213,0.0001217,0.0001199,0.0001199,43622393.0
1780794000,0.00012,0.000126,0.0001199,0.0001248,750520033.0
1780797600,0.0001252,0.000126,0.0001238,0.0001244,140617078.0
1780801200,0.0001244,0.0001257,0.000124,0.0001246,49150895.0
1780804800,0.0001245,0.0001249,0.0001231,0.0001242,39372871.0
1780808400,0.0001242,0.0001245,0.0001236,0.0001237,13541630.0
1780812000,0.0001237,0.0001254,0.0001233,0.0001242,171805426.0
1780815600,0.0001248,0.000125,0.000124,0.0001242,17737364.0
1780819200,0.0001241,0.0001256,0.0001237,0.0001253,48640581.0
1780822800,0.0001254,0.0001265,0.0001249,0.0001249,56869666.0
1780826400,0.0001249,0.0001249,0.0001235,0.0001235,10716134.0
1780830000,0.0001239,0.0001253,0.0001239,0.0001239,42099445.0
1780833600,0.0001242,0.0001242,0.0001218,0.000122,25069809.0
1780837200,0.0001221,0.0001227,0.000122,0.0001222,7385488.0
1780840800,0.0001222,0.0001244,0.0001221,0.0001234,29068621.0
1780844400,0.0001238,0.0001239,0.0001229,0.0001235,8509720.0
1780848000,0.0001233,0.0001243,0.0001232,0.0001237,71639406.0
1780851600,0.0001241,0.0001246,0.0001232,0.0001233,42270992.0
1780855200,0.0001234,0.000124,0.0001221,0.0001225,129930073.0
1780858800,0.0001224,0.0001224,0.0001203,0.0001207,64751101.0
1780862400,0.0001208,0.0001227,0.0001208,0.0001222,27839240.0
1780866000,0.0001227,0.0001227,0.0001219,0.0001224,6555826.0
1780869600,0.0001227,0.0001281,0.0001227,0.0001247,264740434.0
1780873200,0.0001248,0.0001251,0.0001241,0.0001248,142670112.0
1780876800,0.0001247,0.000125,0.0001242,0.0001242,63767801.0
1780880400,0.0001241,0.0001243,0.0001223,0.0001237,36344698.0
1780884000,0.0001237,0.0001239,0.0001234,0.0001235,8796787.0
1780887600,0.0001236,0.000124,0.000123,0.0001236,59621725.0
1780891200,0.0001235,0.0001236,0.000122,0.000122,22215686.0
1780894800,0.0001222,0.0001222,0.0001211,0.0001215,129999663.0
1780898400,0.0001216,0.0001221,0.0001213,0.0001216,25237257.0
1780902000,0.0001215,0.0001223,0.0001212,0.0001223,13835599.0
1780905600,0.0001219,0.0001223,0.0001212,0.0001213,20671590.0
1780909200,0.0001212,0.0001225,0.0001211,0.0001225,41082419.0
1780912800,0.0001224,0.0001226,0.0001217,0.0001223,35480624.0
1780916400,0.0001223,0.0001245,0.0001223,0.0001239,60939046.0
1780920000,0.0001238,0.0001247,0.0001225,0.0001246,70353821.0
1780923600,0.0001245,0.0001245,0.0001234,0.000124,67769861.0
1780927200,0.000124,0.0001248,0.0001238,0.0001246,85863164.0
1780930800,0.0001246,0.0001261,0.0001246,0.000125,244287495.0
1780934400,0.0001254,0.0001266,0.0001251,0.0001251,55536218.0
1780938000,0.0001252,0.0001258,0.0001248,0.0001258,33926339.0
1780941600,0.0001259,0.0001259,0.0001249,0.0001252,26596925.0
1780945200,0.0001249,0.0001256,0.0001245,0.0001245,63029791.0
1780948800,0.0001244,0.0001247,0.0001241,0.0001247,13854831.0
1780952400,0.0001247,0.0001255,0.0001246,0.0001247,28907277.0
1780956000,0.0001245,0.0001245,0.000124,0.0001243,8545514.0
1780959600,0.0001242,0.0001246,0.0001231,0.0001234,11448757.0
1780963200,0.0001233,0.0001234,0.0001211,0.0001214,35122640.0
1780966800,0.0001216,0.0001227,0.0001215,0.0001223,11632798.0
1780970400,0.0001225,0.0001227,0.0001209,0.0001215,15853434.0
1780974000,0.0001214,0.0001219,0.0001212,0.0001216,25686154.0
1780977600,0.0001214,0.0001237,0.0001212,0.0001229,61474918.0
1780981200,0.0001233,0.0001237,0.0001227,0.000123,8636578.0
1780984800,0.0001231,0.0001232,0.0001223,0.0001224,6432014.0
1780988400,0.0001227,0.0001228,0.0001219,0.0001223,4141409.0
1780992000,0.0001221,0.0001221,0.0001215,0.0001217,1764376.0
1780995600,0.0001218,0.0001219,0.0001209,0.0001209,10683159.0
1780999200,0.0001209,0.0001214,0.0001208,0.0001214,12378054.0
1781002800,0.0001212,0.0001215,0.0001209,0.0001215,3736501.0
1781006400,0.0001216,0.0001222,0.0001214,0.0001219,16128944.0
1781010000,0.0001219,0.0001223,0.0001212,0.0001213,10964326.0
1781013600,0.0001215,0.0001215,0.0001183,0.0001191,68041942.0
1781017200,0.0001193,0.00012,0.000118,0.0001187,36524516.0
1781020800,0.0001183,0.0001191,0.0001169,0.0001185,154470415.0
1781024400,0.0001185,0.0001203,0.0001185,0.0001197,20082129.0
1781028000,0.0001196,0.0001202,0.0001196,0.00012,8460512.0
1781031600,0.00012,0.0001207,0.0001197,0.0001206,47217483.0
1781035200,0.0001206,0.0001208,0.0001202,0.0001208,19961583.0
1781038800,0.0001205,0.0001207,0.0001197,0.0001197,21770502.0
1781042400,0.0001196,0.0001201,0.0001193,0.0001193,9592183.0
1781046000,0.0001194,0.0001197,0.0001192,0.0001196,15610110.0
1781049600,0.0001197,0.0001198,0.0001185,0.0001195,35560936.0
1781053200,0.0001194,0.0001199,0.000119,0.0001196,17285506.0
1781056800,0.0001192,0.0001196,0.0001173,0.000118,86809975.0
1781060400,0.0001179,0.0001188,0.0001179,0.0001185,23238484.0
1781064000,0.0001185,0.0001185,0.0001177,0.0001179,10970522.0
1781067600,0.0001179,0.0001183,0.0001175,0.0001181,9560514.0
1781071200,0.0001185,0.0001195,0.0001185,0.0001195,40242224.0
1781074800,0.0001193,0.0001201,0.0001192,0.0001195,58971247.0
1781078400,0.0001193,0.0001193,0.0001177,0.000118,98117148.0
1781082000,0.0001177,0.0001185,0.0001172,0.0001182,61450549.0
1781085600,0.0001182,0.0001184,0.0001175,0.0001181,80084850.0
1781089200,0.0001181,0.0001181,0.0001161,0.0001167,157958226.0
1781092800,0.0001167,0.0001189,0.0001165,0.0001184,150826380.0
1781096400,0.0001183,0.0001206,0.0001181,0.0001196,115767117.0
1781100000,0.0001196,0.0001199,0.0001186,0.0001191,124540889.0
1781103600,0.0001191,0.0001203,0.0001183,0.0001192,195065147.0
1781107200,0.0001192,0.0001194,0.0001185,0.0001191,485690334.0
1781110800,0.0001191,0.0001193,0.0001188,0.0001192,130263904.0
1781114400,0.0001191,0.0001195,0.0001187,0.0001191,139200466.0
1781118000,0.0001192,0.0001194,0.0001186,0.0001187,214945907.0
1781121600,0.0001186,0.0001215,0.0001186,0.0001197,245971541.0
1781125200,0.0001196,0.0001196,0.0001183,0.0001184,316538786.0
1781128800,0.0001184,0.0001184,0.0001169,0.0001177,169668969.0
1781132400,0.0001176,0.0001193,0.0001172,0.000119,68508633.0
1781136000,0.0001191,0.0001204,0.0001191,0.0001197,66090919.0
1781139600,0.0001201,0.0001217,0.0001201,0.0001213,55033218.0
1781143200,0.0001212,0.0001213,0.0001201,0.0001204,41349139.0
1781146800,0.0001204,0.0001234,0.0001202,0.0001233,60313775.0
1781150400,0.0001233,0.0001246,0.0001228,0.0001236,216263608.0
1781154000,0.0001235,0.0001236,0.0001221,0.0001225,116680147.0
1781157600,0.0001225,0.0001239,0.0001225,0.0001232,15906333.0
1781161200,0.0001229,0.0001233,0.0001227,0.0001232,3140863.0
1781164800,0.0001231,0.0001241,0.000123,0.0001239,24249390.0
1781168400,0.0001237,0.0001237,0.000123,0.0001237,14616887.0
1781172000,0.0001236,0.000124,0.0001231,0.0001236,64267828.0
1781175600,0.0001237,0.0001247,0.0001233,0.0001246,118864375.0
1781179200,0.0001244,0.0001246,0.0001224,0.0001231,69194071.0
1781182800,0.0001229,0.0001244,0.0001226,0.0001239,49982742.0
1781186400,0.0001238,0.0001244,0.0001232,0.0001237,39290144.0
1781190000,0.0001233,0.0001239,0.0001227,0.0001233,37468670.0
1781193600,0.0001234,0.0001237,0.0001228,0.0001232,15780698.0
1781197200,0.0001231,0.0001268,0.0001221,0.0001263,185792117.0
1781200800,0.0001263,0.0001263,0.0001246,0.0001254,58862245.0
1781204400,0.0001252,0.0001261,0.0001248,0.0001248,34296501.0
1781208000,0.0001252,0.0001254,0.0001244,0.0001248,18598209.0
1781211600,0.0001247,0.0001255,0.0001245,0.0001254,17419026.0
1781215200,0.0001254,0.0001261,0.0001243,0.0001245,53459981.0
1781218800,0.0001244,0.0001252,0.0001242,0.0001245,25983380.0
1781222400,0.0001244,0.0001278,0.0001243,0.0001265,208402946.0
1781226000,0.0001263,0.0001265,0.000124,0.000125,196588107.0
1781229600,0.000125,0.000128,0.000125,0.0001265,91692578.0
1781233200,0.0001267,0.0001271,0.0001265,0.0001271,7752446.0
1781236800,0.0001269,0.000128,0.0001263,0.0001265,53869153.0
1781240400,0.0001265,0.0001268,0.0001251,0.000126,50898463.0
1781244000,0.0001261,0.0001329,0.000125,0.0001257,887156246.0
1781247600,0.0001257,0.0001271,0.0001257,0.0001271,61798734.0
1781251200,0.0001271,0.0001277,0.0001269,0.0001274,34696325.0
1781254800,0.0001275,0.0001291,0.0001271,0.0001286,65921693.0
1781258400,0.0001286,0.0001293,0.0001281,0.0001281,63263185.0
1781262000,0.0001283,0.0001286,0.0001276,0.0001279,49389167.0
1781265600,0.0001277,0.000128,0.0001273,0.0001277,9701842.0
1781269200,0.0001277,0.0001277,0.0001262,0.0001267,34161474.0
1781272800,0.0001271,0.0001302,0.0001271,0.0001294,52704690.0
1781276400,0.0001299,0.0001302,0.0001275,0.0001275,43230693.0
1781280000,0.0001273,0.0001287,0.0001273,0.0001283,19943688.0
1781283600,0.0001283,0.0001283,0.0001278,0.0001278,7974391.0
1781287200,0.0001278,0.0001279,0.0001264,0.0001269,31406259.0
1781290800,0.0001271,0.0001273,0.0001264,0.0001269,15366199.0
1781294400,0.0001264,0.0001267,0.0001259,0.0001259,10531068.0
1781298000,0.0001262,0.0001265,0.0001255,0.0001259,78863286.0
1781301600,0.0001259,0.0001261,0.000125,0.0001255,19325731.0
1781305200,0.0001251,0.0001255,0.0001249,0.0001254,10564434.0
1781308800,0.0001254,0.0001262,0.0001252,0.0001261,8528119.0
1781312400,0.0001262,0.0001282,0.0001262,0.0001277,51469827.0
1781316000,0.0001277,0.0001278,0.0001264,0.0001264,12222364.0
1781319600,0.0001268,0.0001269,0.0001262,0.0001264,2691198.0
1781323200,0.000126,0.000127,0.0001258,0.000126,1110461.0
1781326800,0.0001261,0.0001265,0.0001257,0.0001265,1012205.0
1781330400,0.0001263,0.0001269,0.000126,0.0001269,6305751.0
1781334000,0.0001274,0.0001276,0.0001274,0.0001276,6099590.0
1781337600,0.0001276,0.0001286,0.0001262,0.0001273,196021289.0
1781341200,0.0001271,0.0001273,0.0001268,0.0001273,12839133.0
1781344800,0.0001273,0.0001276,0.0001269,0.0001273,6190605.0
1781348400,0.0001274,0.0001281,0.0001274,0.0001279,4408694.0
1781352000,0.0001281,0.0001284,0.0001278,0.0001283,8958328.0
1781355600,0.0001281,0.0001287,0.0001277,0.000128,16020004.0
1781359200,0.0001281,0.0001297,0.0001279,0.0001285,147190139.0
1781362800,0.0001285,0.0001306,0.0001284,0.0001302,122046251.0
1781366400,0.0001299,0.0001306,0.0001285,0.0001293,530697794.0
1781370000,0.0001294,0.0001303,0.0001292,0.0001299,101368022.0
1781373600,0.0001299,0.0001325,0.0001299,0.0001318,249995118.0
1781377200,0.0001318,0.0001345,0.0001318,0.000134,490735333.0
1781380800,0.000134,0.0001375,0.0001337,0.0001367,272817052.0
1781384400,0.000137,0.00014,0.0001359,0.0001359,286921033.0
1781388000,0.0001359,0.0001373,0.0001355,0.0001358,46867037.0
1781391600,0.0001356,0.0001392,0.0001352,0.0001376,422778846.0
1781395200,0.0001375,0.0001375,0.0001352,0.0001358,102930341.0
1781398800,0.0001362,0.0001369,0.0001357,0.0001358,28314428.0
1781402400,0.0001357,0.0001362,0.0001352,0.0001358,22390326.0
1781406000,0.0001358,0.0001359,0.000135,0.0001358,38669884.0
1781409600,0.0001356,0.0001358,0.0001341,0.0001341,44390347.0
1781413200,0.000134,0.0001353,0.0001335,0.0001348,32934435.0
1781416800,0.0001352,0.0001354,0.0001328,0.0001334,58198325.0
1781420400,0.0001333,0.0001335,0.0001326,0.0001329,27481995.0
1781424000,0.0001327,0.000133,0.0001323,0.0001323,11637262.0
1781427600,0.0001323,0.0001331,0.0001315,0.0001327,49577314.0
1781431200,0.0001325,0.0001327,0.0001321,0.0001321,5436301.0
1781434800,0.0001321,0.0001321,0.0001314,0.0001319,17968861.0
1781438400,0.0001318,0.0001322,0.000131,0.0001313,137218892.0
1781442000,0.0001313,0.0001313,0.0001303,0.0001308,28796322.0
1781445600,0.0001307,0.0001312,0.0001296,0.0001303,30987421.0
1781449200,0.0001303,0.0001304,0.00013,0.0001302,28337879.0
1781452800,0.0001302,0.0001305,0.0001293,0.0001294,57069414.0
1781456400,0.0001297,0.0001301,0.0001284,0.0001288,60021040.0
1781460000,0.0001287,0.0001287,0.0001281,0.0001283,29128703.0
1781463600,0.0001284,0.0001287,0.0001279,0.0001285,39968390.0
1781467200,0.0001285,0.0001303,0.0001283,0.0001299,72341649.0
1781470800,0.0001298,0.0001351,0.0001298,0.0001343,178120776.0
1781474400,0.0001347,0.0001355,0.0001337,0.0001347,56153571.0
1781478000,0.0001345,0.0001365,0.0001344,0.0001359,84449349.0
1781481600,0.0001361,0.0001395,0.0001356,0.0001357,365426411.0
1781485200,0.0001356,0.0001365,0.0001355,0.0001358,5988293.0
1781488800,0.0001358,0.0001364,0.0001357,0.0001357,14036486.0
1781492400,0.0001358,0.0001363,0.0001354,0.000136,10073422.0
1781496000,0.0001361,0.0001368,0.0001357,0.0001357,21626812.0
1781499600,0.0001358,0.0001363,0.0001357,0.0001357,12550326.0
1781503200,0.0001359,0.0001367,0.0001359,0.0001361,20670094.0
1781506800,0.0001361,0.0001367,0.0001357,0.0001357,5619316.0
1781510400,0.0001357,0.000136,0.0001356,0.0001357,2635873.0
1781514000,0.0001357,0.0001361,0.000135,0.000135,4905952.0
1781517600,0.0001353,0.0001368,0.0001351,0.0001365,30793065.0
1781521200,0.0001367,0.0001381,0.0001367,0.0001377,37025083.0
1781524800,0.0001377,0.0001383,0.0001369,0.0001378,68560170.0
1781528400,0.0001376,0.0001404,0.0001376,0.0001403,243191172.0
1781532000,0.0001399,0.0001404,0.0001386,0.0001387,62800502.0
1781535600,0.0001386,0.0001394,0.0001372,0.0001392,114436043.0
1781539200,0.0001392,0.0001395,0.0001383,0.0001386,41143888.0
1781542800,0.0001382,0.0001383,0.0001367,0.0001369,39761161.0
1781546400,0.0001371,0.0001375,0.0001367,0.0001369,31434424.0
1781550000,0.000137,0.0001373,0.0001349,0.0001353,48498696.0
1781553600,0.0001353,0.0001359,0.0001343,0.0001348,82387542.0
1781557200,0.0001347,0.000135,0.0001342,0.0001348,50342575.0
1781560800,0.0001348,0.000135,0.0001325,0.0001329,43645590.0
1781564400,0.0001329,0.0001335,0.0001325,0.0001335,15272284.0
1781568000,0.0001334,0.0001342,0.0001331,0.0001336,39188899.0
1781571600,0.0001336,0.0001336,0.0001319,0.0001321,80724038.0
1781575200,0.0001323,0.0001325,0.0001306,0.000131,50654220.0
1781578800,0.0001311,0.0001321,0.0001305,0.0001319,69541088.0
1781582400,0.000132,0.0001323,0.0001313,0.0001317,31340739.0
1781586000,0.0001318,0.0001325,0.0001316,0.0001323,18173407.0
1781589600,0.0001322,0.0001336,0.0001321,0.0001334,196731489.0
1781593200,0.0001332,0.0001332,0.0001326,0.0001331,4956774.0
1781596800,0.0001331,0.0001345,0.0001331,0.0001344,23784263.0
1781600400,0.0001346,0.0001347,0.0001332,0.0001332,18489849.0
1781604000,0.0001329,0.0001346,0.0001329,0.0001339,69873496.0
1781607600,0.0001339,0.0001341,0.0001327,0.0001333,29632678.0
1781611200,0.0001331,0.0001339,0.0001326,0.000133,209649176.0
1781614800,0.0001333,0.0001333,0.0001315,0.0001317,72348146.0
1781618400,0.0001317,0.0001321,0.0001292,0.0001302,82775423.0
1781622000,0.0001303,0.0001311,0.0001302,0.0001311,36863744.0
1781625600,0.0001307,0.0001311,0.0001303,0.0001306,16505057.0
1781629200,0.0001305,0.000132,0.0001305,0.000132,10668716.0
1781632800,0.0001321,0.0001331,0.0001309,0.0001313,208459471.0
1781636400,0.0001311,0.0001312,0.0001305,0.0001307,25463359.0
1781640000,0.0001306,0.0001317,0.0001305,0.0001317,19065324.0
1781643600,0.0001313,0.0001314,0.0001309,0.0001312,10596098.0
1781647200,0.0001309,0.0001315,0.0001305,0.0001312,37790832.0
1781650800,0.0001313,0.0001314,0.0001304,0.0001309,32841968.0
1781654400,0.0001307,0.0001318,0.0001307,0.0001313,14093308.0
1781658000,0.0001314,0.0001332,0.0001307,0.0001328,80520499.0
1781661600,0.0001326,0.0001343,0.0001326,0.0001343,148084988.0
1781665200,0.0001341,0.0001369,0.0001335,0.0001343,320294789.0
1781668800,0.0001343,0.0001351,0.0001341,0.0001345,43993212.0
1781672400,0.0001345,0.0001346,0.0001333,0.0001337,12593272.0
1781676000,0.0001336,0.0001337,0.0001327,0.0001329,6907440.0
1781679600,0.0001327,0.0001333,0.0001312,0.000132,240372530.0
1781683200,0.0001319,0.0001319,0.0001305,0.0001309,24494026.0
1781686800,0.0001308,0.0001315,0.0001308,0.0001314,11572265.0
1781690400,0.0001315,0.0001316,0.0001313,0.0001315,1878320.0
1781694000,0.0001311,0.0001313,0.0001302,0.0001306,27976786.0
1781697600,0.0001305,0.0001317,0.00013,0.0001317,30898074.0
1781701200,0.0001317,0.0001326,0.0001313,0.0001319,36290341.0
1781704800,0.0001319,0.0001328,0.0001313,0.0001321,84478862.0
1781708400,0.0001322,0.0001339,0.000132,0.0001339,21407694.0
1781712000,0.000134,0.0001352,0.0001327,0.000133,415897775.0
1781715600,0.000133,0.0001331,0.000132,0.0001325,43602571.0
1781719200,0.0001323,0.0001337,0.0001301,0.0001325,77374378.0
1781722800,0.0001327,0.0001328,0.0001292,0.0001297,102040131.0
1781726400,0.0001301,0.0001306,0.0001293,0.0001306,23738094.0
1781730000,0.0001305,0.0001306,0.0001287,0.0001288,28781687.0
1781733600,0.0001285,0.0001293,0.0001267,0.0001284,141391542.0
1781737200,0.0001286,0.0001299,0.0001285,0.0001295,49510732.0
1781740800,0.0001295,0.00013,0.0001291,0.0001295,51016755.0
1781744400,0.0001293,0.0001307,0.0001293,0.0001299,33756756.0
1781748000,0.0001301,0.0001305,0.0001293,0.00013,23155993.0
1781751600,0.0001299,0.0001299,0.0001283,0.0001286,24248532.0
1781755200,0.0001286,0.0001286,0.000127,0.0001271,74692601.0
1781758800,0.000127,0.0001277,0.0001267,0.0001273,93061029.0
1781762400,0.0001273,0.0001278,0.0001271,0.0001274,15285107.0
1781766000,0.0001275,0.0001287,0.0001274,0.0001285,13271117.0
1781769600,0.0001283,0.0001292,0.0001281,0.0001285,10543949.0
1781773200,0.0001285,0.0001288,0.0001282,0.0001283,13758373.0
1781776800,0.0001281,0.0001287,0.0001278,0.0001287,10058455.0
1781780400,0.0001282,0.0001282,0.0001275,0.0001275,3027527.0
1781784000,0.0001276,0.0001287,0.0001267,0.0001283,205969836.0
1781787600,0.0001281,0.0001283,0.0001267,0.0001274,18550862.0
1781791200,0.0001272,0.0001285,0.0001265,0.0001267,89355681.0
1781794800,0.0001265,0.0001269,0.0001227,0.0001231,164698659.0
1781798400,0.0001233,0.0001247,0.0001233,0.0001246,31211959.0
1781802000,0.0001243,0.0001247,0.0001234,0.000124,15047747.0
1781805600,0.0001239,0.0001247,0.0001237,0.0001244,13357295.0
1781809200,0.0001243,0.0001253,0.0001237,0.0001251,27784917.0
1781812800,0.0001251,0.0001257,0.0001251,0.0001256,5152035.0
1781816400,0.0001256,0.0001257,0.0001247,0.0001252,20969019.0
1781820000,0.0001255,0.0001256,0.0001251,0.0001255,17832185.0
1781823600,0.0001255,0.0001256,0.0001238,0.0001255,88821418.0
1781827200,0.0001253,0.0001255,0.0001249,0.000125,5002401.0
1781830800,0.0001254,0.0001256,0.0001243,0.0001252,20813573.0
1781834400,0.0001255,0.0001256,0.0001245,0.0001248,3948881.0
1781838000,0.0001247,0.0001247,0.0001222,0.0001229,130423893.0
1781841600,0.0001229,0.0001236,0.0001223,0.0001227,16011916.0
1781845200,0.0001229,0.0001235,0.0001227,0.0001235,12071972.0
1781848800,0.0001235,0.0001242,0.0001234,0.000124,15642148.0
1781852400,0.000124,0.000124,0.0001227,0.0001229,8040945.0
1781856000,0.000123,0.0001237,0.0001229,0.0001235,18625044.0
1781859600,0.0001233,0.0001233,0.0001228,0.0001229,17103235.0
1781863200,0.000123,0.0001238,0.0001228,0.0001236,10709455.0
1781866800,0.0001236,0.000125,0.0001229,0.0001229,42670874.0
1781870400,0.0001229,0.0001237,0.0001221,0.0001237,28017032.0
1781874000,0.0001239,0.0001256,0.0001231,0.0001248,166427924.0
1781877600,0.0001245,0.0001246,0.0001241,0.0001244,7413593.0
1781881200,0.0001243,0.0001246,0.0001237,0.0001242,11342287.0
1781884800,0.0001242,0.0001246,0.0001228,0.0001228,23778659.0
1781888400,0.0001233,0.0001241,0.0001231,0.0001235,19852599.0
1781892000,0.0001233,0.0001233,0.0001223,0.0001229,37672632.0
1781895600,0.0001229,0.0001229,0.000122,0.0001223,51366368.0
1781899200,0.0001226,0.0001238,0.0001221,0.000123,65128895.0
1781902800,0.000123,0.0001234,0.0001218,0.000122,91790445.0
1781906400,0.0001223,0.0001233,0.0001222,0.0001225,79163314.0
1781910000,0.0001222,0.0001229,0.0001215,0.0001227,77986989.0
1781913600,0.0001227,0.000123,0.0001223,0.0001223,157983394.0
1781917200,0.0001221,0.0001221,0.0001212,0.0001218,58196774.0
1781920800,0.0001216,0.0001216,0.0001206,0.0001209,28275445.0
1781924400,0.0001209,0.0001219,0.0001209,0.0001215,35506788.0
1781928000,0.0001215,0.000123,0.0001215,0.0001229,18480233.0
1781931600,0.0001231,0.0001234,0.0001222,0.0001227,29619173.0
1781935200,0.0001228,0.0001233,0.0001225,0.0001229,16851006.0
1781938800,0.0001228,0.0001232,0.0001226,0.000123,6714366.0
1781942400,0.0001225,0.0001228,0.0001225,0.0001227,3163637.0
1781946000,0.0001227,0.0001232,0.0001227,0.000123,9928415.0
1781949600,0.0001232,0.0001232,0.0001228,0.0001229,15080355.0
1781953200,0.0001227,0.0001229,0.0001223,0.0001223,7193166.0
1781956800,0.0001223,0.0001226,0.0001218,0.000122,17279726.0
1781960400,0.0001219,0.0001221,0.000121,0.0001214,22570377.0
1781964000,0.0001211,0.0001245,0.0001202,0.0001241,205308565.0
1781967600,0.0001241,0.000125,0.0001234,0.0001246,32634705.0
1781971200,0.0001242,0.0001244,0.0001233,0.0001239,27352555.0
1781974800,0.0001239,0.0001239,0.0001225,0.0001236,73505849.0
1781978400,0.0001237,0.000124,0.0001226,0.0001235,68465172.0
1781982000,0.0001235,0.0001238,0.0001226,0.000123,114712371.0
1781985600,0.0001228,0.000123,0.0001223,0.0001223,40927859.0
1781989200,0.0001224,0.0001229,0.0001224,0.0001228,15894220.0
1781992800,0.0001228,0.0001242,0.0001227,0.0001239,34168384.0
1781996400,0.0001238,0.0001239,0.0001234,0.0001234,4901852.0
1782000000,0.0001237,0.0001237,0.000123,0.0001235,24204354.0
1782003600,0.0001235,0.0001238,0.000123,0.0001237,24181665.0
1782007200,0.0001237,0.0001258,0.0001236,0.0001253,164330612.0
1782010800,0.0001252,0.0001261,0.0001252,0.0001257,35353793.0
1782014400,0.0001257,0.0001257,0.0001243,0.0001244,45417157.0
1782018000,0.0001244,0.0001248,0.000124,0.0001241,47427689.0
1782021600,0.0001241,0.0001243,0.0001237,0.0001241,44237168.0
1782025200,0.0001239,0.0001251,0.0001239,0.0001249,28776518.0
1782028800,0.0001249,0.0001265,0.0001248,0.0001257,106372544.0
1782032400,0.0001258,0.000134,0.0001258,0.0001284,939635251.0
1782036000,0.0001281,0.0001287,0.0001257,0.0001257,166662280.0
1782039600,0.0001256,0.0001264,0.0001249,0.0001254,100542050.0
1782043200,0.0001257,0.0001262,0.0001252,0.000126,68403534.0
1782046800,0.0001258,0.0001259,0.0001252,0.0001259,36167483.0
1782050400,0.0001259,0.0001263,0.0001253,0.0001259,89364888.0
1782054000,0.000126,0.0001267,0.0001256,0.0001264,40699503.0
1782057600,0.0001264,0.0001271,0.0001257,0.0001261,76709329.0
1782061200,0.0001261,0.0001267,0.0001254,0.0001254,29397460.0
1782064800,0.0001253,0.0001263,0.0001251,0.0001261,14354278.0
1782068400,0.0001261,0.0001262,0.0001252,0.0001256,31243988.0
1782072000,0.0001256,0.0001257,0.000124,0.0001244,32808425.0
1782075600,0.0001244,0.0001244,0.0001226,0.0001236,68034277.0
1782079200,0.0001235,0.0001237,0.0001229,0.0001231,26961067.0
1782082800,0.0001229,0.0001231,0.0001216,0.0001219,123889368.0
1782086400,0.0001221,0.0001232,0.0001218,0.0001232,22884695.0
1782090000,0.0001231,0.000125,0.0001229,0.0001239,28409024.0
1782093600,0.0001239,0.0001242,0.0001235,0.0001235,6964594.0
1782097200,0.0001233,0.0001252,0.0001231,0.0001239,99390176.0
1782100800,0.0001238,0.0001243,0.0001237,0.0001241,13127002.0
1782104400,0.0001239,0.0001243,0.0001234,0.0001236,21275384.0
1782108000,0.0001237,0.0001239,0.0001231,0.0001234,23141472.0
1782111600,0.0001235,0.0001246,0.0001235,0.0001239,12495640.0
1782115200,0.0001239,0.0001239,0.0001233,0.0001235,34045412.0
1782118800,0.0001234,0.0001238,0.0001226,0.0001229,23018390.0
1782122400,0.000123,0.0001231,0.0001219,0.0001222,49084316.0
1782126000,0.0001227,0.0001237,0.0001225,0.0001237,72819991.0
1782129600,0.0001236,0.000124,0.0001235,0.000124,30518423.0
1782133200,0.0001239,0.0001243,0.0001231,0.0001241,51511201.0
1782136800,0.000124,0.0001247,0.0001219,0.0001225,68299884.0
1782140400,0.0001227,0.0001231,0.0001211,0.0001211,54231977.0
1782144000,0.0001213,0.0001213,0.0001203,0.0001205,119742750.0
1782147600,0.0001207,0.0001207,0.0001191,0.0001201,260411564.0
1782151200,0.0001201,0.0001206,0.000119,0.000119,28173174.0
1782154800,0.0001191,0.0001197,0.000119,0.0001191,72293651.0
1782158400,0.0001192,0.0001198,0.0001192,0.0001194,9935032.0
1782162000,0.0001194,0.0001197,0.0001179,0.0001189,82221565.0
1782165600,0.0001191,0.0001191,0.0001169,0.0001176,181877152.0
1782169200,0.0001175,0.0001185,0.0001174,0.0001177,66229839.0
1782172800,0.0001179,0.0001179,0.0001154,0.0001169,287581281.0
1782176400,0.0001173,0.0001177,0.0001166,0.0001175,14067215.0
1782180000,0.0001171,0.0001176,0.0001167,0.0001173,6968009.0
1782183600,0.0001173,0.0001183,0.0001168,0.0001173,43337958.0
1782187200,0.0001174,0.0001178,0.0001171,0.0001171,33722839.0
1782190800,0.000117,0.0001177,0.0001167,0.0001168,8008156.0
1782194400,0.0001167,0.0001167,0.0001136,0.0001151,89108692.0
1782198000,0.0001152,0.0001154,0.0001141,0.0001141,73186795.0
1782201600,0.000114,0.0001144,0.0001116,0.0001133,218004519.0
1782205200,0.0001134,0.000114,0.0001129,0.0001134,48634331.0
1782208800,0.0001137,0.0001139,0.0001124,0.0001128,39139289.0
1782212400,0.0001126,0.0001139,0.0001125,0.0001136,5034314.0
1782216000,0.0001138,0.0001146,0.0001134,0.0001136,115875156.0
1782219600,0.0001133,0.0001144,0.0001125,0.0001143,130234710.0
1782223200,0.0001144,0.0001148,0.0001137,0.000114,93751370.0
1782226800,0.000114,0.0001141,0.0001128,0.0001137,26009911.0
1782230400,0.0001137,0.0001144,0.0001132,0.0001133,70416327.0
1782234000,0.0001132,0.0001136,0.0001129,0.0001129,18552802.0
1782237600,0.000113,0.0001132,0.0001127,0.0001132,15193762.0
1782241200,0.0001134,0.0001135,0.0001128,0.0001132,27580045.0
1782244800,0.0001134,0.0001138,0.0001132,0.0001135,3429428.0
1782248400,0.0001135,0.0001138,0.0001132,0.0001138,6542776.0
1782252000,0.0001142,0.0001143,0.0001126,0.0001129,166392877.0
1782255600,0.0001128,0.0001136,0.0001127,0.0001136,12982120.0
1782259200,0.0001136,0.0001142,0.0001134,0.000114,236186936.0
1782262800,0.0001138,0.0001146,0.0001138,0.0001142,28808939.0
1782266400,0.000114,0.0001142,0.0001139,0.000114,3444855.0
1782270000,0.000114,0.000114,0.0001136,0.0001137,11508003.0
1782273600,0.0001138,0.0001138,0.0001136,0.0001136,1748235.0
1782277200,0.000114,0.0001145,0.0001139,0.0001143,4493358.0
1782280800,0.0001143,0.0001154,0.0001143,0.0001145,69231002.0
1782284400,0.0001142,0.0001147,0.0001136,0.0001136,23130324.0
1782288000,0.0001137,0.0001141,0.0001137,0.0001141,1358599.0
1782291600,0.0001141,0.0001141,0.0001136,0.0001137,3445721.0
1782295200,0.0001134,0.0001134,0.0001118,0.0001124,230078356.0
1782298800,0.0001122,0.0001146,0.0001121,0.000114,59607685.0
1782302400,0.000114,0.000114,0.0001132,0.0001132,7680914.0
1782306000,0.0001132,0.0001132,0.0001105,0.0001119,97521455.0
1782309600,0.0001113,0.0001122,0.0001112,0.0001116,106923488.0
1782313200,0.0001113,0.0001114,0.0001087,0.0001091,210053009.0
1782316800,0.000109,0.0001108,0.0001063,0.0001068,351182010.0
1782320400,0.0001073,0.0001075,0.0001035,0.0001045,156287457.0
1782324000,0.0001044,0.0001072,0.0001037,0.0001059,295787628.0
1782327600,0.0001061,0.000107,0.0001049,0.000107,72800437.0
1782331200,0.000107,0.0001092,0.000107,0.000108,243615623.0
1782334800,0.0001082,0.0001091,0.0001077,0.0001087,69148276.0
1782338400,0.0001087,0.000109,0.0001078,0.000108,25914639.0
1782342000,0.0001081,0.0001083,0.0001076,0.0001079,12061429.0
1782345600,0.0001081,0.0001088,0.0001078,0.0001083,11145293.0
1782349200,0.0001085,0.0001096,0.0001081,0.0001093,67917991.0
1782352800,0.0001092,0.00011,0.0001089,0.00011,104118837.0
1782356400,0.0001097,0.0001102,0.000109,0.0001095,29964178.0
1782360000,0.0001094,0.0001108,0.0001088,0.0001108,71332401.0
1782363600,0.0001108,0.0001119,0.0001094,0.0001103,154684598.0
1782367200,0.0001105,0.000111,0.0001103,0.0001109,4573586.0
1782370800,0.0001107,0.0001109,0.0001105,0.0001108,24170869.0
1782374400,0.0001107,0.0001119,0.0001106,0.000111,37188372.0
1782378000,0.0001115,0.000112,0.000111,0.000112,33702596.0
1782381600,0.0001116,0.0001127,0.0001115,0.0001124,45759846.0
1782385200,0.0001128,0.0001142,0.0001107,0.0001109,164467667.0
1782388800,0.0001109,0.0001121,0.0001104,0.000111,16108153.0
1782392400,0.0001113,0.0001113,0.0001028,0.0001043,306113301.0
1782396000,0.0001042,0.0001087,0.000104,0.0001066,413815246.0
1782399600,0.0001063,0.0001069,0.0001051,0.0001065,60252486.0
1782403200,0.0001069,0.000108,0.0001063,0.0001064,31824826.0
1782406800,0.0001063,0.0001094,0.0001063,0.0001087,43084075.0
1782410400,0.0001088,0.0001089,0.000107,0.000107,62595823.0
1782414000,0.0001071,0.0001072,0.0001058,0.0001065,56894618.0
1782417600,0.0001066,0.0001077,0.0001066,0.0001067,33063644.0
1782421200,0.0001067,0.0001086,0.0001066,0.0001086,20823037.0
1782424800,0.0001087,0.0001087,0.0001075,0.000108,39124992.0
1782428400,0.0001079,0.0001093,0.0001079,0.0001085,48706793.0
1782432000,0.0001085,0.0001092,0.0001074,0.0001078,60093858.0
1782435600,0.0001078,0.0001078,0.0001069,0.0001075,21592544.0
1782439200,0.0001074,0.0001074,0.0001045,0.000105,24646200.0
1782442800,0.0001049,0.0001077,0.0001046,0.0001076,41422584.0
1782446400,0.0001076,0.0001076,0.0001068,0.000107,7789769.0
1782450000,0.000107,0.0001078,0.000107,0.0001074,11756083.0
1782453600,0.0001074,0.0001117,0.0001067,0.0001117,105774856.0
1782457200,0.0001112,0.0001136,0.0001095,0.0001103,207054261.0
1782460800,0.0001104,0.0001113,0.0001098,0.0001099,127821875.0
1782464400,0.0001099,0.0001106,0.0001084,0.0001084,42498216.0
1782468000,0.0001087,0.0001087,0.0001081,0.0001081,7502231.0
1782471600,0.0001081,0.0001087,0.0001071,0.0001079,42473264.0
1782475200,0.0001078,0.0001093,0.0001076,0.0001079,186174363.0
1782478800,0.0001077,0.0001102,0.0001069,0.0001097,46094554.0
1782482400,0.00011,0.0001102,0.0001085,0.0001085,29287157.0
1782486000,0.0001086,0.0001117,0.0001084,0.0001109,303333152.0
1782489600,0.0001111,0.0001123,0.0001105,0.0001114,108999355.0
1782493200,0.0001113,0.000113,0.0001112,0.0001126,120139081.0
1782496800,0.0001126,0.0001126,0.0001112,0.0001116,38055487.0
1782500400,0.0001117,0.0001125,0.0001113,0.0001113,25322170.0
1782504000,0.0001112,0.0001122,0.0001104,0.0001107,27756442.0
1782507600,0.0001105,0.0001106,0.0001101,0.0001101,34241367.0
1782511200,0.0001104,0.0001104,0.0001094,0.0001103,67753504.0
1782514800,0.0001103,0.0001105,0.0001094,0.0001101,123764074.0
1782518400,0.0001101,0.0001103,0.0001096,0.00011,15713077.0
1782522000,0.00011,0.000111,0.0001095,0.0001099,82456454.0
1782525600,0.0001098,0.0001108,0.0001097,0.0001107,20732878.0
1782529200,0.0001104,0.000111,0.0001101,0.0001103,5746335.0
1782532800,0.0001103,0.0001109,0.0001103,0.0001103,5144629.0
1782536400,0.0001101,0.0001108,0.0001101,0.0001107,2172019.0
1782540000,0.0001105,0.0001111,0.0001104,0.0001111,7354290.0
1782543600,0.000111,0.0001123,0.0001106,0.0001114,41890124.0
1782547200,0.0001115,0.0001115,0.000111,0.0001111,11015579.0
1782550800,0.000111,0.000111,0.0001105,0.0001109,7214652.0
1782554400,0.0001109,0.000111,0.0001106,0.0001108,869292.0
1782558000,0.0001104,0.0001104,0.0001094,0.00011,26280612.0
1782561600,0.0001099,0.00011,0.0001096,0.0001099,4582703.0
1782565200,0.0001097,0.0001105,0.0001096,0.0001103,7954630.0
1782568800,0.0001104,0.0001109,0.0001104,0.0001107,23383195.0
1782572400,0.0001107,0.0001113,0.0001107,0.0001113,1426476.0
1782576000,0.0001114,0.0001118,0.0001113,0.0001116,26305251.0
1782579600,0.0001116,0.0001116,0.0001109,0.0001109,26799383.0
1782583200,0.0001109,0.0001112,0.0001108,0.0001112,10494695.0
1782586800,0.0001112,0.0001115,0.0001101,0.0001106,20482539.0
1782590400,0.0001106,0.0001107,0.0001103,0.0001106,3685145.0
1782594000,0.0001107,0.0001109,0.000108,0.0001084,263196138.0
1782597600,0.0001087,0.0001094,0.0001082,0.0001094,20132136.0
1782601200,0.0001089,0.0001091,0.0001087,0.0001091,5784706.0
1782604800,0.0001091,0.000111,0.0001091,0.0001097,90955130.0
1782608400,0.0001097,0.0001121,0.0001093,0.0001114,409527773.0
1782612000,0.0001112,0.0001119,0.0001109,0.0001112,60805207.0
1782615600,0.0001113,0.0001115,0.0001111,0.0001115,230636.0
1782619200,0.0001115,0.0001121,0.0001114,0.0001118,31202147.0
1782622800,0.0001119,0.000112,0.0001109,0.0001113,20773360.0
1782626400,0.0001115,0.0001119,0.000111,0.0001119,8965088.0
1782630000,0.0001117,0.0001119,0.0001113,0.0001115,6057757.0
1782633600,0.0001117,0.0001123,0.0001113,0.0001119,4533190.0
1782637200,0.0001119,0.0001132,0.0001119,0.0001122,74298418.0
1782640800,0.0001122,0.0001122,0.0001111,0.0001117,89477826.0
1782644400,0.0001117,0.0001261,0.0001117,0.0001218,1301214622.0
1782648000,0.0001219,0.0001482,0.000119,0.0001405,6077424233.0
1782651600,0.0001412,0.000147,0.0001257,0.0001259,5051170625.0
1782655200,0.0001256,0.00013,0.0001168,0.0001173,1675859558.0
1782658800,0.0001168,0.0001191,0.0001161,0.0001188,895783800.0
1782662400,0.0001189,0.0001209,0.0001157,0.0001185,590499720.0
1782666000,0.0001186,0.0001196,0.0001165,0.0001184,339700400.0
1782669600,0.0001184,0.0001201,0.0001178,0.0001192,240182573.0
1782673200,0.0001195,0.0001213,0.0001185,0.0001189,381516944.0
1782676800,0.0001188,0.0001194,0.0001162,0.0001165,348404291.0
1782680400,0.0001166,0.0001181,0.0001134,0.0001153,964051557.0
1782684000,0.0001153,0.0001172,0.0001146,0.0001151,212661578.0
1782687600,0.000115,0.0001174,0.000115,0.0001171,173029294.0
1782691200,0.0001171,0.0001174,0.000115,0.0001166,440469747.0
1782694800,0.0001166,0.0001185,0.0001155,0.0001176,187259890.0
1782698400,0.0001175,0.0001188,0.0001146,0.0001184,392835869.0
1782702000,0.0001183,0.00012,0.0001174,0.0001186,561789150.0
1782705600,0.0001185,0.0001193,0.0001161,0.0001165,147901614.0
1782709200,0.0001162,0.0001188,0.000115,0.0001187,199032313.0
1782712800,0.0001186,0.0001189,0.0001161,0.0001166,238891800.0
1782716400,0.0001165,0.0001171,0.0001156,0.0001161,162482469.0
1782720000,0.0001158,0.0001158,0.0001133,0.0001133,453850395.0
1782723600,0.0001133,0.0001141,0.0001125,0.0001133,509003304.0
1782727200,0.0001134,0.000114,0.000112,0.0001124,413308905.0
1782730800,0.0001124,0.0001127,0.0001112,0.0001125,100668610.0
1782734400,0.0001125,0.0001146,0.0001118,0.0001121,426056351.0
1782738000,0.0001125,0.0001134,0.0001114,0.0001123,462238644.0
1782741600,0.000112,0.0001129,0.0001105,0.0001117,170636342.0
1782745200,0.0001115,0.0001131,0.0001104,0.0001121,273412755.0
1782748800,0.0001122,0.0001126,0.0001114,0.0001122,18227858.0
1782752400,0.0001125,0.0001146,0.0001125,0.0001142,135826222.0
1782756000,0.0001142,0.0001144,0.0001133,0.0001137,66785797.0
1782759600,0.0001137,0.0001143,0.0001134,0.0001138,134288607.0
1782763200,0.0001136,0.0001143,0.0001135,0.0001135,95720660.0
1782766800,0.0001135,0.0001138,0.000113,0.0001131,172091981.0
1782770400,0.0001132,0.0001137,0.0001131,0.0001133,39821980.0
1782774000,0.0001133,0.0001138,0.0001131,0.0001137,50773360.0
1782777600,0.0001138,0.0001194,0.0001135,0.0001137,639149921.0
1782781200,0.0001138,0.0001142,0.000113,0.0001135,34189456.0
1782784800,0.0001134,0.0001146,0.0001128,0.0001139,91266536.0
1782788400,0.000114,0.0001152,0.0001137,0.0001151,80946862.0
1782792000,0.000115,0.0001159,0.0001143,0.0001153,41604889.0
1782795600,0.000115,0.0001154,0.0001136,0.0001145,53953067.0
1782799200,0.0001143,0.0001149,0.0001143,0.0001147,9214413.0
1782802800,0.0001145,0.000115,0.0001143,0.0001148,40910691.0
1782806400,0.0001147,0.0001159,0.0001145,0.0001152,72085900.0
1782810000,0.0001153,0.0001172,0.000115,0.0001162,159811930.0
1782813600,0.0001162,0.0001162,0.0001137,0.0001142,67244945.0
1782817200,0.0001141,0.0001142,0.0001125,0.0001126,69237356.0
1782820800,0.0001125,0.0001133,0.0001103,0.0001103,406555239.0
1782824400,0.0001106,0.0001116,0.00011,0.0001114,86806230.0
1782828000,0.0001115,0.0001121,0.0001108,0.0001112,4251098.0
1782831600,0.0001113,0.0001116,0.0001101,0.000111,86914483.0
1782835200,0.000111,0.0001128,0.0001104,0.0001118,225567246.0
1782838800,0.0001115,0.0001116,0.0001105,0.0001107,17721656.0
1782842400,0.0001104,0.0001115,0.0001101,0.000111,33402100.0
1782846000,0.0001108,0.0001113,0.0001103,0.0001105,31141952.0
1782849600,0.0001105,0.0001109,0.0001101,0.0001106,25258987.0
1782853200,0.0001106,0.0001107,0.0001102,0.0001106,2738720.0
1782856800,0.0001107,0.0001116,0.0001107,0.0001116,24727816.0
1782860400,0.0001114,0.0001122,0.0001112,0.0001118,38769428.0
1782864000,0.0001121,0.0001121,0.0001113,0.0001114,21296463.0
1782867600,0.0001111,0.000112,0.0001086,0.0001114,292169919.0
1782871200,0.0001113,0.0001125,0.0001113,0.0001119,52204101.0
1782874800,0.0001119,0.0001129,0.0001118,0.0001126,59342459.0
1782878400,0.0001127,0.0001132,0.0001121,0.0001129,18051996.0
1782882000,0.000113,0.000113,0.0001118,0.0001121,13144594.0
1782885600,0.000112,0.000112,0.0001104,0.0001106,16642536.0
1782889200,0.0001106,0.0001112,0.0001106,0.0001106,2995363.0
1782892800,0.0001107,0.0001108,0.0001102,0.0001108,11202097.0
1782896400,0.0001111,0.0001119,0.0001108,0.0001112,27739422.0
1782900000,0.0001113,0.0001117,0.0001109,0.0001114,26012274.0
1782903600,0.0001116,0.0001129,0.0001114,0.0001116,81252435.0
1782907200,0.0001117,0.0001123,0.0001114,0.0001121,40270692.0
1782910800,0.0001122,0.0001133,0.0001107,0.000113,54769127.0
1782914400,0.000113,0.0001146,0.0001129,0.0001135,55413941.0
1782918000,0.0001135,0.0001154,0.0001121,0.0001139,601728997.0
1782921600,0.0001139,0.0001143,0.0001131,0.0001132,80268698.0
1782925200,0.0001132,0.0001141,0.0001123,0.0001136,78155658.0
1782928800,0.0001138,0.0001139,0.0001126,0.0001128,27608597.0
1782932400,0.0001131,0.0001135,0.0001123,0.0001125,128865186.0
1782936000,0.0001123,0.0001138,0.0001121,0.0001136,33985019.0
1782939600,0.0001139,0.0001145,0.0001107,0.0001141,975919760.0
1782943200,0.0001141,0.0001145,0.0001132,0.0001139,204796024.0
1782946800,0.0001138,0.0001138,0.0001126,0.0001132,181384112.0
1782950400,0.0001131,0.0001138,0.0001116,0.0001125,92189337.0
1782954000,0.0001125,0.0001135,0.0001124,0.0001125,76629250.0
1782957600,0.0001125,0.000113,0.0001123,0.0001123,19568058.0
1782961200,0.0001123,0.0001135,0.000112,0.0001129,81150866.0
1782964800,0.0001128,0.000113,0.0001121,0.0001129,43555515.0
1782968400,0.0001127,0.0001164,0.0001125,0.000114,420253255.0
1782972000,0.000114,0.000114,0.0001128,0.000113,46681303.0
1782975600,0.0001129,0.000113,0.0001118,0.0001126,101966005.0
1782979200,0.0001123,0.0001132,0.0001123,0.0001131,41161876.0
1782982800,0.0001131,0.000115,0.000113,0.0001148,78770277.0
1782986400,0.0001146,0.0001154,0.0001146,0.0001147,34475166.0
1782990000,0.0001147,0.0001155,0.0001145,0.0001149,97316941.0
1782993600,0.0001154,0.0001159,0.0001149,0.0001154,189377965.0
1782997200,0.0001156,0.0001178,0.0001154,0.0001165,500786931.0
1783000800,0.0001169,0.0001169,0.0001147,0.0001148,154199287.0
1783004400,0.0001149,0.0001159,0.0001139,0.0001149,177450004.0
1783008000,0.0001149,0.0001153,0.000114,0.0001148,139215908.0
1783011600,0.000115,0.0001151,0.000114,0.0001145,266481719.0
1783015200,0.0001144,0.0001148,0.0001129,0.0001143,183499125.0
1783018800,0.0001143,0.0001147,0.000114,0.0001143,25686139.0
1783022400,0.0001142,0.0001154,0.000114,0.0001154,270519006.0
1783026000,0.0001152,0.0001166,0.0001152,0.000116,138542437.0
1783029600,0.000116,0.0001161,0.0001153,0.000116,16889404.0
1783033200,0.0001159,0.0001165,0.0001157,0.0001162,25861028.0
1783036800,0.0001162,0.0001162,0.0001154,0.0001155,29261570.0
1783040400,0.0001156,0.0001171,0.0001156,0.000117,96174903.0
1783044000,0.0001168,0.000117,0.0001159,0.0001162,55482033.0
1783047600,0.0001163,0.0001169,0.0001157,0.0001169,20309319.0
1783051200,0.0001168,0.0001169,0.0001158,0.0001162,35658240.0
1783054800,0.0001165,0.0001171,0.0001162,0.0001169,57729782.0
1783058400,0.0001168,0.0001183,0.0001168,0.0001181,132887168.0
1783062000,0.000118,0.0001191,0.0001177,0.0001189,91241205.0
1783065600,0.0001187,0.0001191,0.0001177,0.0001177,22180631.0
1783069200,0.0001177,0.0001183,0.0001175,0.0001181,11613167.0
1783072800,0.0001182,0.0001195,0.0001182,0.0001183,43100074.0
1783076400,0.0001185,0.0001203,0.0001182,0.0001193,590689884.0
1783080000,0.0001193,0.0001195,0.0001187,0.0001188,24022543.0
1783083600,0.0001189,0.0001195,0.0001183,0.0001184,149150687.0
1783087200,0.0001182,0.0001185,0.0001174,0.0001184,129302977.0
1783090800,0.0001184,0.0001189,0.0001175,0.0001178,75157625.0
1783094400,0.0001177,0.0001187,0.0001175,0.0001187,48561940.0
1783098000,0.0001189,0.0001194,0.0001186,0.0001192,71241024.0
1783101600,0.000119,0.0001192,0.0001186,0.000119,55165402.0
1783105200,0.0001188,0.0001195,0.0001186,0.000119,71212588.0
1783108800,0.0001192,0.00012,0.000119,0.0001198,231836688.0
1783112400,0.00012,0.0001207,0.0001195,0.0001207,202625536.0
1783116000,0.0001203,0.0001207,0.00012,0.0001204,116186342.0
1783119600,0.0001203,0.0001205,0.0001196,0.0001204,40319191.0
1783123200,0.0001202,0.0001207,0.0001193,0.0001194,85993328.0
1783126800,0.0001193,0.0001193,0.0001178,0.0001182,95546783.0
1783130400,0.0001185,0.0001189,0.0001181,0.0001188,9974900.0
1783134000,0.0001189,0.0001199,0.0001187,0.0001192,38456567.0
1783137600,0.0001189,0.0001196,0.0001189,0.0001192,10908149.0
1783141200,0.0001193,0.0001193,0.0001182,0.0001185,36315492.0
1783144800,0.0001185,0.0001188,0.0001175,0.0001181,45667659.0
1783148400,0.0001181,0.0001185,0.0001178,0.0001185,10935213.0
1783152000,0.0001184,0.0001188,0.000118,0.000118,20966440.0
1783155600,0.0001181,0.0001183,0.0001176,0.000118,6657472.0
1783159200,0.0001182,0.0001182,0.0001175,0.0001179,16555229.0
1783162800,0.000118,0.0001194,0.000118,0.0001193,33793514.0
1783166400,0.0001195,0.0001203,0.0001194,0.0001197,54876045.0
1783170000,0.0001197,0.00012,0.0001193,0.0001196,31817025.0
1783173600,0.0001197,0.00012,0.000119,0.0001196,59148503.0
1783177200,0.00012,0.0001217,0.0001199,0.0001215,70336289.0
1783180800,0.0001213,0.0001232,0.000121,0.0001221,212422207.0
1783184400,0.000122,0.0001226,0.0001217,0.0001224,53487788.0
1783188000,0.0001223,0.0001229,0.0001216,0.0001218,134713138.0
1783191600,0.0001217,0.0001223,0.0001213,0.0001219,18617152.0
1783195200,0.000122,0.0001221,0.000121,0.0001214,27577895.0
1783198800,0.0001214,0.0001218,0.000121,0.0001212,42038268.0
1783202400,0.0001212,0.0001212,0.0001206,0.0001209,28338150.0
1783206000,0.0001209,0.0001209,0.0001193,0.0001193,226512261.0
1783209600,0.0001193,0.00012,0.0001187,0.0001198,62858498.0
1783213200,0.0001195,0.0001197,0.0001187,0.0001194,43337808.0
1783216800,0.0001192,0.0001192,0.0001183,0.0001183,25535586.0
1783220400,0.0001186,0.0001191,0.0001183,0.0001183,23258657.0
1783224000,0.0001182,0.0001195,0.0001182,0.0001189,22430093.0
1783227600,0.0001188,0.0001189,0.0001182,0.0001186,31092202.0
1783231200,0.0001183,0.0001188,0.0001181,0.0001188,14130221.0
1783234800,0.0001185,0.0001193,0.0001185,0.0001193,18752926.0
1783238400,0.0001193,0.0001195,0.0001188,0.0001189,11248379.0
1783242000,0.0001187,0.000119,0.0001178,0.0001183,18018201.0
1783245600,0.0001185,0.0001185,0.0001183,0.0001185,12922865.0
1783249200,0.0001185,0.0001187,0.0001178,0.0001179,22571734.0
1783252800,0.0001179,0.0001203,0.0001179,0.0001195,97598306.0
1783256400,0.0001195,0.0001197,0.0001191,0.0001197,19812617.0
1783260000,0.0001197,0.0001203,0.0001195,0.0001201,28893935.0
1783263600,0.0001201,0.0001208,0.0001195,0.0001203,119789123.0
1783267200,0.0001204,0.0001206,0.0001199,0.0001205,12060392.0
1783270800,0.0001206,0.0001209,0.0001199,0.0001203,24886713.0
1783274400,0.0001202,0.0001208,0.0001202,0.0001206,22981852.0
1783278000,0.0001206,0.0001207,0.0001199,0.00012,30620661.0
1783281600,0.0001201,0.0001202,0.0001197,0.0001197,21255684.0
1783285200,0.0001198,0.0001209,0.0001195,0.0001205,41059485.0
1783288800,0.0001203,0.0001215,0.0001202,0.0001212,49690237.0
1783292400,0.0001211,0.0001213,0.00012,0.00012,39532919.0
1783296000,0.0001201,0.0001205,0.0001197,0.0001204,20566363.0
1783299600,0.0001203,0.0001204,0.0001187,0.0001192,126455659.0
1783303200,0.0001192,0.0001195,0.0001183,0.000119,102720780.0
1783306800,0.000119,0.0001191,0.0001185,0.0001188,16375905.0
1783310400,0.0001185,0.000119,0.0001183,0.0001183,9422607.0
1783314000,0.0001183,0.0001183,0.0001174,0.0001179,54795052.0
1783317600,0.0001176,0.0001179,0.0001172,0.0001177,18762156.0
1783321200,0.0001176,0.0001177,0.0001169,0.0001176,23817053.0
1783324800,0.0001177,0.0001181,0.0001173,0.0001177,30107274.0
1783328400,0.0001177,0.0001178,0.0001172,0.0001178,50841094.0
1783332000,0.0001177,0.0001184,0.0001175,0.0001179,27356526.0
1783335600,0.0001178,0.000118,0.0001171,0.0001171,18224967.0
1783339200,0.0001167,0.0001167,0.000115,0.0001161,256199568.0
1783342800,0.0001159,0.0001167,0.0001153,0.0001165,167389421.0
1783346400,0.0001162,0.0001179,0.0001162,0.0001174,48529576.0
1783350000,0.0001174,0.0001202,0.0001174,0.0001202,83353414.0
1783353600,0.00012,0.0001211,0.0001196,0.0001208,132452440.0
1783357200,0.0001206,0.0001218,0.0001204,0.0001211,146105363.0
1783360800,0.000121,0.0001221,0.00012,0.0001221,154578279.0
1783364400,0.000122,0.000122,0.0001211,0.0001211,32465740.0
1783368000,0.0001212,0.0001223,0.0001212,0.0001217,82136011.0
1783371600,0.0001218,0.0001237,0.0001218,0.0001219,99112082.0
1783375200,0.0001222,0.0001223,0.0001211,0.0001214,27663298.0
1783378800,0.0001213,0.0001217,0.0001209,0.0001209,35595669.0
1783382400,0.0001211,0.0001212,0.0001204,0.0001206,13653455.0
1783386000,0.0001205,0.0001205,0.0001199,0.0001202,28159745.0
1783389600,0.0001202,0.0001202,0.0001192,0.0001194,12658900.0
1783393200,0.0001194,0.0001196,0.0001189,0.0001194,104331860.0
1783396800,0.0001191,0.0001193,0.0001183,0.0001186,55885609.0
1783400400,0.0001186,0.0001187,0.0001179,0.0001186,48268455.0
1783404000,0.0001186,0.0001194,0.000118,0.0001194,21793862.0
1783407600,0.0001195,0.0001195,0.0001187,0.000119,21336116.0
1783411200,0.0001191,0.0001195,0.0001186,0.0001187,27021094.0
1783414800,0.0001189,0.0001192,0.0001186,0.0001192,23512218.0
1783418400,0.0001193,0.0001195,0.0001185,0.0001185,39263530.0
1783422000,0.0001187,0.0001194,0.0001185,0.0001194,28293834.0
1783425600,0.0001194,0.0001199,0.0001188,0.0001188,22950666.0
1783429200,0.0001187,0.000119,0.0001176,0.0001177,48466388.0
1783432800,0.0001176,0.0001186,0.0001169,0.0001184,69058254.0
1783436400,0.0001185,0.0001194,0.0001178,0.000119,76458225.0
1783440000,0.0001188,0.0001195,0.0001181,0.0001192,79072413.0
1783443600,0.0001193,0.0001196,0.0001189,0.0001192,15292016.0
1783447200,0.000119,0.000119,0.0001172,0.0001172,52502921.0
1783450800,0.0001171,0.0001176,0.0001167,0.0001173,30153344.0
1783454400,0.0001173,0.0001175,0.0001164,0.000117,31171549.0
1783458000,0.0001169,0.000117,0.0001159,0.0001159,79074645.0
1783461600,0.0001157,0.0001163,0.0001155,0.000116,27570665.0
1783465200,0.000116,0.0001166,0.0001157,0.0001157,14984489.0
1783468800,0.0001158,0.0001162,0.0001154,0.000116,84577505.0
1783472400,0.0001158,0.0001162,0.0001138,0.0001138,303479977.0
1783476000,0.0001137,0.0001145,0.0001131,0.0001144,57486433.0
1783479600,0.0001144,0.0001145,0.0001133,0.0001133,44624634.0
1783483200,0.0001134,0.0001139,0.0001133,0.0001139,34939223.0
1783486800,0.000114,0.0001146,0.0001134,0.0001143,124928819.0
1783490400,0.0001142,0.0001143,0.0001124,0.0001125,301646554.0
1783494000,0.0001125,0.0001136,0.0001122,0.0001135,33110239.0
1783497600,0.0001134,0.0001139,0.0001117,0.0001117,53656274.0
1783501200,0.0001115,0.0001118,0.0001103,0.0001114,268343849.0
1783504800,0.0001113,0.0001115,0.0001107,0.000111,104626361.0
1783508400,0.0001108,0.0001123,0.0001108,0.0001121,35801585.0
1783512000,0.000112,0.0001122,0.0001115,0.0001116,27645658.0
1783515600,0.0001116,0.0001125,0.0001116,0.0001125,17686365.0
1783519200,0.0001123,0.0001127,0.0001118,0.0001119,37627777.0
1783522800,0.0001118,0.0001118,0.0001107,0.0001115,80385326.0
1783526400,0.0001115,0.0001124,0.0001114,0.0001124,20631886.0
1783530000,0.0001123,0.0001127,0.000112,0.0001121,21818351.0
1783533600,0.000112,0.000112,0.0001116,0.0001118,18795103.0
1783537200,0.0001118,0.000112,0.0001115,0.0001119,9775583.0
1783540800,0.0001117,0.000112,0.0001112,0.0001112,35257830.0
1783544400,0.0001111,0.0001114,0.0001109,0.0001114,10351783.0
1783548000,0.0001113,0.0001117,0.0001112,0.0001113,8266135.0
1783551600,0.0001113,0.0001116,0.0001112,0.0001115,19018253.0
1783555200,0.0001115,0.0001122,0.0001112,0.0001122,7641356.0
1783558800,0.0001123,0.0001125,0.0001107,0.0001107,43746648.0
1783562400,0.0001109,0.0001113,0.0001103,0.0001104,9326521.0
1783566000,0.0001106,0.0001108,0.0001101,0.0001105,53843938.0
1783569600,0.0001106,0.0001115,0.0001104,0.000111,90237941.0
1783573200,0.0001113,0.0001117,0.000111,0.0001117,41774191.0
1783576800,0.0001116,0.0001122,0.0001111,0.0001122,41203372.0
1783580400,0.0001124,0.0001125,0.0001115,0.0001121,28212584.0
1783584000,0.0001122,0.0001139,0.000112,0.0001134,51103055.0
1783587600,0.0001134,0.0001137,0.0001131,0.0001136,20534061.0
1783591200,0.0001135,0.0001136,0.0001125,0.0001127,30235463.0
1783594800,0.0001128,0.0001131,0.0001126,0.0001128,20296069.0
1783598400,0.0001127,0.0001134,0.0001126,0.0001131,40380542.0
1783602000,0.000113,0.0001132,0.0001118,0.000113,106074467.0
1783605600,0.0001129,0.0001134,0.0001124,0.0001132,95821080.0
1783609200,0.0001129,0.0001132,0.0001125,0.0001126,6896773.0
1783612800,0.0001128,0.0001129,0.0001123,0.0001128,22775000.0
1783616400,0.0001127,0.0001139,0.0001126,0.0001139,26244932.0
1783620000,0.0001138,0.0001145,0.0001137,0.0001138,45277110.0
1783623600,0.0001137,0.0001141,0.0001134,0.0001135,22620643.0
1783627200,0.0001136,0.0001137,0.000113,0.0001133,31020378.0
1783630800,0.0001135,0.0001137,0.0001133,0.0001133,20587736.0
1783634400,0.0001133,0.0001136,0.000113,0.0001131,51812919.0
1783638000,0.0001132,0.0001132,0.0001124,0.0001124,33799251.0
1783641600,0.0001125,0.0001139,0.0001123,0.0001133,43395897.0
1783645200,0.0001133,0.000117,0.0001132,0.0001157,361901806.0
1783648800,0.0001156,0.0001158,0.0001149,0.0001156,43222293.0
1783652400,0.0001156,0.0001156,0.0001149,0.0001154,25087757.0
1783656000,0.0001156,0.0001173,0.0001152,0.0001163,329242104.0
1783659600,0.0001162,0.0001168,0.0001161,0.0001167,53167639.0
1783663200,0.0001167,0.0001169,0.0001162,0.0001168,162985510.0
1783666800,0.0001169,0.0001179,0.0001166,0.0001174,61287863.0
1783670400,0.0001175,0.0001183,0.0001171,0.0001172,41012717.0
1783674000,0.0001172,0.0001177,0.0001171,0.0001173,38644139.0
1783677600,0.0001175,0.0001177,0.0001169,0.0001171,14392757.0
1783681200,0.0001172,0.0001172,0.0001162,0.0001167,77768168.0
1783684800,0.0001163,0.0001169,0.0001153,0.0001155,171845020.0
1783688400,0.0001155,0.0001159,0.000115,0.0001153,43767157.0
1783692000,0.0001152,0.0001152,0.0001126,0.0001139,169931831.0
1783695600,0.0001136,0.0001148,0.0001136,0.0001142,69114125.0
1783699200,0.0001142,0.0001148,0.0001136,0.0001147,135295529.0
1783702800,0.0001147,0.0001147,0.0001141,0.0001144,11011857.0
1783706400,0.0001143,0.0001147,0.0001137,0.000114,33077547.0
1783710000,0.0001138,0.0001148,0.0001138,0.0001145,17193940.0
1783713600,0.0001143,0.0001145,0.000114,0.0001142,26676830.0
1783717200,0.0001141,0.0001151,0.0001141,0.000115,19811791.0
1783720800,0.0001149,0.0001151,0.0001141,0.0001145,67865652.0
1783724400,0.0001147,0.000115,0.0001145,0.0001148,36900969.0
1783728000,0.0001148,0.0001155,0.0001145,0.0001152,52890193.0
1783731600,0.0001153,0.0001157,0.0001151,0.0001154,17620935.0
1783735200,0.0001156,0.0001161,0.0001155,0.0001159,5784440.0
1783738800,0.0001159,0.0001161,0.0001156,0.0001159,19201989.0
1783742400,0.0001157,0.0001157,0.000115,0.000115,33147463.0
1783746000,0.0001151,0.0001154,0.0001139,0.0001143,46894454.0
1783749600,0.0001145,0.0001149,0.0001144,0.0001149,33420266.0
1783753200,0.0001148,0.0001152,0.0001145,0.0001145,30248921.0
1783756800,0.0001145,0.0001149,0.0001144,0.0001149,3284332.0
1783760400,0.0001149,0.0001151,0.0001145,0.0001145,11945472.0
1783764000,0.0001146,0.0001151,0.0001145,0.0001151,1301070.0
1783767600,0.0001149,0.0001151,0.0001147,0.0001149,9743969.0
1783771200,0.0001148,0.0001157,0.0001147,0.0001156,26997721.0
1783774800,0.0001156,0.0001163,0.0001155,0.0001162,51476735.0
1783778400,0.0001162,0.000118,0.0001162,0.0001166,183822379.0
1783782000,0.0001167,0.000117,0.0001153,0.0001163,68685941.0
1783785600,0.000116,0.0001169,0.0001159,0.0001162,30223906.0
1783789200,0.000116,0.0001163,0.0001157,0.0001157,17069313.0
1783792800,0.000116,0.0001162,0.0001154,0.0001154,37409476.0
1783796400,0.0001155,0.0001156,0.0001148,0.0001151,12133426.0
1783800000,0.0001151,0.0001154,0.0001149,0.0001152,3812615.0
1783803600,0.0001153,0.0001153,0.0001138,0.0001143,118532495.0
1783807200,0.0001145,0.0001146,0.0001135,0.0001138,30313856.0
1783810800,0.0001138,0.0001141,0.0001122,0.0001122,40348957.0
1783814400,0.0001123,0.0001127,0.0001119,0.0001125,52124398.0
1783818000,0.0001127,0.0001133,0.0001124,0.0001131,39393837.0
1783821600,0.000113,0.0001137,0.000113,0.0001136,9937585.0
1783825200,0.0001135,0.0001141,0.0001135,0.0001138,10045851.0
1783828800,0.0001137,0.0001138,0.0001131,0.0001134,29805463.0
1783832400,0.0001136,0.0001136,0.0001131,0.0001131,11971042.0
1783836000,0.000113,0.000113,0.0001123,0.0001128,37634882.0
1783839600,0.0001128,0.0001129,0.0001128,0.0001129,2588994.0
1783843200,0.0001129,0.0001132,0.0001127,0.0001127,19191863.0
1783846800,0.0001127,0.0001131,0.0001125,0.0001129,8982806.0
1783850400,0.0001128,0.0001131,0.0001128,0.0001131,1235580.0
1783854000,0.000113,0.000113,0.0001125,0.0001129,47325638.0
1783857600,0.0001129,0.0001138,0.0001128,0.0001133,61607855.0
1783861200,0.0001133,0.0001133,0.0001125,0.0001129,25149477.0
1783864800,0.0001128,0.0001135,0.0001125,0.0001133,37356494.0
1783868400,0.0001135,0.0001135,0.0001127,0.0001133,35568085.0
1783872000,0.0001131,0.0001132,0.0001127,0.0001129,62496716.0
1783875600,0.0001129,0.0001135,0.0001126,0.000113,34449978.0
1783879200,0.0001129,0.0001131,0.0001129,0.0001129,16461567.0
1783882800,0.0001131,0.0001131,0.0001128,0.0001129,12235247.0
1783886400,0.000113,0.000113,0.0001124,0.0001124,16475913.0
1783890000,0.0001125,0.0001126,0.0001121,0.0001122,52826799.0
1783893600,0.0001121,0.0001121,0.0001113,0.0001116,69802171.0
1783897200,0.0001116,0.0001116,0.000111,0.0001114,38327389.0
1783900800,0.0001117,0.0001133,0.0001114,0.0001122,55918672.0
1783904400,0.0001124,0.0001124,0.0001109,0.000111,5093884.0
1783908000,0.000111,0.0001114,0.0001108,0.0001108,35670255.0
1783911600,0.0001107,0.0001107,0.0001093,0.0001096,364795075.0
1783915200,0.0001097,0.0001104,0.0001088,0.0001092,111557467.0
1783918800,0.0001091,0.00011,0.0001088,0.0001099,86277665.0
1783922400,0.00011,0.0001108,0.0001096,0.0001106,77450888.0
1783926000,0.0001106,0.000111,0.0001106,0.0001108,6529024.0
1783929600,0.0001111,0.0001111,0.0001105,0.0001108,24847222.0
1783933200,0.0001107,0.0001109,0.0001104,0.0001108,5842727.0
1783936800,0.0001106,0.0001112,0.0001103,0.0001107,25342892.0
1783940400,0.000111,0.0001113,0.0001106,0.0001108,22053236.0
1783944000,0.0001106,0.0001112,0.00011,0.0001104,88482652.0
1783947600,0.0001103,0.0001104,0.0001097,0.0001102,21332238.0
1783951200,0.0001103,0.0001109,0.0001093,0.0001109,101403160.0
1783954800,0.0001107,0.0001113,0.0001104,0.0001104,94279389.0
1783958400,0.0001104,0.0001108,0.00011,0.0001102,70838787.0
1783962000,0.0001103,0.0001103,0.0001088,0.0001092,150935530.0
1783965600,0.0001089,0.0001095,0.0001084,0.0001084,70578415.0
1783969200,0.0001085,0.0001093,0.0001084,0.000109,49025427.0
1783972800,0.000109,0.0001095,0.0001086,0.0001095,72772664.0
1783976400,0.0001094,0.0001097,0.000108,0.0001086,37775759.0
1783980000,0.0001087,0.0001089,0.0001085,0.0001086,9606985.0
1783983600,0.0001085,0.0001091,0.0001084,0.0001091,18483346.0
1783987200,0.0001088,0.0001099,0.0001088,0.0001097,218130988.0
1783990800,0.0001098,0.0001098,0.0001093,0.0001093,283838.0
1783994400,0.0001094,0.0001095,0.0001091,0.0001092,9941551.0
1783998000,0.0001091,0.0001093,0.0001087,0.0001093,7061909.0
1784001600,0.0001089,0.0001094,0.0001088,0.0001093,28706222.0
1784005200,0.0001093,0.0001096,0.0001092,0.0001092,8138216.0
1784008800,0.0001092,0.0001093,0.0001091,0.0001091,27518736.0
1784012400,0.0001091,0.0001092,0.0001088,0.000109,23864947.0
1784016000,0.0001091,0.0001093,0.0001087,0.000109,28671381.0
1784019600,0.0001089,0.0001091,0.0001087,0.0001087,29607198.0
1784023200,0.0001091,0.0001092,0.0001088,0.0001091,6048482.0
1784026800,0.0001091,0.0001092,0.0001082,0.0001087,91135042.0
1784030400,0.0001085,0.0001121,0.0001084,0.0001121,428420329.0
1784034000,0.0001119,0.0001135,0.0001118,0.0001126,84083767.0
1784037600,0.0001127,0.0001133,0.0001119,0.0001133,69237881.0
1784041200,0.0001132,0.0001141,0.0001131,0.0001136,18598530.0
1784044800,0.0001135,0.0001139,0.0001133,0.0001133,4458445.0
1784048400,0.0001135,0.0001138,0.0001129,0.0001135,19109327.0
1784052000,0.0001136,0.0001136,0.0001132,0.0001133,8955346.0
1784055600,0.0001134,0.0001135,0.0001128,0.0001128,20928511.0
1784059200,0.0001127,0.0001129,0.0001126,0.0001129,23975323.0
1784062800,0.0001128,0.000113,0.0001124,0.0001126,34967025.0
1784066400,0.0001125,0.0001131,0.0001122,0.0001122,13869778.0
1784070000,0.0001125,0.0001127,0.0001116,0.000112,43486822.0
1784073600,0.000112,0.0001121,0.0001113,0.0001115,33994489.0
1784077200,0.0001115,0.000112,0.0001101,0.0001101,222750897.0
1784080800,0.0001104,0.000111,0.0001094,0.0001097,127647223.0
1784084400,0.0001095,0.0001101,0.0001094,0.00011,24755711.0
1784088000,0.00011,0.0001102,0.0001099,0.0001102,16660498.0
1784091600,0.0001101,0.0001103,0.0001097,0.0001102,21169110.0
1784095200,0.0001102,0.000111,0.0001102,0.0001103,22801868.0
1784098800,0.0001104,0.0001104,0.0001098,0.00011,16199833.0
1784102400,0.0001099,0.0001103,0.0001099,0.0001101,18265646.0
1784106000,0.0001103,0.0001107,0.0001103,0.0001106,29429373.0
1784109600,0.0001107,0.0001107,0.0001098,0.0001101,65390993.0
1784113200,0.0001101,0.0001103,0.0001096,0.0001102,21690619.0
1784116800,0.0001103,0.0001132,0.0001102,0.0001129,50903258.0
1784120400,0.0001131,0.0001142,0.0001127,0.0001129,258732423.0
1784124000,0.0001127,0.0001134,0.0001113,0.0001118,125078176.0
1784127600,0.0001117,0.0001118,0.0001107,0.0001107,51813618.0
1784131200,0.000111,0.0001112,0.00011,0.0001101,161353043.0
1784134800,0.0001101,0.0001113,0.0001101,0.0001113,49224247.0
1784138400,0.0001112,0.0001119,0.0001103,0.0001103,99575594.0
1784142000,0.0001105,0.000111,0.0001103,0.0001105,113067023.0
1784145600,0.0001105,0.0001116,0.0001103,0.0001114,68267221.0
1784149200,0.0001114,0.0001121,0.0001114,0.0001117,97864504.0
1784152800,0.0001116,0.0001121,0.0001114,0.0001121,99249321.0
1784156400,0.000112,0.0001136,0.0001116,0.000113,440708754.0
1784160000,0.000113,0.0001135,0.0001125,0.0001132,165892563.0
1784163600,0.0001133,0.0001143,0.0001126,0.0001141,95850373.0
1784167200,0.0001139,0.0001148,0.0001135,0.0001143,166779529.0
1784170800,0.0001145,0.0001145,0.0001135,0.0001135,21233131.0
1784174400,0.0001135,0.0001142,0.0001135,0.0001137,13575687.0
1784178000,0.0001136,0.0001143,0.0001136,0.0001142,37811074.0
1784181600,0.0001142,0.0001146,0.0001137,0.0001141,94131550.0
1784185200,0.000114,0.000114,0.000113,0.0001132,60935330.0
1784188800,0.000113,0.0001136,0.0001122,0.0001127,65242871.0
1784192400,0.0001127,0.0001128,0.0001122,0.0001124,50586569.0
1784196000,0.0001125,0.0001128,0.000112,0.000112,155750020.0
1784199600,0.000112,0.0001122,0.0001113,0.0001117,15134387.0
1784203200,0.0001116,0.0001118,0.0001112,0.0001116,4436163.0
1784206800,0.0001117,0.0001123,0.0001116,0.0001121,33884194.0
1784210400,0.0001121,0.0001127,0.000112,0.0001123,30778550.0
1784214000,0.0001119,0.0001127,0.0001116,0.0001123,30364693.0
1784217600,0.0001123,0.0001124,0.0001113,0.0001118,27314802.0
1784221200,0.0001116,0.0001116,0.0001106,0.0001106,24364599.0
1784224800,0.0001107,0.000111,0.0001102,0.0001104,223498212.0
1784228400,0.0001105,0.0001105,0.0001091,0.0001101,218981497.0
1784232000,0.0001098,0.0001098,0.0001086,0.0001088,190814497.0
1784235600,0.0001088,0.0001093,0.0001087,0.0001092,22447346.0
1784239200,0.0001091,0.0001091,0.0001083,0.0001087,43485814.0
1784242800,0.0001086,0.0001101,0.0001076,0.0001092,197980866.0
1784246400,0.0001091,0.0001093,0.0001076,0.0001088,178992289.0
1784250000,0.0001089,0.000109,0.0001077,0.0001079,27824794.0
1784253600,0.0001079,0.0001097,0.0001075,0.0001083,81180282.0
1784257200,0.0001083,0.0001102,0.0001083,0.0001093,30833837.0
1784260800,0.0001092,0.0001101,0.000109,0.0001094,20575424.0
1784264400,0.0001095,0.0001098,0.0001083,0.0001083,60295007.0
1784268000,0.0001083,0.0001089,0.0001082,0.0001088,27257667.0
1784271600,0.0001085,0.0001091,0.0001084,0.0001086,18959837.0
1784275200,0.0001087,0.0001087,0.0001079,0.0001087,17383021.0
1784278800,0.0001087,0.0001093,0.0001086,0.0001092,17509349.0
1784282400,0.0001091,0.0001094,0.000109,0.000109,15488252.0
1784286000,0.000109,0.0001105,0.0001088,0.0001096,30677177.0
1784289600,0.0001096,0.0001099,0.000109,0.000109,26419102.0
1784293200,0.0001089,0.0001095,0.000108,0.0001094,342440702.0
1784296800,0.0001095,0.0001099,0.0001076,0.0001081,302252315.0
1784300400,0.0001081,0.0001084,0.0001074,0.0001083,86988561.0
1784304000,0.0001084,0.0001093,0.0001084,0.0001088,75644491.0
1784307600,0.0001088,0.0001095,0.0001088,0.000109,30418561.0
1784311200,0.000109,0.0001094,0.0001086,0.0001092,29381012.0
1784314800,0.0001091,0.0001092,0.0001079,0.0001083,13260312.0
1784318400,0.0001081,0.0001083,0.0001079,0.0001083,5361805.0
1784322000,0.0001082,0.0001085,0.000108,0.000108,3233328.0
1784325600,0.000108,0.0001081,0.0001077,0.000108,14992541.0
1784329200,0.0001076,0.0001081,0.0001074,0.0001077,29236688.0
1784332800,0.0001078,0.0001147,0.0001076,0.0001145,979910720.0
1784336400,0.0001143,0.000115,0.0001119,0.0001149,299147558.0
1784340000,0.0001146,0.000117,0.000112,0.0001135,416035465.0
1784343600,0.0001137,0.0001432,0.0001133,0.0001396,3975002744.0
1784347200,0.0001403,0.000145,0.0001263,0.0001281,4424690555.0
1784350800,0.000128,0.0001311,0.0001233,0.0001239,1039297830.0
1784354400,0.0001239,0.000124,0.0001168,0.0001182,954049385.0
1784358000,0.0001183,0.0001235,0.000118,0.0001227,494308982.0
1784361600,0.0001226,0.0001226,0.0001199,0.0001199,241645052.0
1784365200,0.0001201,0.000121,0.0001189,0.0001189,330847515.0
1784368800,0.0001195,0.0001195,0.000117,0.0001179,616527261.0
1784372400,0.0001179,0.0001183,0.000115,0.0001177,375946263.0
1784376000,0.0001176,0.0001298,0.0001166,0.0001265,1844781838.0
1784379600,0.0001265,0.0001274,0.0001191,0.000123,935089227.0
1784383200,0.0001228,0.0001236,0.0001196,0.0001203,577759165.0
1784386800,0.0001202,0.0001226,0.0001194,0.0001195,284272138.0
1784390400,0.0001195,0.0001224,0.0001194,0.0001213,217552768.0
1784394000,0.0001213,0.0001241,0.0001209,0.0001226,305808693.0
1784397600,0.0001226,0.0001232,0.000122,0.0001227,243042610.0
1784401200,0.0001227,0.0001237,0.0001223,0.0001228,181191584.0
1784404800,0.0001225,0.0001231,0.000121,0.0001224,649822183.0
1784408400,0.0001223,0.000123,0.0001205,0.0001209,334543976.0
1784412000,0.0001211,0.0001218,0.0001199,0.0001208,291906828.0
1784415600,0.0001209,0.0001217,0.0001191,0.0001217,540899340.0
1784419200,0.0001213,0.0001238,0.0001187,0.0001203,852765414.0
1784422800,0.0001198,0.0001199,0.000115,0.0001155,828817752.0
1784426400,0.0001156,0.0001212,0.0001156,0.0001202,874470559.0
1784430000,0.0001199,0.0001199,0.0001162,0.0001169,444710675.0
1784433600,0.0001172,0.0001184,0.0001146,0.0001152,375886506.0
1784437200,0.0001152,0.0001154,0.0001133,0.000115,191525878.0
1784440800,0.000115,0.0001165,0.000115,0.0001157,193977915.0
1784444400,0.0001157,0.0001163,0.000113,0.0001134,295253379.0
1784448000,0.0001132,0.0001137,0.0001125,0.0001127,216481490.0
1784451600,0.0001131,0.0001145,0.0001131,0.0001143,108817881.0
1784455200,0.0001142,0.0001143,0.0001123,0.0001126,364904986.0
1784458800,0.0001129,0.000113,0.0001121,0.0001123,67262413.0
1784462400,0.0001123,0.0001132,0.0001122,0.0001132,47798316.0
1784466000,0.0001132,0.0001135,0.0001125,0.0001131,146200249.0
1784469600,0.0001131,0.0001135,0.0001124,0.0001128,112898366.0
1784473200,0.0001129,0.0001135,0.0001125,0.0001129,116653715.0
1784476800,0.0001129,0.0001132,0.0001122,0.0001126,65828061.0
1784480400,0.0001128,0.0001133,0.0001125,0.000113,51450560.0
1784484000,0.000113,0.000113,0.0001114,0.0001122,84978009.0
1784487600,0.000112,0.0001125,0.000111,0.0001123,102892544.0
1784491200,0.0001123,0.0001134,0.0001123,0.0001129,87513429.0
1784494800,0.0001129,0.0001133,0.0001113,0.000112,73784602.0
1784498400,0.0001124,0.0001129,0.0001119,0.0001123,91007047.0
1784502000,0.000112,0.0001137,0.0001113,0.0001127,119092147.0
1784505600,0.0001127,0.0001144,0.0001121,0.0001131,152159975.0
1784509200,0.0001131,0.0001139,0.0001125,0.0001125,60703347.0
1784512800,0.0001127,0.0001135,0.0001122,0.0001135,67600810.0
1784516400,0.0001131,0.0001131,0.0001126,0.0001127,22174088.0
1784520000,0.0001127,0.0001127,0.0001093,0.0001094,243322743.0
1784523600,0.0001097,0.0001097,0.0001077,0.0001082,374313826.0
1784527200,0.0001082,0.0001089,0.0001077,0.0001082,107816670.0
1784530800,0.0001082,0.000109,0.0001078,0.0001086,103772838.0
1784534400,0.0001086,0.0001086,0.0001076,0.000108,45452916.0
1784538000,0.0001079,0.0001099,0.0001075,0.0001081,132048942.0
1784541600,0.0001084,0.0001094,0.0001084,0.0001091,63562168.0
1784545200,0.000109,0.0001101,0.0001085,0.0001098,51813714.0
1784548800,0.0001098,0.0001099,0.0001085,0.0001097,128855387.0
1784552400,0.0001096,0.0001096,0.0001082,0.0001085,50551591.0
1784556000,0.0001085,0.0001098,0.0001083,0.0001096,97410530.0
1784559600,0.0001098,0.0001125,0.0001098,0.0001122,62105609.0
1784563200,0.0001122,0.000113,0.0001118,0.0001127,107957182.0
1784566800,0.0001128,0.0001135,0.0001123,0.0001132,97178248.0
1784570400,0.000113,0.0001144,0.000113,0.0001132,134070197.0
1784574000,0.0001134,0.0001135,0.0001123,0.0001131,54550860.0
1784577600,0.0001131,0.0001141,0.000113,0.0001139,47745599.0
1784581200,0.0001141,0.0001145,0.0001135,0.0001135,48515942.0
1784584800,0.0001135,0.0001141,0.0001135,0.0001137,155709335.0
1784588400,0.0001138,0.0001143,0.0001136,0.0001141,60188697.0
1784592000,0.000114,0.0001157,0.0001138,0.0001145,220810190.0
1784595600,0.0001145,0.0001145,0.0001131,0.0001133,51968415.0
1784599200,0.0001131,0.0001134,0.0001126,0.0001132,25807481.0
1784602800,0.0001133,0.0001134,0.0001119,0.0001121,199850179.0
1784606400,0.0001122,0.0001124,0.0001117,0.0001117,62461470.0
1784610000,0.0001118,0.0001123,0.0001117,0.000112,56001856.0
